{"type":"FeatureCollection", "features": [
{"type":"Feature","geometry":{"type":"Polygon","coordinates":[[[147.035,-36.115],[147.0485,-36.104],[147.0595,-36.074],[147.0965,-36.0405],[147.078,-35.9985],[147.057,-35.984],[147.0485,-35.947],[147.024,-35.925],[146.969,-35.914],[146.9625,-35.9405],[146.9455,-35.9385],[146.934,-35.964],[146.947,-35.9755],[146.914,-36.0065],[146.8735,-36.018],[146.846,-36.02],[146.8215,-36.0495],[146.8175,-36.0675],[146.826,-36.089],[146.8485,-36.0865],[146.873,-36.0735],[146.9005,-36.083],[146.912,-36.106],[146.9455,-36.1155],[146.9505,-36.0945],[146.9725,-36.082],[147.016,-36.0895],[147.035,-36.115]]]},"properties":{"code":"10050","name":"Albury"}},
{"type":"Feature","geometry":{"type":"Polygon","coordinates":[[[152.4005,-30.501],[152.4085,-30.4885],[152.3945,-30.4795],[152.3895,-30.453],[152.402,-30.435],[152.417,-30.437],[152.428,-30.419],[152.3875,-30.383],[152.382,-30.3625],[152.352,-30.3555],[152.3425,-30.3135],[152.348,-30.2905],[152.3375,-30.2525],[152.3485,-30.234],[152.3105,-30.201],[152.3005,-30.1235],[152.2875,-30.11],[152.2945,-30.0845],[152.297,-30.039],[152.3135,-30.0305],[152.317,-30.0015],[152.305,-29.979],[152.275,-29.9605],[152.272,-29.9415],[152.239,-29.9825],[152.1975,-29.977],[152.1885,-29.946],[152.1295,-29.9575],[152.144,-30.014],[152.1245,-30.0035],[152.0855,-30.0035],[152.0475,-30.0135],[152.02,-30.006],[151.967,-30.0065],[151.9445,-30.016],[151.927,-30.0035],[151.9045,-30.022],[151.8515,-30.0065],[151.6835,-30.0075],[151.66,-30.0005],[151.665,-29.982],[151.627,-29.9705],[151.6195,-29.952],[151.6035,-29.9425],[151.587,-29.941],[151.5355,-29.9615],[151.524,-29.9745],[151.4485,-29.997],[151.4265,-29.988],[151.418,-29.967],[151.398,-29.9545],[151.3715,-29.95],[151.3685,-29.967],[151.3295,-29.9625],[151.3245,-29.991],[151.3045,-30.008],[151.277,-30.0045],[151.2715,-30.033],[151.2545,-30.0485],[151.2645,-30.069],[151.2585,-30.099],[151.272,-30.099],[151.2935,-30.1225],[151.292,-30.1715],[151.317,-30.1655],[151.3195,-30.198],[151.304,-30.265],[151.323,-30.267],[151.3365,-30.2995],[151.324,-30.3365],[151.3465,-30.34],[151.3605,-30.3635],[151.3975,-30.369],[151.404,-30.3865],[151.4515,-30.3945],[151.45,-30.423],[151.4725,-30.437],[151.5285,-30.4415],[151.531,-30.454],[151.5705,-30.482],[151.586,-30.509],[151.58,-30.518],[151.583,-30.5515],[151.638,-30.592],[151.6425,-30.636],[151.6685,-30.654],[151.671,-30.6665],[151.709,-30.6755],[151.7405,-30.6715],[151.77,-30.69],[151.7385,-30.695],[151.72,-30.796],[151.7395,-30.7875],[151.8065,-30.7815],[151.836,-30.786],[151.8485,-30.775],[151.868,-30.78],[151.8915,-30.7675],[151.9395,-30.769],[151.9785,-30.81],[152.0015,-30.811],[152.033,-30.8435],[152.0375,-30.86],[152.0645,-30.8475],[152.1285,-30.8595],[152.1785,-30.911],[152.2955,-30.931],[152.287,-30.9],[152.299,-30.8685],[152.2895,-30.844],[152.3155,-30.794],[152.344,-30.792],[152.352,-30.769],[152.3755,-30.7455],[152.376,-30.732],[152.3585,-30.684],[152.3695,-30.659],[152.3315,-30.6295],[152.3175,-30.5935],[152.336,-30.567],[152.362,-30.5555],[152.386,-30.53],[152.386,-30.505],[152.4005,-30.501]]]},"properties":{"code":"10180","name":"Armidale"}},
{"type":"Feature","geometry":{"type":"Polygon","coordinates":[[[153.436,-29.001],[153.4835,-28.9905],[153.5715,-28.885],[153.5895,-28.874],[153.6055,-28.844],[153.6065,-28.8095],[153.596,-28.8005],[153.596,-28.775],[153.605,-28.7455],[153.596,-28.7445],[153.575,-28.712],[153.5425,-28.7045],[153.5175,-28.7245],[153.4895,-28.7315],[153.472,-28.762],[153.4495,-28.755],[153.438,-28.783],[153.384,-28.797],[153.3965,-28.8365],[153.3805,-28.8515],[153.363,-28.891],[153.3845,-28.916],[153.3755,-28.954],[153.3885,-28.9675],[153.436,-29.001]]]},"properties":{"code":"10250","name":"Ballina"}},
{"type":"Feature","geometry":{"type":"Polygon","coordinates":[[[142.4705,-34.5915],[142.4585,-34.6195],[142.4695,-34.64],[142.474,-34.6715],[142.498,-34.6725],[142.519,-34.704],[142.5015,-34.7335],[142.517,-34.755],[142.596,-34.773],[142.6185,-34.7855],[142.6445,-34.7755],[142.6465,-34.7635],[142.619,-34.7545],[142.6165,-34.738],[142.6635,-34.7225],[142.6795,-34.739],[142.697,-34.72],[142.679,-34.6825],[142.7065,-34.661],[142.6975,-34.6405],[142.7035,-34.5975],[142.7215,-34.5925],[142.746,-34.603],[142.757,-34.5795],[142.788,-34.5585],[142.786,-34.5835],[142.8035,-34.607],[142.8355,-34.611],[142.8615,-34.628],[142.874,-34.6735],[142.893,-34.6795],[142.901,-34.6555],[142.9245,-34.6495],[142.9635,-34.6765],[142.9905,-34.6675],[143.0135,-34.671],[143.037,-34.701],[143.072,-34.6895],[143.09,-34.7015],[143.134,-34.701],[143.1465,-34.7145],[143.1975,-34.728],[143.2735,-34.777],[143.2835,-34.795],[143.3075,-34.78],[143.3515,-34.796],[143.3595,-34.8175],[143.3525,-34.858],[143.3705,-34.8705],[143.399,-34.876],[143.417,-34.894],[143.468,-34.9035],[143.466,-34.9255],[143.489,-34.943],[143.5085,-34.8215],[143.524,-34.783],[143.54,-34.762],[143.5415,-34.7315],[143.575,-34.7355],[143.581,-34.714],[143.6005,-34.6865],[143.6275,-34.6895],[143.639,-34.6155],[143.643,-34.5525],[143.687,-34.51],[143.6875,-34.488],[143.7065,-34.4895],[143.7155,-34.4655],[143.7305,-34.462],[143.7315,-34.4235],[143.782,-34.3785],[143.8085,-34.378],[143.8405,-34.3575],[143.8775,-34.349],[143.8995,-34.3305],[143.9265,-34.3605],[143.9455,-34.357],[144.0355,-34.275],[144.0685,-34.2665],[144.0835,-34.214],[144.1045,-34.2125],[144.1155,-34.1925],[144.156,-34.2075],[144.186,-34.244],[144.216,-34.2515],[144.24,-34.2325],[144.2945,-34.2355],[144.3185,-34.2465],[144.372,-34.2375],[144.3885,-34.223],[144.419,-34.2275],[144.4445,-34.2175],[144.467,-34.222],[144.498,-34.2125],[144.5195,-34.188],[144.548,-34.172],[144.549,-34.1535],[144.5645,-34.1315],[144.5865,-34.12],[144.6265,-34.089],[144.652,-34.081],[144.6725,-34.0845],[144.683,-34.057],[144.651,-34.039],[144.558,-34.0285],[144.5525,-33.9995],[144.568,-33.9495],[144.5785,-33.8865],[144.5425,-33.8825],[144.554,-33.8135],[144.544,-33.8125],[144.5565,-33.7335],[144.513,-33.7285],[144.5315,-33.6105],[144.4475,-33.6015],[144.4605,-33.5165],[144.4315,-33.513],[144.4415,-33.4525],[144.3905,-33.447],[144.3825,-33.4405],[144.3955,-33.3635],[144.365,-33.36],[144.3685,-33.2825],[144.2625,-33.273],[144.278,-33.254],[144.2365,-33.25],[144.2515,-33.155],[143.906,-33.1155],[143.898,-33.1615],[143.839,-33.1545],[143.8165,-33.1375],[143.79,-33.149],[143.721,-33.1405],[143.715,-33.1545],[143.665,-33.179],[143.6375,-33.15],[143.5525,-33.1405],[143.5495,-33.1595],[143.3785,-33.1415],[143.3555,-33.276],[143.308,-33.271],[143.295,-33.3565],[143.2435,-33.3505],[143.211,-33.5685],[143.0395,-33.5505],[143.0045,-33.7815],[142.9925,-33.8535],[142.945,-33.8485],[142.931,-33.935],[142.806,-33.922],[142.7965,-33.983],[142.76,-33.979],[142.7445,-34.082],[142.8325,-34.0915],[142.789,-34.3895],[142.6125,-34.3715],[142.5835,-34.558],[142.487,-34.5935],[142.4705,-34.5915]]]},"properties":{"code":"10300","name":"Balranald"}},
{"type":"Feature","geometry":{"type":"Polygon","coordinates":[[[149.8695,-33.52],[149.8715,-33.509],[149.907,-33.5105],[149.9195,-33.4405],[149.902,-33.438],[149.915,-33.3835],[149.885,-33.3525],[149.8335,-33.3245],[149.8275,-33.3],[149.8365,-33.2575],[149.8215,-33.248],[149.804,-33.207],[149.7805,-33.2085],[149.7545,-33.1775],[149.765,-33.123],[149.772,-33.116],[149.753,-33.103],[149.7105,-33.092],[149.652,-33.066],[149.653,-33.0465],[149.6405,-33.0105],[149.6465,-32.993],[149.6145,-32.995],[149.557,-32.9835],[149.547,-32.977],[149.501,-32.9755],[149.4745,-32.9575],[149.4385,-32.9725],[149.403,-32.976],[149.3625,-33.0205],[149.343,-33.063],[149.323,-33.059],[149.3145,-33.1005],[149.3225,-33.117],[149.317,-33.1465],[149.3505,-33.151],[149.342,-33.2405],[149.314,-33.237],[149.3215,-33.261],[149.311,-33.272],[149.337,-33.328],[149.3195,-33.3425],[149.306,-33.4125],[149.299,-33.4275],[149.3415,-33.4325],[149.3415,-33.4465],[149.3635,-33.453],[149.3695,-33.473],[149.358,-33.521],[149.3635,-33.533],[149.422,-33.5435],[149.406,-33.606],[149.4155,-33.619],[149.4035,-33.674],[149.394,-33.6935],[149.3725,-33.6965],[149.3375,-33.7315],[149.335,-33.745],[149.298,-33.737],[149.2575,-33.7405],[149.234,-33.7605],[149.2195,-33.792],[149.183,-33.802],[149.176,-33.8415],[149.1205,-33.8685],[149.12,-33.888],[149.139,-33.903],[149.155,-33.9285],[149.1405,-33.9455],[149.1525,-33.967],[149.1795,-33.9845],[149.1975,-33.985],[149.217,-33.964],[149.244,-33.97],[149.274,-33.9595],[149.2795,-33.9485],[149.315,-33.9565],[149.348,-33.9535],[149.3945,-33.9975],[149.4055,-33.948],[149.4035,-33.9245],[149.4135,-33.8575],[149.444,-33.844],[149.4835,-33.8465],[149.4795,-33.819],[149.485,-33.7885],[149.502,-33.7535],[149.5275,-33.744],[149.5705,-33.744],[149.584,-33.707],[149.6155,-33.7025],[149.631,-33.667],[149.657,-33.6805],[149.6815,-33.684],[149.7105,-33.6325],[149.708,-33.612],[149.669,-33.6025],[149.657,-33.574],[149.6185,-33.553],[149.629,-33.497],[149.6645,-33.485],[149.678,-33.5],[149.723,-33.5255],[149.7315,-33.5375],[149.7555,-33.5405],[149.7715,-33.5265],[149.791,-33.5465],[149.8695,-33.52]]]},"properties":{"code":"10470","name":"Bathurst"}},
{"type":"Feature","geometry":{"type":"Polygon","coordinates":[[[151.101,-33.9395],[151.119,-33.9695],[151.136,-33.9685],[151.128,-34.006],[151.1495,-33.994],[151.158,-33.959],[151.1985,-33.957],[151.2205,-33.9685],[151.2305,-33.9555],[151.228,-33.925],[151.2145,-33.9245],[151.1795,-33.92],[151.155,-33.926],[151.101,-33.9395]]]},"properties":{"code":"10500","name":"Bayside (NSW)"}},
{"type":"Feature","geometry":{"type":"Polygon","coordinates":[[[150.0835,-36.3635],[150.0645,-36.3505],[150.0385,-36.3515],[150.0055,-36.3655],[149.983,-36.3535],[149.967,-36.3225],[149.944,-36.306],[149.953,-36.269],[149.814,-36.2505],[149.769,-36.2355],[149.74,-36.24],[149.643,-36.195],[149.653,-36.1355],[149.594,-36.1365],[149.5835,-36.1425],[149.57,-36.164],[149.569,-36.2025],[149.5365,-36.2245],[149.564,-36.266],[149.6015,-36.3345],[149.573,-36.358],[149.538,-36.3665],[149.526,-36.4155],[149.4845,-36.43],[149.469,-36.462],[149.4715,-36.505],[149.4555,-36.5295],[149.3965,-36.5515],[149.3855,-36.562],[149.3805,-36.5965],[149.3945,-36.604],[149.41,-36.6425],[149.461,-36.6465],[149.456,-36.686],[149.445,-36.703],[149.4595,-36.7165],[149.4585,-36.7355],[149.4385,-36.757],[149.4415,-36.7805],[149.461,-36.783],[149.4865,-36.8205],[149.51,-36.831],[149.5025,-36.8455],[149.462,-36.8475],[149.3865,-36.8725],[149.3785,-36.893],[149.3825,-36.9395],[149.375,-36.959],[149.3975,-36.9925],[149.417,-37.0095],[149.398,-37.0205],[149.402,-37.1155],[149.3565,-37.263],[149.592,-37.3555],[149.976,-37.505],[149.9755,-37.446],[149.9585,-37.426],[149.95,-37.3745],[149.972,-37.3285],[149.9655,-37.3075],[149.943,-37.2825],[149.966,-37.25],[149.987,-37.24],[150.0265,-37.258],[150.0495,-37.258],[150.021,-37.2185],[150.0045,-37.1415],[149.9875,-37.141],[149.9495,-37.104],[149.9285,-37.111],[149.8745,-37.0965],[149.873,-37.0825],[149.901,-37.0695],[149.9395,-37.039],[149.9445,-37.021],[149.9295,-37.006],[149.931,-36.9645],[149.941,-36.9485],[149.907,-36.936],[149.91,-36.9035],[149.9295,-36.8945],[149.9305,-36.873],[149.9455,-36.852],[149.934,-36.8405],[149.942,-36.808],[149.967,-36.7875],[149.979,-36.7645],[149.983,-36.7015],[150.022,-36.626],[150.055,-36.573],[150.066,-36.5475],[150.057,-36.4805],[150.074,-36.4575],[150.0845,-36.4295],[150.0655,-36.406],[150.0835,-36.3635]]]},"properties":{"code":"10550","name":"Bega Valley"}},
{"type":"Feature","geometry":{"type":"Polygon","coordinates":[[[152.428,-30.419],[152.417,-30.437],[152.402,-30.435],[152.3895,-30.453],[152.3945,-30.4795],[152.4085,-30.4885],[152.498,-30.519],[152.6305,-30.5395],[152.671,-30.537],[152.723,-30.5255],[152.84,-30.5425],[152.8745,-30.5495],[153.004,-30.567],[153.017,-30.565],[153.0295,-30.5465],[153.025,-30.5335],[153.041,-30.475],[153.06,-30.449],[152.994,-30.405],[152.958,-30.389],[152.9655,-30.3485],[152.906,-30.3275],[152.868,-30.3235],[152.8195,-30.3],[152.8335,-30.2725],[152.851,-30.259],[152.8315,-30.2155],[152.8035,-30.1895],[152.755,-30.181],[152.751,-30.1965],[152.693,-30.189],[152.698,-30.2235],[152.6555,-30.2555],[152.626,-30.2585],[152.5865,-30.241],[152.5595,-30.2435],[152.5555,-30.274],[152.526,-30.3115],[152.506,-30.321],[152.475,-30.3565],[152.4785,-30.397],[152.441,-30.399],[152.428,-30.419]]]},"properties":{"code":"10600","name":"Bellingen"}},
{"type":"Feature","geometry":{"type":"Polygon","coordinates":[[[145.343,-35.7115],[145.332,-35.7645],[145.347,-35.7935],[145.3405,-35.8315],[145.36,-35.862],[145.387,-35.85],[145.4105,-35.8485],[145.429,-35.8345],[145.4605,-35.827],[145.4775,-35.811],[145.5125,-35.8125],[145.5325,-35.805],[145.558,-35.8175],[145.5595,-35.8285],[145.5925,-35.849],[145.5955,-35.8705],[145.625,-35.862],[145.6315,-35.887],[145.6575,-35.9005],[145.6855,-35.9305],[145.6975,-35.9245],[145.7445,-35.9635],[145.7785,-35.9605],[145.793,-35.982],[145.8445,-35.983],[145.8705,-35.9555],[145.908,-35.9535],[145.935,-35.972],[145.946,-35.9615],[145.988,-35.7475],[145.9905,-35.7185],[145.974,-35.7045],[145.9915,-35.6835],[146.0075,-35.624],[146.0075,-35.587],[145.969,-35.578],[145.792,-35.5555],[145.7935,-35.5445],[145.738,-35.5375],[145.716,-35.54],[145.4845,-35.512],[145.474,-35.5895],[145.4545,-35.69],[145.4125,-35.7115],[145.393,-35.727],[145.343,-35.7115]]]},"properties":{"code":"10650","name":"Berrigan"}},
{"type":"Feature","geometry":{"type":"Polygon","coordinates":[[[150.909,-33.8255],[150.916,-33.8055],[150.9345,-33.806],[150.9505,-33.785],[150.959,-33.7685],[150.9275,-33.697],[150.9095,-33.674],[150.874,-33.6565],[150.8585,-33.6465],[150.8135,-33.6675],[150.8125,-33.6775],[150.766,-33.706],[150.7595,-33.73],[150.7825,-33.74],[150.812,-33.7905],[150.813,-33.8225],[150.8565,-33.821],[150.8915,-33.831],[150.909,-33.8255]]]},"properties":{"code":"10750","name":"Blacktown"}},
{"type":"Feature","geometry":{"type":"Polygon","coordinates":[[[146.4645,-34.0965],[146.458,-34.133],[146.6355,-34.151],[146.624,-34.2245],[146.729,-34.237],[146.7185,-34.298],[146.823,-34.311],[146.825,-34.299],[146.9115,-34.3095],[146.9345,-34.2935],[146.992,-34.3045],[147.048,-34.2965],[147.1075,-34.317],[147.12,-34.312],[147.1295,-34.2765],[147.255,-34.2915],[147.265,-34.2355],[147.297,-34.2545],[147.3015,-34.2285],[147.2845,-34.2205],[147.301,-34.176],[147.391,-34.1875],[147.389,-34.198],[147.4705,-34.2085],[147.4885,-34.1165],[147.496,-34.107],[147.584,-34.118],[147.5805,-34.138],[147.63,-34.144],[147.633,-34.1295],[147.6655,-34.13],[147.7135,-34.1615],[147.744,-34.141],[147.759,-34.1425],[147.767,-34.1315],[147.772,-34.084],[147.784,-34.0695],[147.757,-34.059],[147.7325,-33.9835],[147.727,-33.9545],[147.6965,-33.9265],[147.5585,-33.909],[147.545,-33.8985],[147.541,-33.8575],[147.55,-33.821],[147.5335,-33.8025],[147.5075,-33.7225],[147.5115,-33.7055],[147.482,-33.7035],[147.472,-33.6865],[147.417,-33.532],[147.4035,-33.5275],[147.3585,-33.5255],[147.3425,-33.535],[147.339,-33.5565],[147.3205,-33.568],[147.278,-33.563],[147.276,-33.575],[147.246,-33.572],[147.243,-33.592],[147.1085,-33.5755],[147.1045,-33.5775],[146.9865,-33.564],[146.9885,-33.552],[146.831,-33.5325],[146.8215,-33.5375],[146.809,-33.607],[146.4455,-33.564],[146.441,-33.521],[146.2265,-33.574],[146.095,-33.603],[146.0705,-33.7535],[146.317,-33.7805],[146.437,-33.7945],[146.4175,-33.9105],[146.493,-33.9195],[146.4645,-34.0965]]]},"properties":{"code":"10800","name":"Bland"}},
{"type":"Feature","geometry":{"type":"Polygon","coordinates":[[[149.2575,-33.7405],[149.298,-33.737],[149.335,-33.745],[149.3375,-33.7315],[149.3725,-33.6965],[149.394,-33.6935],[149.4035,-33.674],[149.4155,-33.619],[149.406,-33.606],[149.422,-33.5435],[149.3635,-33.533],[149.358,-33.521],[149.3695,-33.473],[149.3635,-33.453],[149.324,-33.4535],[149.2385,-33.4415],[149.2345,-33.4275],[149.216,-33.437],[149.171,-33.4325],[149.066,-33.4205],[149.051,-33.464],[148.992,-33.456],[148.9335,-33.444],[148.915,-33.45],[148.8555,-33.5605],[148.839,-33.5685],[148.882,-33.583],[148.8995,-33.579],[148.9225,-33.5995],[148.9075,-33.673],[148.961,-33.6955],[148.9625,-33.708],[148.9935,-33.7205],[148.9745,-33.7565],[148.989,-33.781],[149.01,-33.784],[149.0415,-33.8095],[149.0645,-33.8125],[149.067,-33.79],[149.0915,-33.7935],[149.0915,-33.7655],[149.13,-33.7645],[149.1495,-33.7305],[149.172,-33.7265],[149.2575,-33.7405]]]},"properties":{"code":"10850","name":"Blayney"}},
{"type":"Feature","geometry":{"type":"Polygon","coordinates":[[[150.5495,-33.3685],[150.5155,-33.3775],[150.49,-33.3775],[150.476,-33.3995],[150.473,-33.4385],[150.451,-33.459],[150.4475,-33.4815],[150.4025,-33.477],[150.364,-33.489],[150.3355,-33.512],[150.3145,-33.5045],[150.257,-33.4945],[150.2505,-33.558],[150.226,-33.5605],[150.237,-33.5935],[150.2665,-33.6225],[150.262,-33.6415],[150.2405,-33.6385],[150.229,-33.676],[150.215,-33.675],[150.2075,-33.7085],[150.2125,-33.721],[150.18,-33.746],[150.1955,-33.7665],[150.172,-33.788],[150.1805,-33.806],[150.1695,-33.8255],[150.1855,-33.838],[150.1705,-33.8725],[150.185,-33.8805],[150.2365,-33.8835],[150.2795,-33.851],[150.3015,-33.8455],[150.3285,-33.857],[150.3595,-33.8365],[150.365,-33.802],[150.4165,-33.8085],[150.4055,-33.863],[150.4285,-33.8845],[150.468,-33.8995],[150.4935,-33.881],[150.5015,-33.865],[150.5295,-33.8765],[150.5425,-33.8955],[150.5675,-33.8755],[150.5855,-33.876],[150.611,-33.8585],[150.588,-33.845],[150.6,-33.826],[150.6195,-33.814],[150.6405,-33.782],[150.644,-33.721],[150.658,-33.7135],[150.659,-33.6855],[150.6575,-33.6615],[150.606,-33.6625],[150.616,-33.614],[150.562,-33.609],[150.5625,-33.5715],[150.5445,-33.5575],[150.511,-33.583],[150.468,-33.5805],[150.4505,-33.574],[150.4355,-33.5485],[150.4475,-33.5115],[150.4865,-33.485],[150.4855,-33.444],[150.5215,-33.394],[150.5495,-33.3685]]]},"properties":{"code":"10900","name":"Blue Mountains"}},
{"type":"Feature","geometry":{"type":"Polygon","coordinates":[[[146.528,-32.3685],[146.568,-32.3715],[146.602,-32.365],[146.6375,-32.3505],[146.656,-32.336],[146.676,-32.333],[146.6865,-32.359],[146.708,-32.3715],[146.721,-32.3955],[146.748,-32.4155],[146.766,-32.416],[146.78,-32.4385],[146.807,-32.4475],[146.87,-32.4055],[146.7665,-32.29],[146.8955,-32.2105],[146.898,-32.205],[146.9965,-32.317],[147.001,-32.2875],[147.045,-32.293],[147.048,-32.2745],[147.0685,-32.277],[147.143,-32.2275],[147.071,-32.1515],[147.1935,-32.0695],[147.1985,-32.1105],[147.266,-32.0665],[147.293,-31.995],[147.3285,-31.995],[147.388,-31.9505],[147.3695,-31.931],[147.472,-31.8655],[147.4845,-31.86],[147.44,-31.821],[147.4205,-31.8475],[147.341,-31.8105],[147.347,-31.785],[147.373,-31.7395],[147.3875,-31.73],[147.4185,-31.655],[147.4335,-31.586],[147.482,-31.5225],[147.4595,-31.4955],[147.5055,-31.466],[147.521,-31.444],[147.485,-31.384],[147.46,-31.357],[147.5065,-31.333],[147.49,-31.3095],[147.4185,-31.2425],[147.42,-31.2295],[147.389,-31.206],[147.38,-31.172],[147.3645,-31.156],[147.2995,-31.1925],[147.3025,-31.171],[147.1975,-31.078],[147.2675,-31.033],[147.2135,-30.9755],[147.1575,-30.9025],[147.1505,-30.8305],[147.158,-30.82],[147.118,-30.826],[147.1155,-30.836],[147.0805,-30.856],[147.054,-30.8535],[147.0685,-30.8195],[147.054,-30.8],[147.0505,-30.7695],[147.0255,-30.762],[147.0085,-30.7375],[147.008,-30.7155],[146.903,-30.7375],[146.9525,-30.7925],[146.8905,-30.8045],[146.878,-30.79],[146.72,-30.819],[146.717,-30.837],[146.6755,-30.827],[146.6255,-30.8365],[146.642,-30.8645],[146.6545,-30.8625],[146.662,-30.8915],[146.608,-30.902],[146.4315,-30.693],[146.3195,-30.714],[146.4055,-30.802],[146.3605,-30.8245],[146.3455,-30.853],[146.3675,-30.871],[146.416,-30.9485],[146.438,-30.9605],[146.35,-31.004],[146.285,-31.032],[146.317,-31.0805],[146.3315,-31.0735],[146.3635,-31.1225],[146.3145,-31.152],[146.342,-31.187],[146.366,-31.2295],[146.4665,-31.18],[146.5485,-31.302],[146.3545,-31.533],[146.3195,-31.5725],[146.37,-31.768],[146.4565,-32.106],[146.528,-32.3685]]]},"properties":{"code":"10950","name":"Bogan"}},
{"type":"Feature","geometry":{"type":"Polygon","coordinates":[[[144.1975,-30.372],[144.4235,-30.6225],[144.595,-30.8125],[144.59,-30.8155],[144.6615,-30.895],[144.6895,-30.8915],[144.6995,-30.868],[144.8145,-30.993],[144.912,-30.925],[144.9225,-30.937],[144.98,-30.894],[145.0095,-30.926],[145.065,-30.8895],[145.0875,-30.914],[145.126,-30.891],[145.0635,-30.7985],[145.2285,-30.7315],[145.2455,-30.765],[145.384,-30.697],[145.468,-30.8225],[145.4635,-30.8245],[145.5645,-30.98],[145.6075,-30.959],[145.576,-30.911],[145.6635,-30.864],[145.6695,-30.844],[145.661,-30.831],[145.7345,-30.7955],[145.779,-30.8625],[145.8485,-30.829],[145.9125,-30.7935],[145.918,-30.784],[145.888,-30.742],[145.9095,-30.741],[145.969,-30.712],[145.9925,-30.748],[146.0705,-30.7095],[146.057,-30.6895],[146.125,-30.656],[146.1795,-30.7395],[146.2325,-30.8275],[146.302,-30.791],[146.3455,-30.853],[146.3605,-30.8245],[146.4055,-30.802],[146.3195,-30.714],[146.4315,-30.693],[146.4615,-30.6875],[146.438,-30.6025],[146.424,-30.6055],[146.378,-30.4155],[146.4045,-30.4185],[146.417,-30.356],[146.3545,-30.3495],[146.3715,-30.336],[146.3805,-30.2795],[146.374,-30.273],[146.427,-30.1815],[146.4185,-30.162],[146.366,-30.139],[146.4435,-30.0065],[146.457,-30.0075],[146.466,-29.9315],[146.452,-29.9265],[146.458,-29.904],[146.451,-29.842],[146.481,-29.8125],[146.4875,-29.7945],[146.504,-29.791],[146.5265,-29.769],[146.5585,-29.754],[146.6135,-29.7095],[146.6575,-29.68],[146.639,-29.6325],[146.6285,-29.6235],[146.5825,-29.649],[146.464,-29.5355],[146.4855,-29.493],[146.523,-29.381],[146.4205,-29.3815],[146.42,-29.236],[146.3505,-29.236],[146.3495,-29.0905],[146.375,-29.0905],[146.3755,-28.999],[145.9165,-28.999],[144.4805,-28.999],[144.393,-28.999],[144.3685,-29.031],[144.356,-29.073],[144.3695,-29.103],[144.395,-29.1115],[144.4405,-29.104],[144.4475,-29.1215],[144.479,-29.1515],[144.4795,-29.179],[144.4615,-29.219],[144.469,-29.232],[144.4505,-29.2455],[144.4495,-29.2655],[144.417,-29.2875],[144.404,-29.3175],[144.424,-29.3655],[144.413,-29.428],[144.3775,-29.473],[144.373,-29.4855],[144.335,-29.5095],[144.287,-29.566],[144.243,-29.591],[144.224,-29.629],[144.2065,-29.634],[144.195,-29.658],[144.1655,-29.691],[144.1355,-29.707],[144.146,-29.716],[144.1315,-29.734],[144.1415,-29.7555],[144.139,-29.7755],[144.1185,-29.7915],[144.112,-29.82],[144.1355,-29.84],[144.145,-29.8985],[144.129,-29.947],[144.133,-29.986],[144.1175,-30.015],[144.0965,-30.04],[144.0695,-30.047],[144.0655,-30.0625],[144.2345,-30.08],[144.21,-30.24],[144.345,-30.254],[144.1875,-30.3605],[144.1975,-30.372]]]},"properties":{"code":"11150","name":"Bourke"}},
{"type":"Feature","geometry":{"type":"Polygon","coordinates":[[[146.4315,-30.693],[146.608,-30.902],[146.662,-30.8915],[146.6545,-30.8625],[146.642,-30.8645],[146.6255,-30.8365],[146.6755,-30.827],[146.717,-30.837],[146.72,-30.819],[146.878,-30.79],[146.8905,-30.8045],[146.9525,-30.7925],[146.903,-30.7375],[147.008,-30.7155],[147.0085,-30.7375],[147.0255,-30.762],[147.0505,-30.7695],[147.054,-30.8],[147.0685,-30.8195],[147.054,-30.8535],[147.0805,-30.856],[147.1155,-30.836],[147.118,-30.826],[147.158,-30.82],[147.2405,-30.829],[147.254,-30.814],[147.2525,-30.7795],[147.237,-30.749],[147.2075,-30.718],[147.2165,-30.668],[147.205,-30.6545],[147.2035,-30.611],[147.119,-30.6015],[147.0995,-30.5335],[147.1885,-30.5395],[147.1685,-30.448],[147.1775,-30.403],[147.1925,-30.341],[147.2115,-30.304],[147.209,-30.2875],[147.2285,-30.241],[147.2395,-30.233],[147.2335,-30.1965],[147.2455,-30.1785],[147.2505,-30.13],[147.268,-30.1245],[147.287,-30.135],[147.3055,-30.1225],[147.353,-30.1305],[147.378,-30.143],[147.4185,-30.116],[147.389,-30.1065],[147.404,-30],[147.411,-29.9745],[147.4755,-29.9815],[147.491,-29.904],[147.494,-29.853],[147.4405,-29.8475],[147.4005,-29.7925],[147.381,-29.7825],[147.3925,-29.767],[147.4275,-29.763],[147.406,-29.723],[147.3795,-29.7165],[147.35,-29.6935],[147.3535,-29.6735],[147.37,-29.67],[147.414,-29.6015],[147.409,-29.576],[147.4275,-29.5525],[147.436,-29.529],[147.478,-29.506],[147.487,-29.481],[147.5205,-29.4515],[147.551,-29.439],[147.5515,-29.4195],[147.5685,-29.3995],[147.577,-29.376],[147.639,-29.3495],[147.679,-29.3425],[147.685,-29.3225],[147.709,-29.2945],[147.736,-29.276],[147.756,-29.289],[147.775,-29.2695],[147.814,-29.2455],[147.8405,-29.202],[147.8285,-29.183],[147.8525,-29.1595],[147.8865,-29.1125],[147.9195,-29.115],[147.932,-29.0455],[147.9455,-28.999],[147.7185,-28.999],[146.945,-28.999],[146.577,-28.999],[146.3755,-28.999],[146.375,-29.0905],[146.3495,-29.0905],[146.3505,-29.236],[146.42,-29.236],[146.4205,-29.3815],[146.523,-29.381],[146.4855,-29.493],[146.464,-29.5355],[146.5825,-29.649],[146.6285,-29.6235],[146.639,-29.6325],[146.6575,-29.68],[146.6135,-29.7095],[146.5585,-29.754],[146.5265,-29.769],[146.504,-29.791],[146.4875,-29.7945],[146.481,-29.8125],[146.451,-29.842],[146.458,-29.904],[146.452,-29.9265],[146.466,-29.9315],[146.457,-30.0075],[146.4435,-30.0065],[146.366,-30.139],[146.4185,-30.162],[146.427,-30.1815],[146.374,-30.273],[146.3805,-30.2795],[146.3715,-30.336],[146.3545,-30.3495],[146.417,-30.356],[146.4045,-30.4185],[146.378,-30.4155],[146.424,-30.6055],[146.438,-30.6025],[146.4615,-30.6875],[146.4315,-30.693]]]},"properties":{"code":"11200","name":"Brewarrina"}},
{"type":"Feature","geometry":{"type":"Polygon","coordinates":[[[141.414,-31.939],[141.413,-31.972],[141.393,-31.98],[141.412,-32.0025],[141.5425,-32.0025],[141.5455,-31.925],[141.5585,-31.884],[141.4125,-31.8865],[141.414,-31.939]]]},"properties":{"code":"11250","name":"Broken Hill"}},
{"type":"Feature","geometry":{"type":"Polygon","coordinates":[[[151.089,-33.9],[151.1125,-33.8945],[151.1195,-33.871],[151.0945,-33.872],[151.089,-33.9]]]},"properties":{"code":"11300","name":"Burwood"}},
{"type":"Feature","geometry":{"type":"Polygon","coordinates":[[[153.3285,-28.541],[153.352,-28.5675],[153.379,-28.5825],[153.373,-28.614],[153.4125,-28.6185],[153.4155,-28.648],[153.4295,-28.6635],[153.42,-28.6955],[153.408,-28.6925],[153.407,-28.743],[153.4285,-28.7415],[153.4495,-28.755],[153.472,-28.762],[153.4895,-28.7315],[153.5175,-28.7245],[153.5425,-28.7045],[153.575,-28.712],[153.596,-28.7445],[153.605,-28.7455],[153.619,-28.7225],[153.6135,-28.697],[153.63,-28.6495],[153.5905,-28.6235],[153.571,-28.595],[153.553,-28.528],[153.553,-28.477],[153.5315,-28.4675],[153.4865,-28.465],[153.4845,-28.4765],[153.45,-28.4755],[153.42,-28.467],[153.4045,-28.4755],[153.3735,-28.472],[153.3665,-28.5035],[153.3285,-28.541]]]},"properties":{"code":"11350","name":"Byron"}},
{"type":"Feature","geometry":{"type":"Polygon","coordinates":[[[148.43,-33.216],[148.4315,-33.2325],[148.4015,-33.2595],[148.402,-33.3],[148.413,-33.314],[148.3865,-33.3565],[148.4145,-33.3705],[148.3875,-33.4135],[148.3445,-33.4295],[148.36,-33.4465],[148.3135,-33.453],[148.2905,-33.492],[148.315,-33.5],[148.329,-33.4905],[148.352,-33.4945],[148.357,-33.5105],[148.393,-33.5185],[148.4,-33.535],[148.389,-33.58],[148.414,-33.6045],[148.447,-33.614],[148.4795,-33.6],[148.4835,-33.5815],[148.524,-33.5775],[148.543,-33.6],[148.558,-33.603],[148.595,-33.5915],[148.621,-33.5915],[148.636,-33.567],[148.676,-33.5805],[148.712,-33.5735],[148.739,-33.538],[148.776,-33.5255],[148.788,-33.5295],[148.823,-33.5655],[148.839,-33.5685],[148.8555,-33.5605],[148.915,-33.45],[148.9335,-33.444],[148.992,-33.456],[149.051,-33.464],[149.066,-33.4205],[149.171,-33.4325],[149.1515,-33.394],[149.095,-33.394],[149.0415,-33.3825],[149.0205,-33.3605],[149.0505,-33.284],[149.0325,-33.2735],[149.044,-33.232],[149.055,-33.225],[149.088,-33.2295],[149.092,-33.2175],[149.166,-33.2285],[149.1695,-33.241],[149.161,-33.2845],[149.1885,-33.303],[149.181,-33.338],[149.2075,-33.3745],[149.232,-33.382],[149.2265,-33.411],[149.2345,-33.4275],[149.2385,-33.4415],[149.324,-33.4535],[149.3635,-33.453],[149.3415,-33.4465],[149.3415,-33.4325],[149.299,-33.4275],[149.306,-33.4125],[149.3195,-33.3425],[149.337,-33.328],[149.311,-33.272],[149.3215,-33.261],[149.314,-33.237],[149.342,-33.2405],[149.3505,-33.151],[149.317,-33.1465],[149.3225,-33.117],[149.3145,-33.1005],[149.323,-33.059],[149.299,-33.061],[149.274,-33.044],[149.282,-33.0165],[149.2495,-33.013],[149.233,-32.9985],[149.224,-33.02],[149.1905,-33.038],[149.168,-33.0345],[149.1715,-33.0165],[149.1495,-33.001],[149.1185,-33.0235],[149.1285,-33.037],[149.128,-33.0605],[149.101,-33.0575],[149.0875,-33.042],[149.0605,-33.035],[149.0325,-33.044],[149.014,-33.041],[149.0205,-32.968],[148.985,-32.9625],[148.9705,-32.942],[148.9555,-32.902],[148.9425,-32.892],[148.9075,-32.9075],[148.886,-32.896],[148.8615,-32.8965],[148.8585,-32.8785],[148.833,-32.871],[148.8085,-32.8795],[148.781,-32.8295],[148.7385,-32.8085],[148.7165,-32.7925],[148.7115,-32.772],[148.6915,-32.7695],[148.684,-32.752],[148.6445,-32.7365],[148.648,-32.7105],[148.67,-32.6985],[148.691,-32.666],[148.68,-32.643],[148.6355,-32.64],[148.605,-32.652],[148.501,-32.614],[148.4755,-32.628],[148.4595,-32.6075],[148.4355,-32.6205],[148.405,-32.6235],[148.3915,-32.622],[148.3495,-32.637],[148.347,-32.676],[148.3295,-32.701],[148.3355,-32.7815],[148.3285,-32.7985],[148.378,-32.833],[148.3835,-32.852],[148.382,-32.9345],[148.372,-32.9715],[148.3995,-32.959],[148.43,-32.97],[148.465,-33.0145],[148.481,-33.0165],[148.5035,-33.047],[148.498,-33.102],[148.4865,-33.123],[148.5025,-33.1405],[148.5055,-33.166],[148.496,-33.191],[148.4665,-33.209],[148.4315,-33.2],[148.43,-33.216]]]},"properties":{"code":"11400","name":"Cabonne"}},
{"type":"Feature","geometry":{"type":"Polygon","coordinates":[[[150.6295,-33.957],[150.6295,-33.973],[150.67,-33.9915],[150.651,-34.007],[150.672,-34.029],[150.649,-34.082],[150.7095,-34.0935],[150.716,-34.0785],[150.742,-34.0805],[150.7665,-34.078],[150.7925,-34.036],[150.794,-34.008],[150.815,-33.968],[150.8225,-33.952],[150.7255,-33.939],[150.6655,-33.9475],[150.6295,-33.957]]]},"properties":{"code":"11450","name":"Camden"}},
{"type":"Feature","geometry":{"type":"Polygon","coordinates":[[[150.8995,-34.1895],[150.9225,-34.13],[150.9365,-34.095],[150.9345,-34.059],[150.941,-34.04],[150.8865,-34.032],[150.9015,-34.007],[150.913,-33.965],[150.887,-33.958],[150.8445,-33.9845],[150.815,-33.968],[150.794,-34.008],[150.7925,-34.036],[150.7665,-34.078],[150.742,-34.0805],[150.737,-34.113],[150.7525,-34.117],[150.752,-34.164],[150.841,-34.1765],[150.8995,-34.1895]]]},"properties":{"code":"11500","name":"Campbelltown (NSW)"}},
{"type":"Feature","geometry":{"type":"Polygon","coordinates":[[[151.0945,-33.872],[151.1195,-33.871],[151.142,-33.8705],[151.1635,-33.8545],[151.15,-33.843],[151.119,-33.851],[151.1115,-33.838],[151.0805,-33.8395],[151.0815,-33.85],[151.0945,-33.872]]]},"properties":{"code":"11520","name":"Canada Bay"}},
{"type":"Feature","geometry":{"type":"Polygon","coordinates":[[[150.9905,-33.864],[150.9685,-33.8965],[150.9735,-33.91],[150.979,-33.928],[150.966,-33.9435],[150.994,-33.9715],[151.0155,-33.982],[151.0385,-33.9745],[151.0445,-33.9475],[151.059,-33.9505],[151.101,-33.9395],[151.155,-33.926],[151.1125,-33.8945],[151.089,-33.9],[151.0645,-33.908],[151.0585,-33.8845],[151.029,-33.8875],[150.9905,-33.864]]]},"properties":{"code":"11570","name":"Canterbury-Bankstown"}},
{"type":"Feature","geometry":{"type":"Polygon","coordinates":[[[144.3685,-33.2825],[144.365,-33.36],[144.3955,-33.3635],[144.3825,-33.4405],[144.3905,-33.447],[144.4415,-33.4525],[144.4315,-33.513],[144.4605,-33.5165],[144.5445,-33.5255],[144.5525,-33.488],[144.6175,-33.498],[144.6145,-33.512],[144.7275,-33.525],[144.703,-33.508],[144.706,-33.4845],[144.6915,-33.4625],[144.808,-33.475],[144.802,-33.5125],[144.834,-33.5055],[144.8095,-33.6575],[144.812,-33.684],[144.896,-33.7115],[144.9345,-33.716],[144.9275,-33.7535],[144.9635,-33.7575],[144.996,-33.7395],[145.037,-33.7355],[145.06,-33.7215],[145.102,-33.7235],[145.122,-33.7115],[145.1545,-33.717],[145.1755,-33.699],[145.1625,-33.7715],[145.2145,-33.826],[145.0345,-33.94],[145.1345,-34.0495],[145.124,-34.0765],[145.1625,-34.081],[145.249,-34.1765],[145.2595,-34.1805],[145.2065,-34.489],[145.2405,-34.506],[145.2545,-34.4815],[145.3015,-34.468],[145.316,-34.4755],[145.3615,-34.45],[145.391,-34.4665],[145.4045,-34.451],[145.4325,-34.4395],[145.4395,-34.4515],[145.4715,-34.4545],[145.489,-34.4395],[145.557,-34.4425],[145.572,-34.458],[145.613,-34.455],[145.6255,-34.4705],[145.646,-34.474],[145.663,-34.4645],[145.696,-34.469],[145.684,-34.4945],[145.6995,-34.519],[145.726,-34.5285],[145.7495,-34.5275],[145.772,-34.547],[145.8,-34.5585],[145.825,-34.552],[145.849,-34.5775],[145.869,-34.5745],[145.883,-34.559],[145.917,-34.553],[145.9325,-34.563],[145.9495,-34.553],[145.9665,-34.453],[145.89,-34.439],[145.8265,-34.441],[145.82,-34.4165],[145.833,-34.3455],[145.766,-34.3375],[145.761,-34.3665],[145.735,-34.3635],[145.776,-34.116],[145.795,-34.099],[146.025,-34.127],[146.0445,-34.141],[146.0825,-34.1455],[146.076,-34.1245],[146.1535,-34.134],[146.1505,-34.151],[146.18,-34.1545],[146.1765,-34.1765],[146.247,-34.181],[146.234,-34.2525],[146.305,-34.2605],[146.3285,-34.2635],[146.3595,-34.0835],[146.4645,-34.0965],[146.493,-33.9195],[146.4175,-33.9105],[146.437,-33.7945],[146.317,-33.7805],[146.0705,-33.7535],[146.095,-33.603],[146.054,-33.476],[146.067,-33.371],[146.0755,-33.3395],[146.091,-33.319],[146.0815,-33.309],[146.095,-33.276],[146.059,-33.212],[146.0935,-33.189],[146.0315,-33.0935],[145.871,-33.0865],[145.6455,-33.0805],[145.6685,-32.936],[145.652,-32.9355],[145.672,-32.8055],[145.5865,-32.796],[145.5955,-32.738],[145.5565,-32.7335],[145.5525,-32.756],[145.5605,-32.7815],[145.5045,-32.77],[145.5105,-32.728],[145.4675,-32.7225],[145.415,-32.7615],[145.4125,-32.776],[145.3305,-32.7665],[145.3445,-32.6825],[145.2575,-32.6715],[145.2495,-32.7245],[145.165,-32.715],[145.1595,-32.747],[145.1275,-32.9545],[145.119,-32.9535],[145.1075,-33.0335],[145.0275,-33.022],[144.9915,-33.0335],[144.9795,-33.084],[144.909,-33.0745],[144.913,-33.049],[144.798,-33.036],[144.778,-33.1635],[144.76,-33.157],[144.742,-33.1735],[144.7335,-33.2315],[144.6455,-33.2225],[144.6425,-33.241],[144.612,-33.238],[144.6095,-33.2565],[144.5775,-33.2885],[144.549,-33.2855],[144.547,-33.3],[144.491,-33.293],[144.3685,-33.2825]]]},"properties":{"code":"11600","name":"Carrathool"}},
{"type":"Feature","geometry":{"type":"Polygon","coordinates":[[[151.3315,-33.062],[151.306,-33.044],[151.297,-33.0545],[151.2665,-33.0585],[151.26,-33.1005],[151.251,-33.1],[151.2025,-33.139],[151.1355,-33.1105],[151.1075,-33.128],[151.0995,-33.1445],[151.0985,-33.2205],[151.107,-33.2315],[151.09,-33.2685],[151.095,-33.303],[151.0895,-33.3275],[151.0645,-33.342],[151.0185,-33.3535],[150.9995,-33.351],[150.9885,-33.379],[150.989,-33.3795],[150.9935,-33.3975],[151.0325,-33.4065],[151.0325,-33.4275],[151.062,-33.442],[151.0685,-33.46],[151.091,-33.476],[151.113,-33.4645],[151.121,-33.4625],[151.136,-33.4695],[151.1455,-33.4545],[151.166,-33.4665],[151.1535,-33.4865],[151.21,-33.521],[151.241,-33.523],[151.2705,-33.5535],[151.302,-33.557],[151.319,-33.526],[151.3485,-33.5115],[151.3135,-33.46],[151.332,-33.4365],[151.36,-33.4385],[151.3415,-33.4805],[151.3585,-33.5145],[151.353,-33.537],[151.3915,-33.523],[151.4215,-33.5185],[151.4255,-33.5005],[151.444,-33.4905],[151.4405,-33.458],[151.447,-33.4315],[151.487,-33.393],[151.4895,-33.3715],[151.505,-33.354],[151.499,-33.339],[151.469,-33.3655],[151.439,-33.341],[151.449,-33.32],[151.4415,-33.307],[151.4865,-33.282],[151.497,-33.2625],[151.519,-33.2615],[151.5075,-33.2235],[151.5315,-33.2365],[151.55,-33.2335],[151.5635,-33.2075],[151.5815,-33.212],[151.539,-33.2615],[151.5455,-33.2755],[151.522,-33.3015],[151.5705,-33.2895],[151.562,-33.263],[151.572,-33.2365],[151.622,-33.1975],[151.6305,-33.177],[151.597,-33.172],[151.596,-33.1615],[151.5845,-33.1265],[151.527,-33.1565],[151.5275,-33.18],[151.512,-33.1945],[151.4905,-33.187],[151.455,-33.203],[151.3985,-33.1855],[151.4005,-33.176],[151.383,-33.1385],[151.379,-33.0995],[151.333,-33.0695],[151.3315,-33.062]]]},"properties":{"code":"11650","name":"Central Coast (NSW)"}},
{"type":"Feature","geometry":{"type":"Polygon","coordinates":[[[142.3765,-32.9735],[142.428,-32.979],[142.4245,-33.005],[142.548,-33.017],[142.55,-32.9915],[142.5155,-32.8475],[142.9445,-32.8905],[142.9645,-32.7485],[143.271,-32.78],[143.2695,-32.7915],[143.4325,-32.8085],[143.417,-32.9075],[143.4995,-32.9185],[143.506,-32.876],[143.592,-32.885],[143.585,-32.931],[143.672,-32.941],[143.6615,-32.9555],[143.6535,-33.0125],[143.603,-33.007],[143.573,-33.0125],[143.5525,-33.1405],[143.6375,-33.15],[143.665,-33.179],[143.715,-33.1545],[143.721,-33.1405],[143.79,-33.149],[143.8165,-33.1375],[143.839,-33.1545],[143.898,-33.1615],[143.906,-33.1155],[144.2515,-33.155],[144.2365,-33.25],[144.278,-33.254],[144.2625,-33.273],[144.3685,-33.2825],[144.491,-33.293],[144.547,-33.3],[144.549,-33.2855],[144.5775,-33.2885],[144.6095,-33.2565],[144.612,-33.238],[144.6425,-33.241],[144.6455,-33.2225],[144.7335,-33.2315],[144.742,-33.1735],[144.76,-33.157],[144.778,-33.1635],[144.798,-33.036],[144.913,-33.049],[144.909,-33.0745],[144.9795,-33.084],[144.9915,-33.0335],[145.0275,-33.022],[145.1075,-33.0335],[145.119,-32.9535],[145.1275,-32.9545],[145.1595,-32.747],[144.958,-32.7235],[144.9885,-32.5285],[144.948,-32.5235],[144.8915,-32.56],[144.876,-32.543],[144.859,-32.5535],[144.817,-32.5075],[144.6645,-32.4905],[144.6745,-32.4255],[144.5985,-32.4635],[144.5845,-32.435],[144.5005,-32.346],[144.4375,-32.275],[144.379,-32.314],[144.276,-32.198],[144.316,-32.1725],[144.2125,-32.0575],[144.1435,-32.102],[144.038,-31.9865],[144.108,-31.941],[144.1525,-31.9905],[144.215,-31.9485],[144.228,-31.963],[144.301,-31.9155],[144.243,-31.8525],[144.5135,-31.675],[144.4095,-31.5595],[144.327,-31.6135],[144.123,-31.392],[144.036,-31.296],[144.044,-31.281],[144.017,-31.231],[144.046,-31.201],[144.0675,-31.1895],[144.0975,-31.194],[144.11,-31.1695],[144.1335,-31.161],[144.138,-31.144],[144.179,-31.1195],[144.194,-31.125],[144.226,-31.109],[144.2415,-31.09],[144.2335,-31.0805],[144.255,-31.0595],[144.3325,-31.08],[144.348,-31.053],[144.379,-31.028],[144.362,-31.012],[144.3785,-30.9935],[144.3845,-30.96],[144.41,-30.958],[144.4195,-30.936],[144.434,-30.939],[144.458,-30.919],[144.4735,-30.919],[144.5285,-30.9],[144.597,-30.9085],[144.6205,-30.897],[144.6615,-30.895],[144.59,-30.8155],[144.595,-30.8125],[144.4235,-30.6225],[144.1975,-30.372],[144.126,-30.424],[144.0925,-30.3865],[144.1135,-30.332],[144.027,-30.3245],[144.0395,-30.2815],[143.941,-30.273],[143.942,-30.2895],[143.509,-30.2425],[143.4975,-30.323],[143.292,-30.302],[143.29,-30.314],[143.0205,-30.316],[143.021,-30.463],[142.8535,-30.4635],[142.8535,-30.605],[142.7635,-30.605],[142.764,-30.7135],[142.7395,-30.7135],[142.7395,-30.975],[142.741,-31.005],[142.5855,-31.004],[142.585,-31.0705],[142.7555,-31.07],[142.756,-31.3355],[142.726,-31.336],[142.7265,-31.5145],[142.8235,-31.5895],[142.7865,-31.615],[142.8135,-31.636],[142.83,-31.638],[142.8255,-31.671],[142.8915,-31.7325],[142.821,-31.7945],[142.8575,-31.8235],[142.81,-31.8695],[142.7465,-31.821],[142.7275,-31.824],[142.68,-31.857],[142.694,-31.868],[142.521,-32.0025],[142.5255,-32.0065],[142.372,-32.1225],[142.37,-32.2075],[142.3455,-32.2245],[142.2955,-32.214],[142.296,-32.2755],[142.268,-32.2955],[142.266,-32.3235],[142.2535,-32.3535],[142.26,-32.3685],[142.2415,-32.3795],[142.1115,-32.3675],[142.1075,-32.4185],[142.092,-32.468],[142.1145,-32.4795],[142.116,-32.5155],[142.1065,-32.531],[142.135,-32.5985],[142.2485,-32.6105],[142.2485,-32.665],[142.2365,-32.755],[142.3795,-32.7695],[142.376,-32.799],[142.344,-32.827],[142.3635,-32.8495],[142.373,-32.901],[142.361,-32.942],[142.3765,-32.9735]]]},"properties":{"code":"11700","name":"Central Darling"}},
{"type":"Feature","geometry":{"type":"Polygon","coordinates":[[[150.805,-33.006],[150.8325,-33.033],[150.853,-33.0375],[150.8485,-33.0745],[150.8735,-33.114],[150.9,-33.121],[150.9165,-33.1115],[150.9735,-33.1295],[151.0355,-33.1175],[151.0525,-33.08],[151.104,-33.077],[151.13,-33.095],[151.1355,-33.1105],[151.2025,-33.139],[151.251,-33.1],[151.26,-33.1005],[151.2665,-33.0585],[151.297,-33.0545],[151.306,-33.044],[151.3315,-33.062],[151.3405,-33.0435],[151.367,-33.0445],[151.3855,-33.021],[151.384,-33.009],[151.4455,-32.9935],[151.4635,-32.968],[151.5175,-32.966],[151.5165,-32.9175],[151.5355,-32.897],[151.541,-32.8725],[151.6095,-32.8805],[151.6235,-32.8105],[151.611,-32.792],[151.4895,-32.7755],[151.4945,-32.7515],[151.4205,-32.7395],[151.4005,-32.703],[151.403,-32.663],[151.3745,-32.6525],[151.3405,-32.649],[151.334,-32.6825],[151.317,-32.71],[151.2765,-32.704],[151.268,-32.747],[151.217,-32.7415],[151.225,-32.766],[151.218,-32.782],[151.1465,-32.8165],[151.0925,-32.8305],[151.0855,-32.867],[151.061,-32.871],[151.0675,-32.8925],[151.05,-32.9165],[151.02,-32.9325],[151.007,-32.952],[150.9905,-32.9555],[150.972,-32.942],[150.938,-32.9405],[150.898,-32.9295],[150.889,-32.933],[150.84,-32.92],[150.8115,-32.925],[150.823,-32.9605],[150.812,-32.9685],[150.819,-32.993],[150.805,-33.006]]]},"properties":{"code":"11720","name":"Cessnock"}},
{"type":"Feature","geometry":{"type":"Polygon","coordinates":[[[152.689,-29.023],[152.662,-29.02],[152.6645,-29.0045],[152.5585,-28.99],[152.5165,-28.9835],[152.5095,-28.9735],[152.467,-28.9735],[152.476,-28.9905],[152.444,-29.04],[152.421,-29.084],[152.455,-29.089],[152.444,-29.144],[152.418,-29.1525],[152.4225,-29.1795],[152.405,-29.211],[152.414,-29.229],[152.3945,-29.241],[152.352,-29.2485],[152.3065,-29.283],[152.3145,-29.2985],[152.303,-29.3175],[152.3315,-29.342],[152.451,-29.358],[152.429,-29.392],[152.41,-29.401],[152.4045,-29.433],[152.389,-29.4455],[152.4125,-29.507],[152.3545,-29.5455],[152.336,-29.641],[152.312,-29.663],[152.2805,-29.666],[152.2625,-29.697],[152.2645,-29.751],[152.2175,-29.7605],[152.203,-29.7865],[152.1805,-29.8065],[152.169,-29.87],[152.1925,-29.8765],[152.209,-29.866],[152.251,-29.865],[152.274,-29.8465],[152.288,-29.8745],[152.2855,-29.9085],[152.267,-29.9245],[152.272,-29.9415],[152.275,-29.9605],[152.305,-29.979],[152.317,-30.0015],[152.3135,-30.0305],[152.297,-30.039],[152.2945,-30.0845],[152.2875,-30.11],[152.3005,-30.1235],[152.3105,-30.201],[152.3485,-30.234],[152.3375,-30.2525],[152.348,-30.2905],[152.3425,-30.3135],[152.352,-30.3555],[152.382,-30.3625],[152.3875,-30.383],[152.428,-30.419],[152.441,-30.399],[152.4785,-30.397],[152.475,-30.3565],[152.506,-30.321],[152.526,-30.3115],[152.5555,-30.274],[152.5595,-30.2435],[152.5865,-30.241],[152.626,-30.2585],[152.6555,-30.2555],[152.698,-30.2235],[152.693,-30.189],[152.751,-30.1965],[152.755,-30.181],[152.8035,-30.1895],[152.7955,-30.156],[152.822,-30.1425],[152.8555,-30.1465],[152.883,-30.127],[152.9175,-30.1545],[152.934,-30.124],[152.9735,-30.13],[152.97,-30.0905],[153.0175,-30.0965],[153.051,-30.0685],[153.0505,-30.05],[153.063,-30.0345],[153.102,-30.029],[153.091,-30.014],[153.1225,-29.9765],[153.144,-29.9805],[153.1335,-29.9345],[153.152,-29.937],[153.183,-29.9125],[153.2085,-29.9165],[153.228,-29.9055],[153.2565,-29.9185],[153.2615,-29.94],[153.2745,-29.8945],[153.2675,-29.8655],[153.2775,-29.8415],[153.2945,-29.825],[153.288,-29.7985],[153.3025,-29.7795],[153.292,-29.7535],[153.305,-29.7155],[153.334,-29.6745],[153.321,-29.6665],[153.323,-29.644],[153.341,-29.61],[153.3315,-29.5935],[153.3385,-29.564],[153.356,-29.53],[153.3675,-29.4825],[153.3585,-29.4665],[153.368,-29.4385],[153.3635,-29.4215],[153.3745,-29.371],[153.3435,-29.3425],[153.343,-29.302],[153.36,-29.2635],[153.3195,-29.24],[153.3,-29.2505],[153.2745,-29.251],[153.207,-29.242],[153.2065,-29.2635],[153.1805,-29.26],[153.1665,-29.246],[153.143,-29.2425],[153.144,-29.282],[153.1115,-29.274],[153.104,-29.314],[153.081,-29.3125],[153.029,-29.338],[152.995,-29.3275],[152.9475,-29.3325],[152.914,-29.3105],[152.8965,-29.321],[152.8805,-29.31],[152.811,-29.3165],[152.809,-29.299],[152.8245,-29.2745],[152.8085,-29.236],[152.773,-29.2165],[152.7575,-29.192],[152.72,-29.188],[152.731,-29.138],[152.7585,-29.0895],[152.743,-29.076],[152.7235,-29.082],[152.689,-29.023]]]},"properties":{"code":"11730","name":"Clarence Valley"}},
{"type":"Feature","geometry":{"type":"Polygon","coordinates":[[[145.1595,-32.747],[145.165,-32.715],[145.2495,-32.7245],[145.2575,-32.6715],[145.3445,-32.6825],[145.3305,-32.7665],[145.4125,-32.776],[145.415,-32.7615],[145.4675,-32.7225],[145.5105,-32.728],[145.5045,-32.77],[145.5605,-32.7815],[145.5525,-32.756],[145.5565,-32.7335],[145.5955,-32.738],[145.5865,-32.796],[145.672,-32.8055],[145.652,-32.9355],[145.6685,-32.936],[145.6455,-33.0805],[145.871,-33.0865],[146.0315,-33.0935],[146.0935,-33.189],[146.059,-33.212],[146.095,-33.276],[146.1305,-33.2615],[146.137,-33.228],[146.1945,-33.2335],[146.2295,-33.2325],[146.2895,-33.222],[146.308,-33.1905],[146.3765,-33.1955],[146.3925,-33.2285],[146.4275,-33.2205],[146.4705,-33.154],[146.468,-33.121],[146.557,-33.0945],[146.628,-33.065],[146.647,-33.035],[146.6665,-33.0245],[146.7055,-33.03],[146.6505,-32.8135],[146.6255,-32.7475],[146.577,-32.564],[146.528,-32.3685],[146.4565,-32.106],[146.37,-31.768],[146.3195,-31.5725],[146.3545,-31.533],[146.5485,-31.302],[146.4665,-31.18],[146.366,-31.2295],[146.342,-31.187],[146.3145,-31.152],[146.3635,-31.1225],[146.3315,-31.0735],[146.317,-31.0805],[146.285,-31.032],[146.35,-31.004],[146.438,-30.9605],[146.416,-30.9485],[146.3675,-30.871],[146.3455,-30.853],[146.302,-30.791],[146.2325,-30.8275],[146.1795,-30.7395],[146.125,-30.656],[146.057,-30.6895],[146.0705,-30.7095],[145.9925,-30.748],[145.969,-30.712],[145.9095,-30.741],[145.888,-30.742],[145.918,-30.784],[145.9125,-30.7935],[145.8485,-30.829],[145.779,-30.8625],[145.7345,-30.7955],[145.661,-30.831],[145.6695,-30.844],[145.6635,-30.864],[145.576,-30.911],[145.6075,-30.959],[145.5645,-30.98],[145.4635,-30.8245],[145.468,-30.8225],[145.384,-30.697],[145.2455,-30.765],[145.2285,-30.7315],[145.0635,-30.7985],[145.126,-30.891],[145.0875,-30.914],[145.065,-30.8895],[145.0095,-30.926],[144.98,-30.894],[144.9225,-30.937],[144.912,-30.925],[144.8145,-30.993],[144.6995,-30.868],[144.6895,-30.8915],[144.6615,-30.895],[144.6205,-30.897],[144.597,-30.9085],[144.5285,-30.9],[144.4735,-30.919],[144.458,-30.919],[144.434,-30.939],[144.4195,-30.936],[144.41,-30.958],[144.3845,-30.96],[144.3785,-30.9935],[144.362,-31.012],[144.379,-31.028],[144.348,-31.053],[144.3325,-31.08],[144.255,-31.0595],[144.2335,-31.0805],[144.2415,-31.09],[144.226,-31.109],[144.194,-31.125],[144.179,-31.1195],[144.138,-31.144],[144.1335,-31.161],[144.11,-31.1695],[144.0975,-31.194],[144.0675,-31.1895],[144.046,-31.201],[144.017,-31.231],[144.044,-31.281],[144.036,-31.296],[144.123,-31.392],[144.327,-31.6135],[144.4095,-31.5595],[144.5135,-31.675],[144.243,-31.8525],[144.301,-31.9155],[144.228,-31.963],[144.215,-31.9485],[144.1525,-31.9905],[144.108,-31.941],[144.038,-31.9865],[144.1435,-32.102],[144.2125,-32.0575],[144.316,-32.1725],[144.276,-32.198],[144.379,-32.314],[144.4375,-32.275],[144.5005,-32.346],[144.5845,-32.435],[144.5985,-32.4635],[144.6745,-32.4255],[144.6645,-32.4905],[144.817,-32.5075],[144.859,-32.5535],[144.876,-32.543],[144.8915,-32.56],[144.948,-32.5235],[144.9885,-32.5285],[144.958,-32.7235],[145.1595,-32.747]]]},"properties":{"code":"11750","name":"Cobar"}},
{"type":"Feature","geometry":{"type":"Polygon","coordinates":[[[153.2615,-29.94],[153.2565,-29.9185],[153.228,-29.9055],[153.2085,-29.9165],[153.183,-29.9125],[153.152,-29.937],[153.1335,-29.9345],[153.144,-29.9805],[153.1225,-29.9765],[153.091,-30.014],[153.102,-30.029],[153.063,-30.0345],[153.0505,-30.05],[153.051,-30.0685],[153.0175,-30.0965],[152.97,-30.0905],[152.9735,-30.13],[152.934,-30.124],[152.9175,-30.1545],[152.883,-30.127],[152.8555,-30.1465],[152.822,-30.1425],[152.7955,-30.156],[152.8035,-30.1895],[152.8315,-30.2155],[152.851,-30.259],[152.8335,-30.2725],[152.8195,-30.3],[152.868,-30.3235],[152.906,-30.3275],[152.9655,-30.3485],[152.958,-30.389],[152.994,-30.405],[153.06,-30.449],[153.076,-30.4315],[153.0785,-30.4045],[153.1015,-30.377],[153.1065,-30.3545],[153.127,-30.324],[153.143,-30.312],[153.1385,-30.2625],[153.154,-30.2345],[153.167,-30.198],[153.202,-30.1555],[153.1995,-30.1415],[153.212,-30.1085],[153.1995,-30.0985],[153.2045,-30.07],[153.1975,-30.039],[153.2335,-29.98],[153.2615,-29.94]]]},"properties":{"code":"11800","name":"Coffs Harbour"}},
{"type":"Feature","geometry":{"type":"Polygon","coordinates":[[[146.8485,-34.808],[146.87,-34.8255],[146.9055,-34.823],[147.081,-34.8455],[147.0975,-34.8435],[147.0905,-34.8805],[147.226,-34.8995],[147.2275,-34.893],[147.316,-34.9065],[147.341,-34.895],[147.3585,-34.8975],[147.372,-34.8685],[147.393,-34.87],[147.4085,-34.8415],[147.4135,-34.8065],[147.4315,-34.7825],[147.448,-34.776],[147.4645,-34.7545],[147.4825,-34.6955],[147.476,-34.6575],[147.4635,-34.63],[147.437,-34.6395],[147.4165,-34.66],[147.3745,-34.6585],[147.3335,-34.5755],[147.335,-34.5655],[147.108,-34.5365],[147.129,-34.4265],[147.083,-34.421],[147.086,-34.389],[147.099,-34.391],[147.1075,-34.317],[147.048,-34.2965],[146.992,-34.3045],[146.9345,-34.2935],[146.9115,-34.3095],[146.825,-34.299],[146.823,-34.311],[146.8025,-34.427],[146.792,-34.4725],[146.8355,-34.4725],[146.9115,-34.4825],[146.8485,-34.808]]]},"properties":{"code":"12000","name":"Coolamon"}},
{"type":"Feature","geometry":{"type":"Polygon","coordinates":[[[148.307,-31.416],[148.3285,-31.407],[148.3545,-31.41],[148.359,-31.3865],[148.393,-31.3905],[148.3955,-31.375],[148.46,-31.3445],[148.4825,-31.3715],[148.5155,-31.3715],[148.5235,-31.3805],[148.595,-31.3895],[148.599,-31.363],[148.615,-31.365],[148.6205,-31.335],[148.6075,-31.326],[148.6165,-31.2725],[148.6715,-31.2775],[148.7425,-31.265],[148.7715,-31.2495],[148.8285,-31.2505],[148.862,-31.256],[148.8945,-31.2545],[148.9415,-31.27],[148.983,-31.2785],[149.0135,-31.3],[149.0405,-31.289],[149.0625,-31.2895],[149.061,-31.2715],[149.0285,-31.2605],[149.018,-31.2405],[148.995,-31.241],[148.98,-31.2305],[148.9545,-31.2285],[148.9345,-31.1955],[148.941,-31.179],[148.92,-31.135],[148.9205,-31.0965],[148.9035,-31.0755],[148.901,-31.0475],[148.8435,-31.036],[148.834,-31.0285],[148.841,-30.985],[148.858,-30.9385],[148.8715,-30.9175],[148.857,-30.884],[148.8245,-30.8675],[148.8795,-30.827],[148.833,-30.7995],[148.797,-30.758],[148.8105,-30.6735],[148.8345,-30.5295],[148.7405,-30.518],[148.7375,-30.5355],[148.666,-30.5265],[148.662,-30.5505],[148.647,-30.5625],[148.6435,-30.5815],[148.587,-30.5645],[148.4745,-30.5075],[148.477,-30.4955],[148.436,-30.4545],[148.391,-30.419],[148.3955,-30.3905],[148.3225,-30.333],[148.3025,-30.322],[148.2825,-30.336],[148.2805,-30.35],[148.2285,-30.35],[148.221,-30.3925],[148.2325,-30.441],[148.1175,-30.5125],[148.0975,-30.496],[148.0935,-30.455],[148.1085,-30.419],[148.055,-30.4125],[148.0535,-30.42],[147.9965,-30.413],[147.9815,-30.404],[147.955,-30.4325],[147.8455,-30.479],[147.848,-30.5405],[147.707,-30.524],[147.6215,-30.513],[147.6005,-30.5275],[147.596,-30.564],[147.5735,-30.5725],[147.575,-30.5965],[147.592,-30.639],[147.5915,-30.6565],[147.569,-30.69],[147.5625,-30.713],[147.566,-30.7325],[147.547,-30.7525],[147.5225,-30.7655],[147.5145,-30.786],[147.523,-30.8165],[147.6985,-30.8375],[147.693,-30.8555],[147.731,-30.937],[147.7445,-30.9965],[147.811,-30.9795],[147.815,-30.992],[147.8665,-30.9845],[147.88,-31.013],[147.917,-31.0305],[147.9535,-31.0785],[147.9795,-31.088],[147.9925,-31.106],[147.993,-31.1455],[147.9875,-31.1795],[148.055,-31.2395],[148.2055,-31.3495],[148.229,-31.3885],[148.266,-31.4005],[148.2985,-31.3855],[148.307,-31.416]]]},"properties":{"code":"12150","name":"Coonamble"}},
{"type":"Feature","geometry":{"type":"Polygon","coordinates":[[[148.5485,-35.132],[148.544,-35.1205],[148.567,-35.095],[148.5665,-35.052],[148.5755,-35.0415],[148.573,-35.0015],[148.5535,-34.9885],[148.531,-34.988],[148.543,-34.954],[148.5305,-34.907],[148.5225,-34.9015],[148.461,-34.9025],[148.417,-34.897],[148.395,-34.907],[148.3855,-34.8915],[148.399,-34.878],[148.393,-34.86],[148.3565,-34.852],[148.332,-34.8715],[148.2985,-34.846],[148.29,-34.8255],[148.256,-34.771],[148.2605,-34.7375],[148.233,-34.7335],[148.23,-34.709],[148.215,-34.6945],[148.2075,-34.6675],[148.1935,-34.664],[148.206,-34.6055],[148.203,-34.583],[148.2215,-34.5315],[148.1965,-34.5115],[148.1985,-34.489],[148.164,-34.485],[148.168,-34.4705],[148.119,-34.4615],[148.1075,-34.467],[148.0875,-34.441],[148.066,-34.435],[148.06,-34.412],[148.016,-34.413],[148.0275,-34.35],[147.9115,-34.3365],[147.8945,-34.348],[147.8245,-34.34],[147.826,-34.356],[147.8435,-34.3705],[147.8355,-34.3845],[147.854,-34.4035],[147.8565,-34.4295],[147.8755,-34.457],[147.7905,-34.447],[147.786,-34.494],[147.7695,-34.533],[147.7895,-34.538],[147.809,-34.563],[147.8085,-34.578],[147.8305,-34.5885],[147.851,-34.6225],[147.8705,-34.6355],[147.8635,-34.706],[147.8885,-34.733],[147.936,-34.7375],[147.9485,-34.763],[147.949,-34.789],[147.9365,-34.816],[147.943,-34.835],[147.927,-34.8525],[147.9035,-34.8555],[147.8985,-34.883],[147.865,-34.9055],[147.8445,-34.948],[147.8405,-34.994],[147.851,-35.0165],[147.84,-35.064],[147.8015,-35.091],[147.759,-35.0895],[147.7525,-35.0755],[147.726,-35.0635],[147.689,-35.078],[147.694,-35.0915],[147.7325,-35.0915],[147.734,-35.103],[147.7665,-35.137],[147.762,-35.1475],[147.772,-35.185],[147.798,-35.211],[147.834,-35.2215],[147.8415,-35.2555],[147.856,-35.2795],[147.8725,-35.282],[147.8925,-35.257],[147.895,-35.2335],[147.9585,-35.229],[147.976,-35.2035],[147.9615,-35.1875],[148.0595,-35.201],[148.12,-35.2025],[148.122,-35.19],[148.1555,-35.1975],[148.184,-35.1895],[148.192,-35.1735],[148.2215,-35.166],[148.2065,-35.1215],[148.2155,-35.1105],[148.293,-35.1225],[148.3335,-35.1385],[148.3895,-35.1415],[148.4185,-35.1635],[148.457,-35.1545],[148.469,-35.08],[148.5245,-35.0875],[148.5255,-35.1245],[148.5485,-35.132]]]},"properties":{"code":"12160","name":"Cootamundra-Gundagai"}},
{"type":"Feature","geometry":{"type":"Polygon","coordinates":[[[148.414,-33.6045],[148.387,-33.6005],[148.35,-33.609],[148.339,-33.641],[148.329,-33.6485],[148.3575,-33.6475],[148.353,-33.671],[148.37,-33.673],[148.36,-33.704],[148.3425,-33.7235],[148.3635,-33.7515],[148.355,-33.783],[148.325,-33.821],[148.3475,-33.836],[148.38,-33.834],[148.3895,-33.8645],[148.405,-33.8835],[148.4235,-33.8705],[148.446,-33.84],[148.472,-33.827],[148.4945,-33.868],[148.4955,-33.885],[148.516,-33.917],[148.494,-33.9365],[148.4685,-33.9715],[148.462,-33.9975],[148.442,-34.012],[148.494,-34.0185],[148.493,-34.0255],[148.575,-34.036],[148.578,-34.0525],[148.6085,-34.058],[148.619,-34.0715],[148.6525,-34.071],[148.676,-34.0905],[148.687,-34.082],[148.731,-34.0785],[148.763,-34.0385],[148.7435,-34.0205],[148.7655,-34.0005],[148.7675,-33.982],[148.804,-33.984],[148.808,-33.964],[148.8695,-33.947],[148.888,-33.9545],[148.907,-33.9755],[148.9275,-33.9815],[148.9435,-33.969],[148.9665,-33.97],[148.981,-33.9485],[148.9795,-33.926],[149.0115,-33.933],[149.0335,-33.911],[149.0505,-33.913],[149.0645,-33.893],[149.082,-33.913],[149.12,-33.888],[149.1205,-33.8685],[149.176,-33.8415],[149.183,-33.802],[149.2195,-33.792],[149.234,-33.7605],[149.2575,-33.7405],[149.172,-33.7265],[149.1495,-33.7305],[149.13,-33.7645],[149.0915,-33.7655],[149.0915,-33.7935],[149.067,-33.79],[149.0645,-33.8125],[149.0415,-33.8095],[149.01,-33.784],[148.989,-33.781],[148.9745,-33.7565],[148.9935,-33.7205],[148.9625,-33.708],[148.961,-33.6955],[148.9075,-33.673],[148.9225,-33.5995],[148.8995,-33.579],[148.882,-33.583],[148.839,-33.5685],[148.823,-33.5655],[148.788,-33.5295],[148.776,-33.5255],[148.739,-33.538],[148.712,-33.5735],[148.676,-33.5805],[148.636,-33.567],[148.621,-33.5915],[148.595,-33.5915],[148.558,-33.603],[148.543,-33.6],[148.524,-33.5775],[148.4835,-33.5815],[148.4795,-33.6],[148.447,-33.614],[148.414,-33.6045]]]},"properties":{"code":"12350","name":"Cowra"}},
{"type":"Feature","geometry":{"type":"Polygon","coordinates":[[[151.0585,-33.8845],[151.064,-33.856],[151.03,-33.835],[151.019,-33.8375],[150.994,-33.815],[150.955,-33.8],[150.9505,-33.785],[150.9345,-33.806],[150.916,-33.8055],[150.909,-33.8255],[150.9165,-33.8375],[150.9535,-33.854],[150.9615,-33.87],[150.9905,-33.864],[151.029,-33.8875],[151.0585,-33.8845]]]},"properties":{"code":"12380","name":"Cumberland"}},
{"type":"Feature","geometry":{"type":"Polygon","coordinates":[[[148.4395,-32.017],[148.437,-32.061],[148.421,-32.055],[148.406,-32.102],[148.419,-32.104],[148.414,-32.1355],[148.4425,-32.1515],[148.4045,-32.183],[148.388,-32.2045],[148.366,-32.198],[148.3755,-32.257],[148.398,-32.2575],[148.405,-32.3105],[148.379,-32.3935],[148.4075,-32.397],[148.38,-32.4265],[148.394,-32.4375],[148.399,-32.4795],[148.392,-32.53],[148.416,-32.5955],[148.405,-32.6235],[148.4355,-32.6205],[148.4595,-32.6075],[148.4755,-32.628],[148.501,-32.614],[148.605,-32.652],[148.6355,-32.64],[148.68,-32.643],[148.691,-32.666],[148.67,-32.6985],[148.648,-32.7105],[148.6445,-32.7365],[148.684,-32.752],[148.6915,-32.7695],[148.7115,-32.772],[148.7165,-32.7925],[148.7385,-32.8085],[148.781,-32.8295],[148.8085,-32.8795],[148.833,-32.871],[148.8585,-32.8785],[148.8615,-32.8965],[148.886,-32.896],[148.9075,-32.9075],[148.9425,-32.892],[148.9555,-32.902],[148.9705,-32.942],[148.985,-32.9625],[149.0205,-32.968],[149.014,-33.041],[149.0325,-33.044],[149.0605,-33.035],[149.0875,-33.042],[149.101,-33.0575],[149.128,-33.0605],[149.1285,-33.037],[149.1185,-33.0235],[149.1495,-33.001],[149.1715,-33.0165],[149.168,-33.0345],[149.1905,-33.038],[149.224,-33.02],[149.233,-32.9985],[149.2535,-32.988],[149.2375,-32.972],[149.274,-32.9565],[149.2815,-32.923],[149.266,-32.8995],[149.235,-32.921],[149.2185,-32.87],[149.234,-32.8495],[149.213,-32.8245],[149.238,-32.8125],[149.2815,-32.8185],[149.2795,-32.7875],[149.291,-32.7295],[149.285,-32.722],[149.2905,-32.688],[149.303,-32.6715],[149.288,-32.6385],[149.263,-32.631],[149.2485,-32.5995],[149.2505,-32.579],[149.2655,-32.575],[149.2705,-32.5475],[149.2925,-32.503],[149.2775,-32.4865],[149.255,-32.4475],[149.285,-32.435],[149.2545,-32.4105],[149.257,-32.3995],[149.2145,-32.395],[149.2125,-32.4055],[149.173,-32.402],[149.1795,-32.3815],[149.1765,-32.35],[149.1995,-32.307],[149.226,-32.295],[149.189,-32.2905],[149.203,-32.2135],[149.199,-32.187],[149.22,-32.181],[149.1985,-32.1425],[149.194,-32.1045],[149.1385,-32.117],[149.1215,-32.1065],[149.1005,-32.115],[149.0595,-32.0965],[149.033,-32.1],[149.004,-32.055],[149.0115,-32.0385],[149.0315,-31.9235],[149.003,-31.936],[148.978,-31.9155],[148.8925,-31.904],[148.7405,-31.886],[148.732,-31.8935],[148.685,-31.8895],[148.626,-31.9005],[148.6195,-31.925],[148.538,-31.96],[148.4735,-32.0045],[148.4395,-32.017]]]},"properties":{"code":"12390","name":"Dubbo"}},
{"type":"Feature","geometry":{"type":"Polygon","coordinates":[[[151.4735,-32.6055],[151.495,-32.614],[151.605,-32.63],[151.6305,-32.618],[151.67,-32.579],[151.6845,-32.594],[151.765,-32.607],[151.7775,-32.594],[151.8075,-32.599],[151.803,-32.6335],[151.8215,-32.6465],[151.85,-32.651],[151.8575,-32.6135],[151.8735,-32.5905],[151.8925,-32.474],[151.907,-32.4555],[151.903,-32.4195],[151.8865,-32.4265],[151.8655,-32.411],[151.8425,-32.41],[151.8385,-32.39],[151.85,-32.3255],[151.8205,-32.311],[151.8085,-32.2465],[151.751,-32.2455],[151.6955,-32.1935],[151.698,-32.1765],[151.678,-32.1285],[151.6545,-32.1155],[151.6485,-32.1005],[151.622,-32.096],[151.598,-32.106],[151.537,-32.0705],[151.5215,-32.069],[151.489,-32.0505],[151.455,-32.052],[151.406,-32.045],[151.407,-32.058],[151.3885,-32.0835],[151.352,-32.0805],[151.304,-32.1165],[151.3095,-32.139],[151.328,-32.1545],[151.327,-32.1715],[151.3455,-32.183],[151.348,-32.219],[151.337,-32.2375],[151.339,-32.262],[151.3715,-32.2915],[151.383,-32.324],[151.411,-32.349],[151.446,-32.407],[151.468,-32.4205],[151.468,-32.4485],[151.457,-32.4725],[151.5005,-32.504],[151.496,-32.5575],[151.4795,-32.555],[151.4735,-32.6055]]]},"properties":{"code":"12700","name":"Dungog"}},
{"type":"Feature","geometry":{"type":"Polygon","coordinates":[[[145.343,-35.7115],[145.393,-35.727],[145.4125,-35.7115],[145.4545,-35.69],[145.474,-35.5895],[145.4845,-35.512],[145.4945,-35.4905],[145.5265,-35.2985],[145.5165,-35.288],[145.5325,-35.272],[145.5255,-35.2415],[145.5435,-35.2275],[145.535,-35.211],[145.5415,-35.1525],[145.562,-35.0315],[145.5675,-35.031],[145.5985,-34.8575],[145.41,-34.854],[145.1785,-34.851],[145.052,-34.85],[144.8745,-34.8495],[144.62,-34.847],[144.3905,-34.817],[144.309,-34.789],[144.2845,-34.787],[144.1495,-34.7405],[144.1245,-34.887],[144.1635,-34.894],[144.1465,-34.999],[144.137,-35.0445],[144.0875,-35.0835],[144.058,-35.0915],[144.0995,-35.1225],[144.1425,-35.1395],[144.1485,-35.1535],[144.171,-35.16],[144.2035,-35.1515],[144.2365,-35.174],[144.305,-35.186],[144.3785,-35.1895],[144.4215,-35.215],[144.437,-35.248],[144.472,-35.284],[144.514,-35.293],[144.5425,-35.3235],[144.5775,-35.3365],[144.5985,-35.3355],[144.607,-35.3555],[144.643,-35.3615],[144.652,-35.394],[144.6915,-35.415],[144.7335,-35.4145],[144.7565,-35.4245],[144.764,-35.44],[144.8005,-35.4455],[144.85,-35.46],[144.8635,-35.4815],[144.887,-35.485],[144.9065,-35.5055],[144.895,-35.5715],[144.996,-35.583],[145.02,-35.608],[145.052,-35.627],[145.102,-35.636],[145.144,-35.675],[145.1805,-35.687],[145.206,-35.685],[145.274,-35.6985],[145.3015,-35.719],[145.343,-35.7115]]]},"properties":{"code":"12730","name":"Edward River"}},
{"type":"Feature","geometry":{"type":"Polygon","coordinates":[[[149.979,-35.5025],[149.964,-35.501],[149.9575,-35.5305],[149.929,-35.577],[149.935,-35.611],[149.9085,-35.637],[149.856,-35.72],[149.8305,-35.7215],[149.815,-35.756],[149.7965,-35.7735],[149.752,-35.7895],[149.7095,-35.784],[149.685,-35.8035],[149.6765,-35.8255],[149.679,-35.87],[149.692,-35.91],[149.6815,-35.976],[149.6605,-35.9865],[149.6245,-35.9635],[149.6085,-35.967],[149.601,-35.9915],[149.5685,-36.009],[149.572,-36.063],[149.5805,-36.0875],[149.5515,-36.097],[149.548,-36.116],[149.5835,-36.1425],[149.594,-36.1365],[149.653,-36.1355],[149.643,-36.195],[149.74,-36.24],[149.769,-36.2355],[149.814,-36.2505],[149.953,-36.269],[149.944,-36.306],[149.967,-36.3225],[149.983,-36.3535],[150.0055,-36.3655],[150.0385,-36.3515],[150.0645,-36.3505],[150.0835,-36.3635],[150.1015,-36.3405],[150.1315,-36.3165],[150.131,-36.289],[150.1485,-36.266],[150.1425,-36.219],[150.133,-36.2095],[150.133,-36.1745],[150.1245,-36.14],[150.1375,-36.097],[150.1325,-36.0825],[150.1615,-35.995],[150.151,-35.979],[150.1605,-35.954],[150.1585,-35.9115],[150.1505,-35.891],[150.1785,-35.8535],[150.1865,-35.833],[150.225,-35.828],[150.2365,-35.787],[150.212,-35.76],[150.2165,-35.743],[150.2,-35.7305],[150.1975,-35.702],[150.229,-35.7025],[150.2675,-35.7205],[150.3045,-35.677],[150.298,-35.65],[150.3075,-35.6385],[150.273,-35.6325],[150.2555,-35.617],[150.258,-35.5705],[150.2235,-35.545],[150.1915,-35.553],[150.1825,-35.5685],[150.131,-35.569],[150.0925,-35.5795],[150.0565,-35.5765],[150.0115,-35.552],[149.979,-35.5025]]]},"properties":{"code":"12750","name":"Eurobodalla"}},
{"type":"Feature","geometry":{"type":"Polygon","coordinates":[[[150.909,-33.8255],[150.8915,-33.831],[150.8565,-33.821],[150.813,-33.8225],[150.8235,-33.836],[150.815,-33.8795],[150.8415,-33.8755],[150.857,-33.8945],[150.8965,-33.9075],[150.937,-33.9035],[150.9735,-33.91],[150.9685,-33.8965],[150.9905,-33.864],[150.9615,-33.87],[150.9535,-33.854],[150.9165,-33.8375],[150.909,-33.8255]]]},"properties":{"code":"12850","name":"Fairfield"}},
{"type":"Feature","geometry":{"type":"Polygon","coordinates":[[[145.946,-35.9615],[145.946,-35.984],[145.9755,-36.011],[145.989,-36.013],[146.03,-35.9955],[146.0575,-36.013],[146.0955,-36.0205],[146.1315,-36.0105],[146.1775,-36.034],[146.188,-36.0415],[146.2055,-36.035],[146.2615,-36.0215],[146.286,-36.0365],[146.327,-36.043],[146.331,-36.0265],[146.367,-36.05],[146.387,-36.037],[146.381,-36.0125],[146.3985,-36.008],[146.403,-35.989],[146.4365,-35.9665],[146.4565,-35.9665],[146.4885,-35.99],[146.501,-35.965],[146.5265,-35.9705],[146.5495,-35.9925],[146.5605,-35.9755],[146.608,-35.9745],[146.622,-35.9955],[146.651,-36.0205],[146.6825,-36.039],[146.7085,-36.031],[146.698,-36.0255],[146.7105,-35.9815],[146.706,-35.9515],[146.687,-35.9485],[146.654,-35.93],[146.67,-35.917],[146.6745,-35.8945],[146.6495,-35.89],[146.589,-35.895],[146.582,-35.9285],[146.53,-35.9185],[146.551,-35.8205],[146.505,-35.818],[146.497,-35.8115],[146.518,-35.697],[146.5435,-35.702],[146.5575,-35.6865],[146.573,-35.6065],[146.5865,-35.6065],[146.6045,-35.5365],[146.605,-35.506],[146.54,-35.487],[146.432,-35.4715],[146.4055,-35.4445],[146.3645,-35.389],[146.354,-35.388],[146.364,-35.3375],[146.389,-35.323],[146.404,-35.3045],[146.4135,-35.2505],[146.3865,-35.2475],[146.3895,-35.2315],[146.5635,-35.119],[146.615,-35.1145],[146.6345,-35.0965],[146.662,-35.089],[146.6885,-35.068],[146.369,-34.9145],[146.334,-34.9085],[146.3175,-34.898],[146.2335,-34.8735],[146.1925,-34.9235],[146.1525,-34.9015],[146.1375,-34.908],[146.075,-34.898],[146.061,-34.9415],[146.0655,-34.948],[146.049,-35.018],[146.058,-35.033],[146.0425,-35.0565],[146.0305,-35.0545],[146.0095,-35.1665],[146.0395,-35.195],[145.9965,-35.224],[145.9645,-35.2505],[145.96,-35.2825],[145.984,-35.2855],[145.9935,-35.3115],[146.011,-35.3055],[146.065,-35.3225],[146.027,-35.527],[146.0075,-35.5635],[146.0075,-35.587],[146.0075,-35.624],[145.9915,-35.6835],[145.974,-35.7045],[145.9905,-35.7185],[145.988,-35.7475],[145.946,-35.9615]]]},"properties":{"code":"12870","name":"Federation"}},
{"type":"Feature","geometry":{"type":"Polygon","coordinates":[[[147.4035,-33.5275],[147.417,-33.532],[147.472,-33.6865],[147.482,-33.7035],[147.5115,-33.7055],[147.523,-33.6825],[147.555,-33.6695],[147.58,-33.63],[147.602,-33.6135],[147.6825,-33.624],[147.664,-33.6565],[147.6775,-33.6585],[147.671,-33.6955],[147.697,-33.704],[147.764,-33.707],[147.7785,-33.687],[147.803,-33.694],[147.8945,-33.7005],[147.944,-33.7085],[147.948,-33.701],[148.08,-33.72],[148.0785,-33.7075],[148.101,-33.6485],[148.152,-33.6545],[148.187,-33.641],[148.2375,-33.636],[148.2705,-33.649],[148.324,-33.6555],[148.329,-33.6485],[148.339,-33.641],[148.35,-33.609],[148.387,-33.6005],[148.414,-33.6045],[148.389,-33.58],[148.4,-33.535],[148.393,-33.5185],[148.357,-33.5105],[148.352,-33.4945],[148.329,-33.4905],[148.315,-33.5],[148.2905,-33.492],[148.3135,-33.453],[148.36,-33.4465],[148.3445,-33.4295],[148.3875,-33.4135],[148.4145,-33.3705],[148.3865,-33.3565],[148.413,-33.314],[148.402,-33.3],[148.4015,-33.2595],[148.4315,-33.2325],[148.43,-33.216],[148.4015,-33.2255],[148.36,-33.2165],[148.335,-33.223],[148.31,-33.2075],[148.2555,-33.1985],[148.2355,-33.209],[148.254,-33.2455],[148.233,-33.2435],[148.227,-33.276],[148.195,-33.2715],[148.172,-33.2535],[148.0845,-33.276],[148.08,-33.2645],[148.0125,-33.2555],[147.9955,-33.26],[147.976,-33.249],[147.9205,-33.2445],[147.92,-33.2125],[147.8965,-33.2145],[147.8795,-33.2045],[147.845,-33.2115],[147.6355,-33.186],[147.6435,-33.139],[147.565,-33.1295],[147.5715,-33.09],[147.5485,-33.0875],[147.555,-33.048],[147.4705,-33.038],[147.4435,-33.042],[147.405,-33.038],[147.3885,-33.1395],[147.3425,-33.1145],[147.308,-33.1045],[147.297,-33.1715],[147.298,-33.192],[147.326,-33.208],[147.4425,-33.231],[147.465,-33.2275],[147.4725,-33.245],[147.4995,-33.2635],[147.5145,-33.2635],[147.486,-33.423],[147.4805,-33.4415],[147.426,-33.4345],[147.4075,-33.496],[147.4035,-33.5275]]]},"properties":{"code":"12900","name":"Forbes"}},
{"type":"Feature","geometry":{"type":"Polygon","coordinates":[[[151.128,-34.006],[151.136,-33.9685],[151.119,-33.9695],[151.101,-33.9395],[151.059,-33.9505],[151.0445,-33.9475],[151.0465,-33.9705],[151.037,-33.991],[151.094,-33.9915],[151.128,-34.006]]]},"properties":{"code":"12930","name":"Georges River"}},
{"type":"Feature","geometry":{"type":"Polygon","coordinates":[[[148.3015,-31.7925],[148.311,-31.857],[148.329,-31.878],[148.3435,-31.9365],[148.3675,-31.9675],[148.4185,-32.014],[148.4395,-32.017],[148.4735,-32.0045],[148.538,-31.96],[148.6195,-31.925],[148.626,-31.9005],[148.685,-31.8895],[148.732,-31.8935],[148.7405,-31.886],[148.8925,-31.904],[148.978,-31.9155],[148.988,-31.9095],[148.993,-31.8815],[149.016,-31.8845],[149.0225,-31.8235],[149.042,-31.795],[149.0725,-31.8045],[149.0985,-31.785],[149.0855,-31.7615],[149.091,-31.734],[149.0635,-31.7105],[149.0745,-31.7],[149.067,-31.6715],[149.0875,-31.6555],[149.111,-31.62],[149.106,-31.6045],[149.1135,-31.579],[149.1275,-31.571],[149.1375,-31.535],[149.13,-31.4905],[149.032,-31.478],[149.047,-31.4445],[149.001,-31.443],[148.959,-31.4495],[148.977,-31.3835],[148.9955,-31.3735],[149.0055,-31.3465],[149.0435,-31.3415],[149.05,-31.296],[149.0625,-31.2895],[149.0405,-31.289],[149.0135,-31.3],[148.983,-31.2785],[148.9415,-31.27],[148.8945,-31.2545],[148.862,-31.256],[148.8285,-31.2505],[148.7715,-31.2495],[148.7425,-31.265],[148.6715,-31.2775],[148.6165,-31.2725],[148.6075,-31.326],[148.6205,-31.335],[148.615,-31.365],[148.599,-31.363],[148.595,-31.3895],[148.5235,-31.3805],[148.5155,-31.3715],[148.4825,-31.3715],[148.46,-31.3445],[148.3955,-31.375],[148.393,-31.3905],[148.359,-31.3865],[148.3545,-31.41],[148.3285,-31.407],[148.307,-31.416],[148.2945,-31.4395],[148.268,-31.5865],[148.323,-31.591],[148.298,-31.733],[148.357,-31.73],[148.3465,-31.7975],[148.3015,-31.7925]]]},"properties":{"code":"12950","name":"Gilgandra"}},
{"type":"Feature","geometry":{"type":"Polygon","coordinates":[[[151.6035,-29.9425],[151.6195,-29.952],[151.627,-29.9705],[151.665,-29.982],[151.66,-30.0005],[151.6835,-30.0075],[151.8515,-30.0065],[151.9045,-30.022],[151.927,-30.0035],[151.9445,-30.016],[151.967,-30.0065],[152.02,-30.006],[152.0475,-30.0135],[152.0855,-30.0035],[152.1245,-30.0035],[152.144,-30.014],[152.1295,-29.9575],[152.1885,-29.946],[152.1975,-29.977],[152.239,-29.9825],[152.272,-29.9415],[152.267,-29.9245],[152.2855,-29.9085],[152.288,-29.8745],[152.274,-29.8465],[152.251,-29.865],[152.209,-29.866],[152.1925,-29.8765],[152.169,-29.87],[152.1805,-29.8065],[152.203,-29.7865],[152.2175,-29.7605],[152.2645,-29.751],[152.2625,-29.697],[152.2805,-29.666],[152.312,-29.663],[152.336,-29.641],[152.3545,-29.5455],[152.4125,-29.507],[152.389,-29.4455],[152.4045,-29.433],[152.41,-29.401],[152.429,-29.392],[152.451,-29.358],[152.3315,-29.342],[152.3075,-29.3525],[152.3005,-29.377],[152.0805,-29.3445],[152.058,-29.3435],[152.0475,-29.359],[152.0235,-29.362],[152.0075,-29.375],[152.017,-29.388],[151.997,-29.406],[151.9665,-29.4175],[151.9445,-29.4095],[151.9285,-29.4175],[151.8955,-29.4065],[151.8625,-29.426],[151.8135,-29.4195],[151.7885,-29.4085],[151.8025,-29.3735],[151.782,-29.3705],[151.7755,-29.353],[151.7155,-29.3445],[151.676,-29.3565],[151.6245,-29.347],[151.609,-29.325],[151.616,-29.2835],[151.5925,-29.2805],[151.5805,-29.268],[151.5555,-29.2645],[151.463,-29.24],[151.4635,-29.273],[151.427,-29.2875],[151.435,-29.324],[151.4505,-29.333],[151.4605,-29.3615],[151.4555,-29.393],[151.4575,-29.433],[151.475,-29.4405],[151.465,-29.4935],[151.486,-29.527],[151.4875,-29.553],[151.474,-29.588],[151.5005,-29.6385],[151.52,-29.6495],[151.5325,-29.675],[151.514,-29.698],[151.5265,-29.7175],[151.524,-29.735],[151.505,-29.7505],[151.547,-29.76],[151.5445,-29.7745],[151.555,-29.804],[151.5525,-29.8375],[151.565,-29.8675],[151.5935,-29.8785],[151.586,-29.907],[151.5985,-29.92],[151.6035,-29.9425]]]},"properties":{"code":"13010","name":"Glen Innes Severn"}},
{"type":"Feature","geometry":{"type":"Polygon","coordinates":[[[149.5215,-34.907],[149.541,-34.921],[149.5245,-34.9695],[149.551,-34.9755],[149.5525,-34.9935],[149.538,-35.0685],[149.5565,-35.071],[149.55,-35.1045],[149.56,-35.1155],[149.5425,-35.1525],[149.591,-35.1565],[149.607,-35.1315],[149.6315,-35.1345],[149.653,-35.1155],[149.6605,-35.138],[149.7315,-35.1825],[149.766,-35.171],[149.7705,-35.194],[149.799,-35.208],[149.8355,-35.207],[149.846,-35.2145],[149.852,-35.248],[149.8805,-35.2395],[149.9005,-35.2245],[149.931,-35.235],[149.9525,-35.2085],[149.954,-35.184],[149.9345,-35.1665],[149.935,-35.1495],[149.9615,-35.1505],[149.9785,-35.166],[149.9975,-35.142],[150.032,-35.131],[150.0265,-35.1045],[149.994,-35.102],[149.995,-35.0755],[150.0225,-35.0555],[150.029,-35.0385],[150.024,-35.0035],[150.052,-35.0075],[150.0845,-34.991],[150.078,-34.9755],[150.0555,-34.9655],[150.0685,-34.936],[150.088,-34.925],[150.0795,-34.8965],[150.0535,-34.8825],[150.0375,-34.844],[150.044,-34.828],[150.0405,-34.7955],[150.074,-34.768],[150.1055,-34.789],[150.127,-34.8175],[150.1565,-34.8225],[150.2095,-34.8145],[150.236,-34.794],[150.2575,-34.79],[150.288,-34.7645],[150.31,-34.772],[150.3335,-34.7525],[150.3035,-34.734],[150.2705,-34.733],[150.2565,-34.7415],[150.1945,-34.7515],[150.169,-34.769],[150.1785,-34.728],[150.141,-34.7155],[150.1165,-34.6995],[150.1125,-34.6835],[150.0925,-34.6805],[150.0985,-34.655],[150.0785,-34.6395],[150.0995,-34.6275],[150.0975,-34.5975],[150.083,-34.5825],[150.084,-34.606],[150.0635,-34.616],[149.9915,-34.6235],[149.984,-34.631],[149.8965,-34.6195],[149.886,-34.624],[149.86,-34.606],[149.855,-34.6435],[149.82,-34.6385],[149.793,-34.65],[149.8135,-34.605],[149.7515,-34.5965],[149.7565,-34.569],[149.7235,-34.568],[149.66,-34.5555],[149.6555,-34.586],[149.637,-34.5915],[149.6225,-34.6205],[149.604,-34.6295],[149.5885,-34.613],[149.557,-34.6045],[149.5485,-34.6255],[149.5205,-34.645],[149.516,-34.681],[149.5255,-34.696],[149.516,-34.733],[149.508,-34.736],[149.4985,-34.7905],[149.5035,-34.828],[149.4895,-34.8485],[149.505,-34.8655],[149.5365,-34.8755],[149.5215,-34.907]]]},"properties":{"code":"13310","name":"Goulburn Mulwaree"}},
{"type":"Feature","geometry":{"type":"Polygon","coordinates":[[[147.0965,-36.0405],[147.1075,-36.0045],[147.127,-36.0065],[147.1365,-36.0285],[147.1615,-36.031],[147.2045,-36.05],[147.2855,-36.0395],[147.311,-36.061],[147.329,-36.0545],[147.353,-36.0315],[147.346,-36.024],[147.358,-35.9915],[147.3835,-35.9725],[147.4045,-35.9435],[147.456,-35.958],[147.464,-35.944],[147.4985,-35.9465],[147.526,-35.986],[147.555,-36.003],[147.584,-35.9855],[147.6385,-35.9615],[147.6545,-35.944],[147.6895,-35.9375],[147.6965,-35.9125],[147.691,-35.8865],[147.7075,-35.88],[147.7015,-35.859],[147.7145,-35.8385],[147.74,-35.834],[147.7605,-35.84],[147.8125,-35.771],[147.8195,-35.744],[147.808,-35.721],[147.8015,-35.678],[147.8335,-35.6415],[147.876,-35.634],[147.894,-35.624],[147.8555,-35.56],[147.8455,-35.5545],[147.7915,-35.5515],[147.6855,-35.534],[147.681,-35.5565],[147.646,-35.539],[147.632,-35.547],[147.608,-35.5395],[147.5815,-35.5155],[147.525,-35.4835],[147.498,-35.514],[147.481,-35.545],[147.4565,-35.531],[147.4205,-35.5335],[147.404,-35.545],[147.364,-35.514],[147.2975,-35.496],[147.247,-35.488],[147.2395,-35.474],[147.1955,-35.466],[147.185,-35.4485],[147.16,-35.4645],[147.1245,-35.4625],[147.0875,-35.4505],[147.0165,-35.494],[146.994,-35.4895],[146.991,-35.517],[146.971,-35.5195],[146.8715,-35.576],[146.7975,-35.5665],[146.796,-35.575],[146.702,-35.561],[146.6625,-35.548],[146.67,-35.5205],[146.605,-35.506],[146.6045,-35.5365],[146.5865,-35.6065],[146.573,-35.6065],[146.5575,-35.6865],[146.5435,-35.702],[146.518,-35.697],[146.497,-35.8115],[146.505,-35.818],[146.551,-35.8205],[146.53,-35.9185],[146.582,-35.9285],[146.589,-35.895],[146.6495,-35.89],[146.6745,-35.8945],[146.67,-35.917],[146.654,-35.93],[146.687,-35.9485],[146.706,-35.9515],[146.7105,-35.9815],[146.698,-36.0255],[146.7085,-36.031],[146.7285,-36.03],[146.7305,-36.0445],[146.777,-36.06],[146.804,-36.0585],[146.8175,-36.0675],[146.8215,-36.0495],[146.846,-36.02],[146.8735,-36.018],[146.914,-36.0065],[146.947,-35.9755],[146.934,-35.964],[146.9455,-35.9385],[146.9625,-35.9405],[146.969,-35.914],[147.024,-35.925],[147.0485,-35.947],[147.057,-35.984],[147.078,-35.9985],[147.0965,-36.0405]]]},"properties":{"code":"13340","name":"Greater Hume"}},
{"type":"Feature","geometry":{"type":"Polygon","coordinates":[[[145.9495,-34.553],[145.9775,-34.563],[145.9895,-34.548],[146.028,-34.5655],[146.0755,-34.567],[146.09,-34.484],[146.1445,-34.501],[146.1365,-34.4695],[146.1445,-34.4525],[146.1535,-34.405],[146.149,-34.3895],[146.1775,-34.3735],[146.23,-34.372],[146.2365,-34.337],[146.301,-34.345],[146.307,-34.335],[146.3115,-34.3115],[146.2995,-34.2895],[146.305,-34.2605],[146.234,-34.2525],[146.247,-34.181],[146.1765,-34.1765],[146.18,-34.1545],[146.1505,-34.151],[146.1535,-34.134],[146.076,-34.1245],[146.0825,-34.1455],[146.0445,-34.141],[146.025,-34.127],[145.795,-34.099],[145.776,-34.116],[145.735,-34.3635],[145.761,-34.3665],[145.766,-34.3375],[145.833,-34.3455],[145.82,-34.4165],[145.8265,-34.441],[145.89,-34.439],[145.9665,-34.453],[145.9495,-34.553]]]},"properties":{"code":"13450","name":"Griffith"}},
{"type":"Feature","geometry":{"type":"Polygon","coordinates":[[[149.913,-31.4535],[149.968,-31.458],[150.0025,-31.4455],[149.988,-31.4275],[149.999,-31.3615],[149.9865,-31.3295],[150.0065,-31.321],[150.04,-31.333],[150.079,-31.338],[150.0915,-31.298],[150.1035,-31.24],[150.1345,-31.2445],[150.1585,-31.2375],[150.1485,-31.304],[150.1595,-31.314],[150.161,-31.355],[150.2005,-31.363],[150.286,-31.374],[150.339,-31.386],[150.3835,-31.386],[150.4175,-31.3975],[150.4335,-31.364],[150.4195,-31.34],[150.4695,-31.347],[150.484,-31.356],[150.5435,-31.363],[150.5505,-31.278],[150.5735,-31.2815],[150.5865,-31.2105],[150.572,-31.206],[150.5795,-31.147],[150.5925,-31.082],[150.5995,-31.047],[150.5755,-31.02],[150.552,-31.0115],[150.5275,-30.9685],[150.533,-30.9405],[150.4995,-30.909],[150.53,-30.903],[150.5305,-30.875],[150.556,-30.845],[150.5595,-30.811],[150.544,-30.8135],[150.52,-30.8005],[150.4875,-30.799],[150.4905,-30.7835],[150.4635,-30.779],[150.4525,-30.757],[150.467,-30.745],[150.458,-30.69],[150.5095,-30.66],[150.499,-30.6385],[150.4565,-30.619],[150.4545,-30.6075],[150.4105,-30.59],[150.391,-30.605],[150.389,-30.6165],[150.3495,-30.6355],[150.353,-30.662],[150.3375,-30.6745],[150.2955,-30.6745],[150.3025,-30.6945],[150.2955,-30.7305],[150.2685,-30.74],[150.2645,-30.763],[150.1615,-30.747],[150.112,-30.7505],[150.102,-30.8055],[150.053,-30.8005],[150.044,-30.775],[150.005,-30.749],[149.9725,-30.774],[149.885,-30.762],[149.825,-30.7595],[149.808,-30.781],[149.7885,-30.859],[149.761,-30.8555],[149.7585,-30.872],[149.6795,-30.8615],[149.659,-30.87],[149.6585,-30.884],[149.6365,-30.8885],[149.6315,-30.916],[149.689,-30.923],[149.711,-30.9345],[149.742,-30.939],[149.7575,-30.9305],[149.8235,-30.939],[149.847,-30.939],[149.82,-31.0845],[149.904,-31.096],[149.8905,-31.108],[149.888,-31.169],[149.88,-31.203],[149.8445,-31.1965],[149.826,-31.2285],[149.796,-31.224],[149.789,-31.27],[149.791,-31.3155],[149.813,-31.3165],[149.803,-31.372],[149.8815,-31.3845],[149.8965,-31.423],[149.91,-31.4315],[149.913,-31.4535]]]},"properties":{"code":"13550","name":"Gunnedah"}},
{"type":"Feature","geometry":{"type":"Polygon","coordinates":[[[150.074,-30.105],[150.0895,-30.1715],[150.1025,-30.192],[150.1455,-30.209],[150.165,-30.199],[150.1825,-30.211],[150.2075,-30.2545],[150.249,-30.2375],[150.266,-30.252],[150.308,-30.258],[150.304,-30.2805],[150.363,-30.316],[150.392,-30.323],[150.4035,-30.3035],[150.439,-30.271],[150.4575,-30.261],[150.501,-30.27],[150.5155,-30.283],[150.523,-30.3085],[150.558,-30.3085],[150.58,-30.2905],[150.6195,-30.2945],[150.657,-30.275],[150.6935,-30.279],[150.723,-30.2945],[150.738,-30.272],[150.782,-30.256],[150.7955,-30.2255],[150.813,-30.22],[150.823,-30.203],[150.8855,-30.203],[150.8995,-30.1845],[150.925,-30.182],[150.9385,-30.197],[150.962,-30.1815],[150.9455,-30.1675],[150.967,-30.1245],[150.949,-30.093],[150.947,-30.074],[150.9925,-30.0805],[151,-30.0715],[150.995,-30.0255],[150.977,-29.988],[150.9825,-29.9355],[150.997,-29.931],[150.977,-29.9],[150.9215,-29.905],[150.8765,-29.874],[150.877,-29.857],[150.8575,-29.8375],[150.8315,-29.8295],[150.811,-29.8325],[150.7995,-29.8055],[150.7675,-29.782],[150.745,-29.79],[150.7295,-29.7715],[150.703,-29.774],[150.6785,-29.7675],[150.692,-29.6945],[150.689,-29.678],[150.7095,-29.648],[150.726,-29.6355],[150.7335,-29.5695],[150.7605,-29.558],[150.7975,-29.534],[150.857,-29.5125],[150.8635,-29.4565],[150.8835,-29.459],[150.8905,-29.4205],[150.8515,-29.408],[150.828,-29.412],[150.823,-29.372],[150.8115,-29.3585],[150.795,-29.3135],[150.7755,-29.308],[150.772,-29.287],[150.751,-29.263],[150.7635,-29.2095],[150.7505,-29.1915],[150.745,-29.1655],[150.7525,-29.151],[150.702,-29.084],[150.6715,-29.0755],[150.6665,-29.0575],[150.6265,-29.0235],[150.6115,-29],[150.631,-28.941],[150.6165,-28.926],[150.612,-28.888],[150.6355,-28.8455],[150.6455,-28.814],[150.672,-28.7935],[150.6655,-28.782],[150.6725,-28.7415],[150.6155,-28.731],[150.577,-28.7065],[150.5395,-28.7055],[150.522,-28.6855],[150.4795,-28.673],[150.421,-28.752],[150.344,-28.8275],[150.169,-28.8765],[150.1485,-28.8895],[150.2595,-29.014],[150.246,-29.116],[150.184,-29.437],[150.169,-29.496],[150.2195,-29.498],[150.1945,-29.519],[150.2115,-29.53],[150.1945,-29.62],[150.232,-29.663],[150.263,-29.679],[150.288,-29.722],[150.3025,-29.732],[150.288,-29.75],[150.2905,-29.8025],[150.302,-29.84],[150.294,-29.8705],[150.3125,-29.8925],[150.3005,-29.921],[150.302,-29.957],[150.2925,-29.964],[150.293,-29.9905],[150.249,-29.9935],[150.1975,-30.0625],[150.172,-30.063],[150.163,-30.078],[150.1395,-30.0865],[150.124,-30.07],[150.074,-30.105]]]},"properties":{"code":"13660","name":"Gwydir"}},
{"type":"Feature","geometry":{"type":"Polygon","coordinates":[[[150.659,-33.6855],[150.666,-33.654],[150.6815,-33.625],[150.7085,-33.6135],[150.782,-33.6375],[150.8125,-33.6775],[150.8135,-33.6675],[150.8585,-33.6465],[150.874,-33.6565],[150.9355,-33.565],[150.917,-33.5545],[150.889,-33.5555],[150.9005,-33.527],[150.9265,-33.5085],[150.901,-33.4895],[150.8785,-33.49],[150.8765,-33.471],[150.905,-33.467],[150.8875,-33.437],[150.9035,-33.4195],[150.9345,-33.4165],[150.9435,-33.425],[150.9765,-33.4],[150.9885,-33.379],[150.9995,-33.351],[151.0185,-33.3535],[151.0645,-33.342],[151.0895,-33.3275],[151.095,-33.303],[151.09,-33.2685],[151.107,-33.2315],[151.0985,-33.2205],[151.0995,-33.1445],[151.1075,-33.128],[151.1355,-33.1105],[151.13,-33.095],[151.104,-33.077],[151.0525,-33.08],[151.0355,-33.1175],[150.9735,-33.1295],[150.9165,-33.1115],[150.9,-33.121],[150.8735,-33.114],[150.8485,-33.0745],[150.853,-33.0375],[150.8325,-33.033],[150.805,-33.006],[150.764,-33.0005],[150.7445,-33.02],[150.703,-33.0105],[150.677,-33.0135],[150.682,-33.0445],[150.7055,-33.0445],[150.7175,-33.0685],[150.63,-33.0585],[150.6105,-33.066],[150.6115,-33.1195],[150.605,-33.147],[150.5525,-33.1835],[150.5275,-33.1965],[150.534,-33.2115],[150.527,-33.24],[150.5415,-33.254],[150.567,-33.3055],[150.5855,-33.3255],[150.581,-33.3515],[150.5495,-33.3685],[150.5215,-33.394],[150.4855,-33.444],[150.4865,-33.485],[150.4475,-33.5115],[150.4355,-33.5485],[150.4505,-33.574],[150.468,-33.5805],[150.511,-33.583],[150.5445,-33.5575],[150.5625,-33.5715],[150.562,-33.609],[150.616,-33.614],[150.606,-33.6625],[150.6575,-33.6615],[150.659,-33.6855]]]},"properties":{"code":"13800","name":"Hawkesbury"}},
{"type":"Feature","geometry":{"type":"Polygon","coordinates":[[[143.9455,-34.357],[143.9245,-34.3745],[143.924,-34.402],[143.939,-34.404],[143.935,-34.4485],[143.901,-34.6535],[144.1495,-34.7405],[144.2845,-34.787],[144.309,-34.789],[144.3905,-34.817],[144.62,-34.847],[144.8745,-34.8495],[145.052,-34.85],[145.1785,-34.851],[145.203,-34.708],[145.21,-34.7085],[145.218,-34.639],[145.2405,-34.506],[145.2065,-34.489],[145.2595,-34.1805],[145.249,-34.1765],[145.1625,-34.081],[145.124,-34.0765],[145.1345,-34.0495],[145.0345,-33.94],[145.2145,-33.826],[145.1625,-33.7715],[145.1755,-33.699],[145.1545,-33.717],[145.122,-33.7115],[145.102,-33.7235],[145.06,-33.7215],[145.037,-33.7355],[144.996,-33.7395],[144.9635,-33.7575],[144.9275,-33.7535],[144.9345,-33.716],[144.896,-33.7115],[144.812,-33.684],[144.8095,-33.6575],[144.834,-33.5055],[144.802,-33.5125],[144.808,-33.475],[144.6915,-33.4625],[144.706,-33.4845],[144.703,-33.508],[144.7275,-33.525],[144.6145,-33.512],[144.6175,-33.498],[144.5525,-33.488],[144.5445,-33.5255],[144.4605,-33.5165],[144.4475,-33.6015],[144.5315,-33.6105],[144.513,-33.7285],[144.5565,-33.7335],[144.544,-33.8125],[144.554,-33.8135],[144.5425,-33.8825],[144.5785,-33.8865],[144.568,-33.9495],[144.5525,-33.9995],[144.558,-34.0285],[144.651,-34.039],[144.683,-34.057],[144.6725,-34.0845],[144.652,-34.081],[144.6265,-34.089],[144.5865,-34.12],[144.5645,-34.1315],[144.549,-34.1535],[144.548,-34.172],[144.5195,-34.188],[144.498,-34.2125],[144.467,-34.222],[144.4445,-34.2175],[144.419,-34.2275],[144.3885,-34.223],[144.372,-34.2375],[144.3185,-34.2465],[144.2945,-34.2355],[144.24,-34.2325],[144.216,-34.2515],[144.186,-34.244],[144.156,-34.2075],[144.1155,-34.1925],[144.1045,-34.2125],[144.0835,-34.214],[144.0685,-34.2665],[144.0355,-34.275],[143.9455,-34.357]]]},"properties":{"code":"13850","name":"Hay"}},
{"type":"Feature","geometry":{"type":"Polygon","coordinates":[[[148.5225,-34.9015],[148.545,-34.8555],[148.5585,-34.8595],[148.5635,-34.8055],[148.5745,-34.7985],[148.5715,-34.7725],[148.578,-34.7355],[148.572,-34.702],[148.5865,-34.6275],[148.595,-34.6185],[148.6265,-34.623],[148.629,-34.6105],[148.6595,-34.6145],[148.6705,-34.5895],[148.6475,-34.5625],[148.6535,-34.5425],[148.68,-34.5355],[148.688,-34.5585],[148.7155,-34.566],[148.7825,-34.572],[148.796,-34.561],[148.8475,-34.569],[148.87,-34.5915],[148.9045,-34.639],[148.9475,-34.644],[148.978,-34.637],[148.9935,-34.527],[149.031,-34.4735],[149.0375,-34.448],[149.0785,-34.416],[149.12,-34.358],[149.09,-34.3175],[149.097,-34.295],[149.121,-34.267],[149.106,-34.239],[149.089,-34.237],[149.0655,-34.219],[149.073,-34.208],[149.011,-34.139],[149.0055,-34.1015],[149.02,-34.0885],[149.0215,-34.0535],[149.0355,-34.0265],[149.0615,-33.998],[149.013,-33.9685],[149.0115,-33.933],[148.9795,-33.926],[148.981,-33.9485],[148.9665,-33.97],[148.9435,-33.969],[148.9275,-33.9815],[148.907,-33.9755],[148.888,-33.9545],[148.8695,-33.947],[148.808,-33.964],[148.804,-33.984],[148.7675,-33.982],[148.7655,-34.0005],[148.7435,-34.0205],[148.763,-34.0385],[148.731,-34.0785],[148.687,-34.082],[148.676,-34.0905],[148.6525,-34.071],[148.619,-34.0715],[148.6085,-34.058],[148.578,-34.0525],[148.575,-34.036],[148.493,-34.0255],[148.494,-34.0185],[148.442,-34.012],[148.439,-34.074],[148.422,-34.0715],[148.391,-34.1025],[148.3845,-34.1305],[148.35,-34.1155],[148.3335,-34.0865],[148.2935,-34.0855],[148.224,-34.0535],[148.221,-34.067],[148.1525,-34.0575],[148.1485,-34.08],[148.1015,-34.049],[148.0635,-34.03],[148.015,-34.029],[148.026,-34.1185],[148.006,-34.104],[147.9425,-34.0945],[147.9375,-34.1165],[147.878,-34.118],[147.8565,-34.1125],[147.8235,-34.1175],[147.7935,-34.138],[147.759,-34.1425],[147.744,-34.141],[147.7135,-34.1615],[147.7125,-34.177],[147.7445,-34.18],[147.785,-34.219],[147.7875,-34.2565],[147.7955,-34.283],[147.8235,-34.328],[147.8245,-34.34],[147.8945,-34.348],[147.9115,-34.3365],[148.0275,-34.35],[148.016,-34.413],[148.06,-34.412],[148.066,-34.435],[148.0875,-34.441],[148.1075,-34.467],[148.119,-34.4615],[148.168,-34.4705],[148.164,-34.485],[148.1985,-34.489],[148.1965,-34.5115],[148.2215,-34.5315],[148.203,-34.583],[148.206,-34.6055],[148.1935,-34.664],[148.2075,-34.6675],[148.215,-34.6945],[148.23,-34.709],[148.233,-34.7335],[148.2605,-34.7375],[148.256,-34.771],[148.29,-34.8255],[148.2985,-34.846],[148.332,-34.8715],[148.3565,-34.852],[148.393,-34.86],[148.399,-34.878],[148.3855,-34.8915],[148.395,-34.907],[148.417,-34.897],[148.461,-34.9025],[148.5225,-34.9015]]]},"properties":{"code":"13910","name":"Hilltops"}},
{"type":"Feature","geometry":{"type":"Polygon","coordinates":[[[151.0685,-33.46],[151.062,-33.442],[151.0325,-33.4275],[151.0325,-33.4065],[150.9935,-33.3975],[150.989,-33.3795],[150.974,-33.4235],[151.01,-33.4715],[151.029,-33.5165],[151.0115,-33.5315],[151.0145,-33.5725],[151.007,-33.6005],[151.0235,-33.621],[151.02,-33.652],[151.03,-33.696],[151.011,-33.71],[151.017,-33.7305],[151.047,-33.7435],[151.049,-33.7585],[151.0975,-33.7655],[151.1055,-33.761],[151.091,-33.7445],[151.1065,-33.7275],[151.1235,-33.689],[151.1595,-33.6605],[151.1615,-33.64],[151.171,-33.624],[151.1945,-33.6185],[151.232,-33.594],[151.244,-33.5765],[151.2305,-33.5475],[151.203,-33.549],[151.1775,-33.518],[151.153,-33.5175],[151.148,-33.483],[151.126,-33.4665],[151.1055,-33.483],[151.09,-33.4805],[151.0685,-33.46]]]},"properties":{"code":"14000","name":"Hornsby"}},
{"type":"Feature","geometry":{"type":"Polygon","coordinates":[[[151.1285,-33.8415],[151.1585,-33.843],[151.137,-33.815],[151.1285,-33.8415]]]},"properties":{"code":"14100","name":"Hunters Hill"}},
{"type":"Feature","geometry":{"type":"Polygon","coordinates":[[[151.1755,-33.8725],[151.177,-33.852],[151.142,-33.8705],[151.1195,-33.871],[151.1125,-33.8945],[151.155,-33.926],[151.1795,-33.92],[151.1755,-33.8725]]]},"properties":{"code":"14170","name":"Inner West"}},
{"type":"Feature","geometry":{"type":"Polygon","coordinates":[[[150.9925,-30.0805],[151.0165,-30.09],[151.04,-30.1255],[151.113,-30.1365],[151.115,-30.181],[151.1565,-30.189],[151.2035,-30.1785],[151.236,-30.1845],[151.243,-30.2195],[151.261,-30.2385],[151.2805,-30.238],[151.2845,-30.2205],[151.2795,-30.1805],[151.292,-30.1715],[151.2935,-30.1225],[151.272,-30.099],[151.2585,-30.099],[151.2645,-30.069],[151.2545,-30.0485],[151.2715,-30.033],[151.277,-30.0045],[151.3045,-30.008],[151.3245,-29.991],[151.3295,-29.9625],[151.3685,-29.967],[151.3715,-29.95],[151.398,-29.9545],[151.418,-29.967],[151.4265,-29.988],[151.4485,-29.997],[151.524,-29.9745],[151.5355,-29.9615],[151.587,-29.941],[151.6035,-29.9425],[151.5985,-29.92],[151.586,-29.907],[151.5935,-29.8785],[151.565,-29.8675],[151.5525,-29.8375],[151.555,-29.804],[151.5445,-29.7745],[151.547,-29.76],[151.505,-29.7505],[151.524,-29.735],[151.5265,-29.7175],[151.514,-29.698],[151.5325,-29.675],[151.52,-29.6495],[151.5005,-29.6385],[151.474,-29.588],[151.4875,-29.553],[151.486,-29.527],[151.465,-29.4935],[151.475,-29.4405],[151.4575,-29.433],[151.4555,-29.393],[151.4605,-29.3615],[151.4505,-29.333],[151.435,-29.324],[151.427,-29.2875],[151.4125,-29.258],[151.3775,-29.2145],[151.366,-29.174],[151.3385,-29.179],[151.312,-29.161],[151.318,-29.1385],[151.301,-29.114],[151.279,-29.099],[151.275,-29.0765],[151.286,-29.065],[151.283,-29.0025],[151.272,-28.9725],[151.2805,-28.964],[151.2745,-28.9385],[151.215,-28.9045],[151.1995,-28.8845],[151.171,-28.8775],[151.161,-28.8655],[151.132,-28.86],[151.1035,-28.8365],[151.0825,-28.8345],[151.059,-28.8465],[151.039,-28.8365],[151.0415,-28.798],[151.025,-28.794],[151.026,-28.755],[150.9795,-28.7325],[150.9525,-28.7365],[150.9335,-28.7235],[150.931,-28.706],[150.905,-28.6875],[150.8905,-28.6955],[150.85,-28.6745],[150.8195,-28.667],[150.815,-28.6575],[150.752,-28.6345],[150.727,-28.636],[150.7015,-28.6555],[150.67,-28.654],[150.6425,-28.665],[150.633,-28.677],[150.6005,-28.6715],[150.5825,-28.6565],[150.534,-28.672],[150.514,-28.6625],[150.484,-28.6625],[150.4795,-28.673],[150.522,-28.6855],[150.5395,-28.7055],[150.577,-28.7065],[150.6155,-28.731],[150.6725,-28.7415],[150.6655,-28.782],[150.672,-28.7935],[150.6455,-28.814],[150.6355,-28.8455],[150.612,-28.888],[150.6165,-28.926],[150.631,-28.941],[150.6115,-29],[150.6265,-29.0235],[150.6665,-29.0575],[150.6715,-29.0755],[150.702,-29.084],[150.7525,-29.151],[150.745,-29.1655],[150.7505,-29.1915],[150.7635,-29.2095],[150.751,-29.263],[150.772,-29.287],[150.7755,-29.308],[150.795,-29.3135],[150.8115,-29.3585],[150.823,-29.372],[150.828,-29.412],[150.8515,-29.408],[150.8905,-29.4205],[150.8835,-29.459],[150.8635,-29.4565],[150.857,-29.5125],[150.7975,-29.534],[150.7605,-29.558],[150.7335,-29.5695],[150.726,-29.6355],[150.7095,-29.648],[150.689,-29.678],[150.692,-29.6945],[150.6785,-29.7675],[150.703,-29.774],[150.7295,-29.7715],[150.745,-29.79],[150.7675,-29.782],[150.7995,-29.8055],[150.811,-29.8325],[150.8315,-29.8295],[150.8575,-29.8375],[150.877,-29.857],[150.8765,-29.874],[150.9215,-29.905],[150.977,-29.9],[150.997,-29.931],[150.9825,-29.9355],[150.977,-29.988],[150.995,-30.0255],[151,-30.0715],[150.9925,-30.0805]]]},"properties":{"code":"14220","name":"Inverell"}},
{"type":"Feature","geometry":{"type":"Polygon","coordinates":[[[147.316,-34.9065],[147.317,-34.9495],[147.414,-34.9565],[147.431,-34.9755],[147.4455,-34.9645],[147.5255,-34.9745],[147.6005,-34.987],[147.599,-34.9975],[147.6335,-35.0035],[147.635,-35.0345],[147.646,-35.0495],[147.6925,-35.056],[147.689,-35.078],[147.726,-35.0635],[147.7525,-35.0755],[147.759,-35.0895],[147.8015,-35.091],[147.84,-35.064],[147.851,-35.0165],[147.8405,-34.994],[147.8445,-34.948],[147.865,-34.9055],[147.8985,-34.883],[147.9035,-34.8555],[147.927,-34.8525],[147.943,-34.835],[147.9365,-34.816],[147.949,-34.789],[147.9485,-34.763],[147.936,-34.7375],[147.8885,-34.733],[147.8635,-34.706],[147.8705,-34.6355],[147.851,-34.6225],[147.8305,-34.5885],[147.8085,-34.578],[147.809,-34.563],[147.7895,-34.538],[147.7695,-34.533],[147.7605,-34.5525],[147.7385,-34.551],[147.7225,-34.574],[147.7015,-34.5795],[147.6605,-34.565],[147.6445,-34.5695],[147.615,-34.6055],[147.611,-34.6305],[147.506,-34.6185],[147.4635,-34.63],[147.476,-34.6575],[147.4825,-34.6955],[147.4645,-34.7545],[147.448,-34.776],[147.4315,-34.7825],[147.4135,-34.8065],[147.4085,-34.8415],[147.393,-34.87],[147.372,-34.8685],[147.3585,-34.8975],[147.341,-34.895],[147.316,-34.9065]]]},"properties":{"code":"14300","name":"Junee"}},
{"type":"Feature","geometry":{"type":"Polygon","coordinates":[[[152.4005,-30.501],[152.386,-30.505],[152.386,-30.53],[152.362,-30.5555],[152.336,-30.567],[152.3175,-30.5935],[152.3315,-30.6295],[152.3695,-30.659],[152.3585,-30.684],[152.376,-30.732],[152.3755,-30.7455],[152.352,-30.769],[152.344,-30.792],[152.3155,-30.794],[152.2895,-30.844],[152.299,-30.8685],[152.287,-30.9],[152.2955,-30.931],[152.2845,-30.949],[152.291,-30.9755],[152.27,-30.999],[152.308,-31.025],[152.3405,-31.0365],[152.345,-31.0505],[152.335,-31.096],[152.3495,-31.117],[152.3685,-31.1365],[152.3695,-31.1565],[152.386,-31.1665],[152.456,-31.156],[152.471,-31.1665],[152.514,-31.1675],[152.5395,-31.163],[152.5565,-31.148],[152.5615,-31.13],[152.5975,-31.1235],[152.6405,-31.1495],[152.707,-31.1515],[152.706,-31.1805],[152.7515,-31.1945],[152.7465,-31.2165],[152.818,-31.228],[152.8295,-31.245],[152.8215,-31.283],[152.864,-31.2875],[152.8645,-31.296],[152.9665,-31.3105],[152.9705,-31.2615],[152.9615,-31.2285],[152.9755,-31.1965],[152.985,-31.1545],[152.998,-31.134],[153.048,-31.08],[153.0645,-31.0565],[153.044,-31.046],[153.0375,-31.015],[153.0555,-30.9615],[153.085,-30.9255],[153.0885,-30.913],[153.0765,-30.889],[153.037,-30.8825],[153.0235,-30.8735],[153.005,-30.8385],[152.9975,-30.786],[152.999,-30.7615],[152.974,-30.7755],[152.958,-30.794],[152.917,-30.8245],[152.8895,-30.8795],[152.87,-30.886],[152.851,-30.9065],[152.813,-30.9235],[152.7715,-30.928],[152.733,-30.8645],[152.707,-30.874],[152.6805,-30.874],[152.665,-30.863],[152.6785,-30.8425],[152.685,-30.817],[152.665,-30.8125],[152.63,-30.775],[152.6085,-30.743],[152.5915,-30.7325],[152.5805,-30.7115],[152.557,-30.6995],[152.5505,-30.686],[152.539,-30.6175],[152.5045,-30.5875],[152.488,-30.556],[152.4305,-30.5135],[152.4005,-30.501]]]},"properties":{"code":"14350","name":"Kempsey"}},
{"type":"Feature","geometry":{"type":"Polygon","coordinates":[[[150.7815,-34.792],[150.8075,-34.774],[150.8235,-34.773],[150.8605,-34.689],[150.855,-34.6765],[150.861,-34.628],[150.8325,-34.639],[150.797,-34.6415],[150.79,-34.6025],[150.7685,-34.599],[150.758,-34.613],[150.694,-34.604],[150.667,-34.619],[150.633,-34.628],[150.604,-34.652],[150.6145,-34.673],[150.7345,-34.689],[150.7345,-34.749],[150.7815,-34.792]]]},"properties":{"code":"14400","name":"Kiama"}},
{"type":"Feature","geometry":{"type":"Polygon","coordinates":[[[151.1615,-33.6595],[151.1595,-33.6605],[151.1235,-33.689],[151.1065,-33.7275],[151.091,-33.7445],[151.1055,-33.761],[151.157,-33.792],[151.207,-33.779],[151.203,-33.7735],[151.1805,-33.74],[151.1915,-33.7025],[151.166,-33.686],[151.1615,-33.6595]]]},"properties":{"code":"14500","name":"Ku-ring-gai"}},
{"type":"Feature","geometry":{"type":"Polygon","coordinates":[[[152.5585,-28.99],[152.6645,-29.0045],[152.662,-29.02],[152.689,-29.023],[152.7275,-29.009],[152.745,-28.9935],[152.753,-28.929],[152.786,-28.9265],[152.799,-28.91],[152.82,-28.9035],[152.82,-28.8845],[152.845,-28.889],[152.8675,-28.8395],[152.8875,-28.8195],[152.914,-28.8215],[152.9425,-28.7865],[152.9235,-28.77],[152.905,-28.716],[152.919,-28.711],[153.0165,-28.722],[153.0765,-28.733],[153.088,-28.7035],[153.087,-28.664],[153.092,-28.6365],[153.1185,-28.6125],[153.123,-28.595],[153.149,-28.5695],[153.1635,-28.5655],[153.184,-28.5225],[153.1605,-28.524],[153.15,-28.503],[153.1535,-28.4845],[153.1365,-28.458],[153.142,-28.436],[153.125,-28.429],[153.1275,-28.406],[153.111,-28.3885],[153.1085,-28.3565],[153.074,-28.352],[153.0655,-28.344],[152.9835,-28.338],[152.973,-28.332],[152.939,-28.335],[152.9,-28.3255],[152.878,-28.3115],[152.8495,-28.311],[152.8315,-28.3195],[152.7935,-28.354],[152.7775,-28.346],[152.751,-28.364],[152.723,-28.344],[152.7085,-28.344],[152.674,-28.3265],[152.659,-28.31],[152.6395,-28.312],[152.6175,-28.2825],[152.5975,-28.2915],[152.5975,-28.3145],[152.618,-28.3205],[152.631,-28.337],[152.616,-28.3525],[152.606,-28.388],[152.5835,-28.417],[152.5795,-28.4355],[152.527,-28.497],[152.502,-28.5125],[152.5005,-28.5285],[152.4475,-28.5275],[152.4395,-28.599],[152.422,-28.607],[152.4025,-28.6595],[152.389,-28.666],[152.375,-28.7],[152.429,-28.7255],[152.4655,-28.736],[152.4775,-28.7465],[152.497,-28.7855],[152.5215,-28.793],[152.5435,-28.788],[152.5395,-28.815],[152.557,-28.8245],[152.537,-28.847],[152.5735,-28.8635],[152.5575,-28.8935],[152.58,-28.9115],[152.5485,-28.9325],[152.5585,-28.99]]]},"properties":{"code":"14550","name":"Kyogle"}},
{"type":"Feature","geometry":{"type":"Polygon","coordinates":[[[146.528,-32.3685],[146.577,-32.564],[146.6255,-32.7475],[146.6505,-32.8135],[146.7055,-33.03],[146.6665,-33.0245],[146.647,-33.035],[146.628,-33.065],[146.557,-33.0945],[146.468,-33.121],[146.4705,-33.154],[146.4275,-33.2205],[146.3925,-33.2285],[146.3765,-33.1955],[146.308,-33.1905],[146.2895,-33.222],[146.2295,-33.2325],[146.1945,-33.2335],[146.137,-33.228],[146.1305,-33.2615],[146.095,-33.276],[146.0815,-33.309],[146.091,-33.319],[146.0755,-33.3395],[146.067,-33.371],[146.054,-33.476],[146.095,-33.603],[146.2265,-33.574],[146.441,-33.521],[146.4455,-33.564],[146.809,-33.607],[146.8215,-33.5375],[146.831,-33.5325],[146.9885,-33.552],[146.9865,-33.564],[147.1045,-33.5775],[147.1085,-33.5755],[147.243,-33.592],[147.246,-33.572],[147.276,-33.575],[147.278,-33.563],[147.3205,-33.568],[147.339,-33.5565],[147.3425,-33.535],[147.3585,-33.5255],[147.4035,-33.5275],[147.4075,-33.496],[147.426,-33.4345],[147.4805,-33.4415],[147.486,-33.423],[147.5145,-33.2635],[147.4995,-33.2635],[147.4725,-33.245],[147.465,-33.2275],[147.4425,-33.231],[147.326,-33.208],[147.298,-33.192],[147.297,-33.1715],[147.308,-33.1045],[147.3425,-33.1145],[147.3885,-33.1395],[147.405,-33.038],[147.4435,-33.042],[147.4705,-33.038],[147.555,-33.048],[147.559,-33.022],[147.543,-33.02],[147.557,-32.948],[147.571,-32.9495],[147.5875,-32.8355],[147.5925,-32.836],[147.6045,-32.7625],[147.5985,-32.7385],[147.5685,-32.7355],[147.5775,-32.6755],[147.5535,-32.673],[147.557,-32.629],[147.5645,-32.616],[147.5505,-32.595],[147.556,-32.559],[147.5455,-32.552],[147.5615,-32.456],[147.6965,-32.369],[147.686,-32.318],[147.6565,-32.3],[147.635,-32.2975],[147.616,-32.271],[147.578,-32.2575],[147.5605,-32.241],[147.544,-32.2415],[147.499,-32.213],[147.4945,-32.1885],[147.463,-32.1095],[147.4385,-32.094],[147.42,-32.0695],[147.4165,-32.04],[147.353,-32.0035],[147.3285,-31.995],[147.293,-31.995],[147.266,-32.0665],[147.1985,-32.1105],[147.1935,-32.0695],[147.071,-32.1515],[147.143,-32.2275],[147.0685,-32.277],[147.048,-32.2745],[147.045,-32.293],[147.001,-32.2875],[146.9965,-32.317],[146.898,-32.205],[146.8955,-32.2105],[146.7665,-32.29],[146.87,-32.4055],[146.807,-32.4475],[146.78,-32.4385],[146.766,-32.416],[146.748,-32.4155],[146.721,-32.3955],[146.708,-32.3715],[146.6865,-32.359],[146.676,-32.333],[146.656,-32.336],[146.6375,-32.3505],[146.602,-32.365],[146.568,-32.3715],[146.528,-32.3685]]]},"properties":{"code":"14600","name":"Lachlan"}},
{"type":"Feature","geometry":{"type":"MultiPolygon","coordinates":[[[[151.738,-32.963],[151.729,-32.955],[151.684,-32.948],[151.6885,-32.9275],[151.637,-32.9195],[151.641,-32.8975],[151.6065,-32.8925],[151.6095,-32.8805],[151.541,-32.8725],[151.5355,-32.897],[151.5165,-32.9175],[151.5175,-32.966],[151.4635,-32.968],[151.4455,-32.9935],[151.384,-33.009],[151.3855,-33.021],[151.367,-33.0445],[151.3405,-33.0435],[151.3315,-33.062],[151.333,-33.0695],[151.379,-33.0995],[151.383,-33.1385],[151.4005,-33.176],[151.3985,-33.1855],[151.455,-33.203],[151.4905,-33.187],[151.512,-33.1945],[151.5275,-33.18],[151.527,-33.1565],[151.518,-33.135],[151.5615,-33.1185],[151.565,-33.1005],[151.5335,-33.086],[151.5545,-33.061],[151.5715,-33.075],[151.5955,-33.0475],[151.592,-33.0265],[151.6075,-33.0215],[151.608,-32.9965],[151.6185,-32.987],[151.6165,-32.9625],[151.6435,-32.9745],[151.6295,-32.994],[151.6335,-33.0285],[151.6755,-33.0455],[151.7285,-33.0105],[151.727,-32.978],[151.738,-32.963]]],[[[151.596,-33.1615],[151.597,-33.172],[151.6305,-33.177],[151.6325,-33.15],[151.646,-33.116],[151.6645,-33.0915],[151.628,-33.093],[151.6175,-33.1005],[151.596,-33.1615]]]]},"properties":{"code":"14650","name":"Lake Macquarie"}},
{"type":"Feature","geometry":{"type":"Polygon","coordinates":[[[151.189,-33.8335],[151.195,-33.8235],[151.172,-33.8075],[151.144,-33.803],[151.154,-33.828],[151.189,-33.8335]]]},"properties":{"code":"14700","name":"Lane Cove"}},
{"type":"Feature","geometry":{"type":"Polygon","coordinates":[[[146.028,-34.5655],[146.1125,-34.631],[146.1535,-34.628],[146.171,-34.609],[146.186,-34.623],[146.2295,-34.617],[146.219,-34.675],[146.3325,-34.689],[146.345,-34.6995],[146.376,-34.6945],[146.437,-34.7105],[146.469,-34.7225],[146.4875,-34.709],[146.5165,-34.5535],[146.514,-34.531],[146.4705,-34.5255],[146.4825,-34.463],[146.439,-34.455],[146.441,-34.4425],[146.4005,-34.4415],[146.3925,-34.411],[146.397,-34.3865],[146.386,-34.3725],[146.3905,-34.345],[146.307,-34.335],[146.301,-34.345],[146.2365,-34.337],[146.23,-34.372],[146.1775,-34.3735],[146.149,-34.3895],[146.1535,-34.405],[146.1445,-34.4525],[146.1365,-34.4695],[146.1445,-34.501],[146.09,-34.484],[146.0755,-34.567],[146.028,-34.5655]]]},"properties":{"code":"14750","name":"Leeton"}},
{"type":"Feature","geometry":{"type":"Polygon","coordinates":[[[153.0765,-28.733],[153.0795,-28.749],[153.1195,-28.7745],[153.148,-28.784],[153.1385,-28.8145],[153.1645,-28.8245],[153.1875,-28.8465],[153.175,-28.914],[153.24,-28.939],[153.247,-28.931],[153.29,-28.9725],[153.2975,-29.0035],[153.2795,-29.037],[153.3375,-29.0715],[153.3815,-29.0545],[153.3755,-29.027],[153.4,-28.999],[153.415,-29.016],[153.436,-29.001],[153.3885,-28.9675],[153.3755,-28.954],[153.3845,-28.916],[153.363,-28.891],[153.3805,-28.8515],[153.3965,-28.8365],[153.384,-28.797],[153.438,-28.783],[153.4495,-28.755],[153.4285,-28.7415],[153.407,-28.743],[153.408,-28.6925],[153.42,-28.6955],[153.4295,-28.6635],[153.4155,-28.648],[153.4125,-28.6185],[153.373,-28.614],[153.379,-28.5825],[153.352,-28.5675],[153.3285,-28.541],[153.2915,-28.538],[153.2735,-28.522],[153.2475,-28.516],[153.1975,-28.527],[153.184,-28.5225],[153.1635,-28.5655],[153.149,-28.5695],[153.123,-28.595],[153.1185,-28.6125],[153.092,-28.6365],[153.087,-28.664],[153.088,-28.7035],[153.0765,-28.733]]]},"properties":{"code":"14850","name":"Lismore"}},
{"type":"Feature","geometry":{"type":"Polygon","coordinates":[[[149.8695,-33.52],[149.8925,-33.5605],[149.937,-33.564],[149.9375,-33.59],[149.974,-33.615],[149.9715,-33.6285],[149.985,-33.6655],[149.9845,-33.6885],[149.969,-33.701],[149.9685,-33.728],[150.034,-33.759],[150.0515,-33.7175],[150.0635,-33.7145],[150.0985,-33.739],[150.1255,-33.734],[150.18,-33.746],[150.2125,-33.721],[150.2075,-33.7085],[150.215,-33.675],[150.229,-33.676],[150.2405,-33.6385],[150.262,-33.6415],[150.2665,-33.6225],[150.237,-33.5935],[150.226,-33.5605],[150.2505,-33.558],[150.257,-33.4945],[150.3145,-33.5045],[150.3355,-33.512],[150.364,-33.489],[150.4025,-33.477],[150.4475,-33.4815],[150.451,-33.459],[150.473,-33.4385],[150.476,-33.3995],[150.49,-33.3775],[150.5155,-33.3775],[150.5495,-33.3685],[150.581,-33.3515],[150.5855,-33.3255],[150.567,-33.3055],[150.5415,-33.254],[150.527,-33.24],[150.534,-33.2115],[150.5275,-33.1965],[150.5525,-33.1835],[150.605,-33.147],[150.6115,-33.1195],[150.6105,-33.066],[150.553,-33.0595],[150.543,-33.041],[150.4965,-33.0355],[150.4845,-33.0485],[150.4485,-33.0355],[150.3715,-33.0155],[150.3765,-32.99],[150.3665,-32.9715],[150.3665,-32.9365],[150.341,-32.888],[150.3195,-32.9055],[150.275,-32.9165],[150.1935,-32.8935],[150.1715,-32.8805],[150.145,-32.8805],[150.1185,-32.8885],[150.104,-32.8815],[150.0615,-32.8865],[150.047,-32.9085],[150.0115,-32.907],[150.0005,-32.965],[150.021,-32.986],[150.0175,-33.0035],[149.981,-33.011],[149.9305,-33],[149.93,-33.0435],[149.9395,-33.0595],[149.932,-33.0985],[149.9205,-33.13],[149.899,-33.144],[149.861,-33.1185],[149.836,-33.123],[149.827,-33.105],[149.7975,-33.1015],[149.772,-33.116],[149.765,-33.123],[149.7545,-33.1775],[149.7805,-33.2085],[149.804,-33.207],[149.8215,-33.248],[149.8365,-33.2575],[149.8275,-33.3],[149.8335,-33.3245],[149.885,-33.3525],[149.915,-33.3835],[149.902,-33.438],[149.9195,-33.4405],[149.907,-33.5105],[149.8715,-33.509],[149.8695,-33.52]]]},"properties":{"code":"14870","name":"Lithgow"}},
{"type":"Feature","geometry":{"type":"Polygon","coordinates":[[[150.815,-33.8795],[150.7815,-33.8775],[150.6985,-33.864],[150.6925,-33.883],[150.6395,-33.8765],[150.6345,-33.9005],[150.649,-33.917],[150.62,-33.9475],[150.6295,-33.957],[150.6655,-33.9475],[150.7255,-33.939],[150.8225,-33.952],[150.815,-33.968],[150.8445,-33.9845],[150.887,-33.958],[150.913,-33.965],[150.9015,-34.007],[150.8865,-34.032],[150.941,-34.04],[150.9515,-34.0235],[150.9805,-34.017],[150.994,-33.9715],[150.966,-33.9435],[150.979,-33.928],[150.9735,-33.91],[150.937,-33.9035],[150.8965,-33.9075],[150.857,-33.8945],[150.8415,-33.8755],[150.815,-33.8795]]]},"properties":{"code":"14900","name":"Liverpool"}},
{"type":"Feature","geometry":{"type":"Polygon","coordinates":[[[149.913,-31.4535],[149.883,-31.452],[149.867,-31.5375],[149.9035,-31.5375],[149.914,-31.5725],[149.893,-31.5925],[149.8965,-31.62],[149.841,-31.616],[149.8645,-31.6365],[149.8635,-31.6695],[149.879,-31.692],[149.905,-31.707],[149.9655,-31.701],[149.9935,-31.722],[150.0135,-31.6975],[150.03,-31.691],[150.075,-31.74],[150.1105,-31.746],[150.135,-31.7685],[150.1515,-31.766],[150.189,-31.8155],[150.244,-31.8265],[150.2935,-31.849],[150.327,-31.8265],[150.358,-31.8315],[150.3675,-31.8425],[150.4075,-31.8335],[150.443,-31.855],[150.4825,-31.8315],[150.506,-31.8345],[150.5465,-31.858],[150.5665,-31.8445],[150.671,-31.8445],[150.7235,-31.8385],[150.7285,-31.8145],[150.713,-31.8045],[150.76,-31.7825],[150.7625,-31.7705],[150.81,-31.731],[150.849,-31.7305],[150.866,-31.6995],[150.8995,-31.691],[150.914,-31.648],[150.932,-31.64],[150.9725,-31.647],[150.999,-31.635],[150.9985,-31.6035],[150.995,-31.5755],[150.949,-31.5335],[150.9395,-31.5155],[150.9205,-31.513],[150.9,-31.4565],[150.882,-31.4535],[150.8655,-31.4175],[150.8165,-31.4015],[150.82,-31.363],[150.791,-31.359],[150.79,-31.326],[150.782,-31.301],[150.784,-31.27],[150.7535,-31.2325],[150.7545,-31.21],[150.728,-31.206],[150.719,-31.1835],[150.6975,-31.1825],[150.671,-31.144],[150.648,-31.1245],[150.615,-31.0855],[150.5925,-31.082],[150.5795,-31.147],[150.572,-31.206],[150.5865,-31.2105],[150.5735,-31.2815],[150.5505,-31.278],[150.5435,-31.363],[150.484,-31.356],[150.4695,-31.347],[150.4195,-31.34],[150.4335,-31.364],[150.4175,-31.3975],[150.3835,-31.386],[150.339,-31.386],[150.286,-31.374],[150.2005,-31.363],[150.161,-31.355],[150.1595,-31.314],[150.1485,-31.304],[150.1585,-31.2375],[150.1345,-31.2445],[150.1035,-31.24],[150.0915,-31.298],[150.079,-31.338],[150.04,-31.333],[150.0065,-31.321],[149.9865,-31.3295],[149.999,-31.3615],[149.988,-31.4275],[150.0025,-31.4455],[149.968,-31.458],[149.913,-31.4535]]]},"properties":{"code":"14920","name":"Liverpool Plains"}},
{"type":"Feature","geometry":{"type":"Polygon","coordinates":[[[146.605,-35.506],[146.67,-35.5205],[146.6625,-35.548],[146.702,-35.561],[146.796,-35.575],[146.7975,-35.5665],[146.8715,-35.576],[146.971,-35.5195],[146.991,-35.517],[146.994,-35.4895],[147.0165,-35.494],[147.0875,-35.4505],[147.1245,-35.4625],[147.16,-35.4645],[147.179,-35.4175],[147.1775,-35.365],[147.184,-35.345],[147.208,-35.336],[147.2305,-35.339],[147.2315,-35.304],[147.185,-35.2905],[147.139,-35.2465],[147.1495,-35.181],[147.058,-35.169],[147.051,-35.187],[146.945,-35.169],[146.93,-35.1615],[146.856,-35.1805],[146.844,-35.1765],[146.8325,-35.1485],[146.7945,-35.1055],[146.779,-35.0985],[146.7615,-35.0765],[146.6885,-35.068],[146.662,-35.089],[146.6345,-35.0965],[146.615,-35.1145],[146.5635,-35.119],[146.3895,-35.2315],[146.3865,-35.2475],[146.4135,-35.2505],[146.404,-35.3045],[146.389,-35.323],[146.364,-35.3375],[146.354,-35.388],[146.3645,-35.389],[146.4055,-35.4445],[146.432,-35.4715],[146.54,-35.487],[146.605,-35.506]]]},"properties":{"code":"14950","name":"Lockhart"}},
{"type":"Feature","geometry":{"type":"Polygon","coordinates":[[[151.605,-32.63],[151.495,-32.614],[151.4735,-32.6055],[151.471,-32.618],[151.435,-32.6135],[151.4245,-32.646],[151.403,-32.663],[151.4005,-32.703],[151.4205,-32.7395],[151.4945,-32.7515],[151.4895,-32.7755],[151.611,-32.792],[151.6235,-32.8105],[151.6375,-32.796],[151.706,-32.805],[151.7285,-32.76],[151.7145,-32.737],[151.686,-32.727],[151.665,-32.7395],[151.643,-32.703],[151.6105,-32.6905],[151.602,-32.654],[151.605,-32.63]]]},"properties":{"code":"15050","name":"Maitland"}},
{"type":"Feature","geometry":{"type":"Polygon","coordinates":[[[152.084,-31.5005],[151.913,-31.4765],[151.916,-31.51],[151.8445,-31.4995],[151.843,-31.509],[151.8025,-31.505],[151.7895,-31.515],[151.7615,-31.511],[151.7535,-31.5245],[151.764,-31.541],[151.7875,-31.5495],[151.8025,-31.574],[151.757,-31.6015],[151.757,-31.638],[151.74,-31.636],[151.688,-31.6135],[151.6115,-31.607],[151.6015,-31.5955],[151.564,-31.607],[151.5355,-31.596],[151.5225,-31.6795],[151.5325,-31.6975],[151.5175,-31.7695],[151.568,-31.7905],[151.594,-31.7895],[151.585,-31.8375],[151.5765,-31.855],[151.5355,-31.8455],[151.491,-31.878],[151.485,-31.893],[151.456,-31.924],[151.4425,-31.9495],[151.4545,-31.996],[151.4085,-32.0325],[151.406,-32.045],[151.455,-32.052],[151.489,-32.0505],[151.5215,-32.069],[151.537,-32.0705],[151.598,-32.106],[151.622,-32.096],[151.6485,-32.1005],[151.6545,-32.1155],[151.678,-32.1285],[151.698,-32.1765],[151.6955,-32.1935],[151.751,-32.2455],[151.8085,-32.2465],[151.8205,-32.311],[151.85,-32.3255],[151.8385,-32.39],[151.8425,-32.41],[151.8655,-32.411],[151.8865,-32.4265],[151.903,-32.4195],[151.907,-32.4555],[151.8925,-32.474],[151.8735,-32.5905],[151.8575,-32.6135],[151.9,-32.609],[151.957,-32.6155],[151.969,-32.654],[152.0025,-32.67],[152.035,-32.671],[152.062,-32.65],[152.069,-32.6895],[152.1075,-32.6805],[152.121,-32.662],[152.142,-32.6795],[152.186,-32.6825],[152.1955,-32.648],[152.2375,-32.6125],[152.2875,-32.592],[152.3105,-32.55],[152.364,-32.5085],[152.4485,-32.471],[152.515,-32.452],[152.5215,-32.3905],[152.545,-32.338],[152.5235,-32.3115],[152.527,-32.28],[152.544,-32.249],[152.571,-32.2155],[152.5435,-32.2015],[152.536,-32.183],[152.514,-32.1785],[152.506,-32.1645],[152.507,-32.1365],[152.523,-32.0985],[152.548,-32.0735],[152.544,-32.036],[152.578,-31.986],[152.609,-31.947],[152.636,-31.9205],[152.691,-31.8775],[152.747,-31.845],[152.733,-31.823],[152.745,-31.7935],[152.765,-31.7675],[152.8045,-31.728],[152.747,-31.721],[152.7215,-31.7095],[152.617,-31.693],[152.577,-31.689],[152.537,-31.6655],[152.5015,-31.661],[152.503,-31.637],[152.465,-31.6405],[152.4395,-31.653],[152.4205,-31.647],[152.407,-31.668],[152.382,-31.65],[152.352,-31.6465],[152.356,-31.625],[152.312,-31.6195],[152.341,-31.574],[152.345,-31.531],[152.329,-31.513],[152.2815,-31.5175],[152.2565,-31.4875],[152.2375,-31.509],[152.219,-31.5065],[152.206,-31.54],[152.1795,-31.5125],[152.188,-31.479],[152.177,-31.457],[152.1475,-31.443],[152.154,-31.4795],[152.1655,-31.5],[152.164,-31.517],[152.0855,-31.507],[152.084,-31.5005]]]},"properties":{"code":"15240","name":"Mid-Coast"}},
{"type":"Feature","geometry":{"type":"Polygon","coordinates":[[[149.226,-32.295],[149.1995,-32.307],[149.1765,-32.35],[149.1795,-32.3815],[149.173,-32.402],[149.2125,-32.4055],[149.2145,-32.395],[149.257,-32.3995],[149.2545,-32.4105],[149.285,-32.435],[149.255,-32.4475],[149.2775,-32.4865],[149.2925,-32.503],[149.2705,-32.5475],[149.2655,-32.575],[149.2505,-32.579],[149.2485,-32.5995],[149.263,-32.631],[149.288,-32.6385],[149.303,-32.6715],[149.2905,-32.688],[149.285,-32.722],[149.291,-32.7295],[149.2795,-32.7875],[149.2815,-32.8185],[149.238,-32.8125],[149.213,-32.8245],[149.234,-32.8495],[149.2185,-32.87],[149.235,-32.921],[149.266,-32.8995],[149.2815,-32.923],[149.274,-32.9565],[149.2375,-32.972],[149.2535,-32.988],[149.233,-32.9985],[149.2495,-33.013],[149.282,-33.0165],[149.274,-33.044],[149.299,-33.061],[149.323,-33.059],[149.343,-33.063],[149.3625,-33.0205],[149.403,-32.976],[149.4385,-32.9725],[149.4745,-32.9575],[149.501,-32.9755],[149.547,-32.977],[149.557,-32.9835],[149.6145,-32.995],[149.6465,-32.993],[149.6405,-33.0105],[149.653,-33.0465],[149.652,-33.066],[149.7105,-33.092],[149.753,-33.103],[149.772,-33.116],[149.7975,-33.1015],[149.827,-33.105],[149.836,-33.123],[149.861,-33.1185],[149.899,-33.144],[149.9205,-33.13],[149.932,-33.0985],[149.9395,-33.0595],[149.93,-33.0435],[149.9305,-33],[149.981,-33.011],[150.0175,-33.0035],[150.021,-32.986],[150.0005,-32.965],[150.0115,-32.907],[150.047,-32.9085],[150.0615,-32.8865],[150.104,-32.8815],[150.1185,-32.8885],[150.145,-32.8805],[150.1715,-32.8805],[150.1935,-32.8935],[150.275,-32.9165],[150.3195,-32.9055],[150.341,-32.888],[150.3405,-32.871],[150.362,-32.8675],[150.3625,-32.846],[150.3385,-32.809],[150.338,-32.7905],[150.2895,-32.7655],[150.2755,-32.7475],[150.291,-32.721],[150.3115,-32.647],[150.2365,-32.6085],[150.2605,-32.5965],[150.266,-32.5775],[150.237,-32.574],[150.247,-32.5515],[150.2405,-32.4945],[150.247,-32.46],[150.2675,-32.4495],[150.28,-32.422],[150.319,-32.4085],[150.3165,-32.385],[150.267,-32.377],[150.257,-32.315],[150.235,-32.3085],[150.188,-32.3345],[150.164,-32.3215],[150.142,-32.3415],[150.1315,-32.3375],[150.0655,-32.3455],[150.0535,-32.3505],[150.022,-32.3055],[150.0625,-32.244],[150.0495,-32.2255],[150.0625,-32.208],[150.062,-32.185],[150.035,-32.196],[149.9905,-32.1635],[149.9825,-32.1845],[149.961,-32.182],[149.9645,-32.16],[149.9395,-32.157],[149.948,-32.135],[149.8925,-32.1125],[149.8195,-32.1035],[149.7915,-32.0795],[149.7955,-32.058],[149.752,-32.0995],[149.751,-32.12],[149.693,-32.1125],[149.674,-32.1215],[149.6385,-32.1125],[149.6035,-32.127],[149.578,-32.106],[149.573,-32.0865],[149.533,-32.0895],[149.5005,-32.073],[149.495,-32.102],[149.4705,-32.1035],[149.4325,-32.095],[149.4125,-32.106],[149.4285,-32.124],[149.4135,-32.1755],[149.397,-32.177],[149.3735,-32.216],[149.3465,-32.238],[149.34,-32.2565],[149.306,-32.3045],[149.273,-32.295],[149.226,-32.295]]]},"properties":{"code":"15270","name":"Mid-Western"}},
{"type":"Feature","geometry":{"type":"Polygon","coordinates":[[[149.0565,-28.8995],[149.0585,-28.911],[149.031,-28.957],[148.9725,-28.9785],[148.958,-28.999],[148.942,-29.0245],[148.8975,-29.0205],[148.8415,-29.07],[148.83,-29.0655],[148.8045,-29.102],[148.797,-29.155],[148.805,-29.183],[148.7825,-29.1845],[148.7635,-29.1975],[148.7495,-29.237],[148.733,-29.2545],[148.721,-29.282],[148.7225,-29.316],[148.698,-29.326],[148.6925,-29.3465],[148.6975,-29.3745],[148.7145,-29.4225],[148.7025,-29.431],[148.6795,-29.478],[148.679,-29.504],[148.707,-29.516],[148.7385,-29.5045],[148.752,-29.5095],[148.8015,-29.5045],[148.816,-29.49],[148.8455,-29.497],[148.901,-29.4785],[148.8775,-29.6225],[148.88,-29.629],[149.089,-29.7125],[149.083,-29.7495],[149.2275,-29.767],[149.3885,-29.788],[149.414,-29.784],[149.4455,-29.7935],[149.485,-29.794],[149.5155,-29.8145],[149.552,-29.8175],[149.603,-29.801],[149.64,-29.778],[149.663,-29.7825],[149.659,-29.806],[149.713,-29.818],[149.7215,-29.7785],[149.759,-29.7835],[149.7525,-29.8235],[149.789,-29.8375],[149.7895,-29.8765],[149.8195,-29.8755],[149.9105,-29.8845],[149.903,-29.932],[149.9235,-29.9625],[149.9855,-29.9835],[150.0305,-29.988],[150.056,-30.0235],[150.059,-30.057],[150.074,-30.105],[150.124,-30.07],[150.1395,-30.0865],[150.163,-30.078],[150.172,-30.063],[150.1975,-30.0625],[150.249,-29.9935],[150.293,-29.9905],[150.2925,-29.964],[150.302,-29.957],[150.3005,-29.921],[150.3125,-29.8925],[150.294,-29.8705],[150.302,-29.84],[150.2905,-29.8025],[150.288,-29.75],[150.3025,-29.732],[150.288,-29.722],[150.263,-29.679],[150.232,-29.663],[150.1945,-29.62],[150.2115,-29.53],[150.1945,-29.519],[150.2195,-29.498],[150.169,-29.496],[150.184,-29.437],[150.246,-29.116],[150.2595,-29.014],[150.1485,-28.8895],[150.169,-28.8765],[150.344,-28.8275],[150.421,-28.752],[150.4795,-28.673],[150.484,-28.6625],[150.46,-28.669],[150.442,-28.6645],[150.416,-28.6355],[150.3915,-28.634],[150.37,-28.621],[150.3625,-28.589],[150.35,-28.575],[150.3295,-28.572],[150.32,-28.557],[150.293,-28.5375],[150.2675,-28.5405],[150.235,-28.555],[150.2135,-28.5735],[150.17,-28.5605],[150.1655,-28.554],[150.077,-28.5835],[150.0445,-28.587],[150.0305,-28.5805],[149.979,-28.6085],[149.9435,-28.614],[149.9085,-28.6105],[149.8895,-28.619],[149.8745,-28.607],[149.8305,-28.604],[149.7435,-28.618],[149.7095,-28.613],[149.697,-28.6315],[149.6475,-28.6125],[149.63,-28.595],[149.611,-28.601],[149.5975,-28.579],[149.5725,-28.572],[149.5565,-28.579],[149.508,-28.5755],[149.456,-28.5955],[149.43,-28.6265],[149.431,-28.638],[149.388,-28.6945],[149.3635,-28.689],[149.329,-28.699],[149.316,-28.711],[149.2965,-28.71],[149.2795,-28.732],[149.2325,-28.7495],[149.219,-28.763],[149.1885,-28.7755],[149.1865,-28.7945],[149.151,-28.8075],[149.128,-28.8355],[149.0975,-28.832],[149.08,-28.8435],[149.08,-28.858],[149.0545,-28.886],[149.0565,-28.8995]]]},"properties":{"code":"15300","name":"Moree Plains"}},
{"type":"Feature","geometry":{"type":"Polygon","coordinates":[[[151.229,-33.838],[151.2615,-33.8375],[151.253,-33.8175],[151.231,-33.817],[151.229,-33.838]]]},"properties":{"code":"15350","name":"Mosman"}},
{"type":"Feature","geometry":{"type":"Polygon","coordinates":[[[143.8155,-35.447],[143.8415,-35.4585],[143.868,-35.4815],[143.919,-35.5005],[143.948,-35.501],[143.969,-35.511],[143.9895,-35.553],[144.048,-35.5565],[144.062,-35.5765],[144.105,-35.591],[144.1175,-35.626],[144.195,-35.686],[144.215,-35.7045],[144.2485,-35.7215],[144.2615,-35.7495],[144.3215,-35.758],[144.353,-35.778],[144.3755,-35.801],[144.365,-35.8195],[144.4025,-35.8675],[144.4085,-35.899],[144.447,-35.9355],[144.4715,-35.942],[144.4935,-35.968],[144.514,-35.974],[144.53,-35.9945],[144.578,-36.021],[144.592,-36.0435],[144.6185,-36.0395],[144.625,-36.052],[144.653,-36.053],[144.653,-36.073],[144.6915,-36.073],[144.685,-36.0915],[144.7115,-36.0915],[144.7175,-36.1125],[144.7435,-36.109],[144.769,-36.1155],[144.778,-36.13],[144.83,-36.103],[144.8425,-36.083],[144.875,-36.0575],[144.9325,-36.067],[144.9465,-36.0825],[144.9825,-36.072],[144.982,-36.0485],[144.968,-36.042],[144.962,-36.019],[144.9235,-35.989],[144.9265,-35.974],[144.957,-35.962],[144.949,-35.932],[144.975,-35.8835],[144.9795,-35.8585],[145.0135,-35.8575],[145.073,-35.8275],[145.134,-35.8275],[145.1685,-35.8425],[145.183,-35.835],[145.223,-35.8425],[145.2465,-35.8305],[145.2845,-35.8565],[145.3075,-35.8605],[145.325,-35.851],[145.36,-35.862],[145.3405,-35.8315],[145.347,-35.7935],[145.332,-35.7645],[145.343,-35.7115],[145.3015,-35.719],[145.274,-35.6985],[145.206,-35.685],[145.1805,-35.687],[145.144,-35.675],[145.102,-35.636],[145.052,-35.627],[145.02,-35.608],[144.996,-35.583],[144.895,-35.5715],[144.9065,-35.5055],[144.887,-35.485],[144.8635,-35.4815],[144.85,-35.46],[144.8005,-35.4455],[144.764,-35.44],[144.7565,-35.4245],[144.7335,-35.4145],[144.6915,-35.415],[144.652,-35.394],[144.643,-35.3615],[144.607,-35.3555],[144.5985,-35.3355],[144.5775,-35.3365],[144.5425,-35.3235],[144.514,-35.293],[144.472,-35.284],[144.437,-35.248],[144.4215,-35.215],[144.3785,-35.1895],[144.305,-35.186],[144.2365,-35.174],[144.2035,-35.1515],[144.171,-35.16],[144.1485,-35.1535],[144.1425,-35.1395],[144.0995,-35.1225],[144.058,-35.0915],[144.0875,-35.0835],[144.137,-35.0445],[144.1465,-34.999],[144.1635,-34.894],[144.1245,-34.887],[144.1495,-34.7405],[143.901,-34.6535],[143.935,-34.4485],[143.939,-34.404],[143.924,-34.402],[143.9245,-34.3745],[143.9455,-34.357],[143.9265,-34.3605],[143.8995,-34.3305],[143.8775,-34.349],[143.8405,-34.3575],[143.8085,-34.378],[143.782,-34.3785],[143.7315,-34.4235],[143.7305,-34.462],[143.7155,-34.4655],[143.7065,-34.4895],[143.6875,-34.488],[143.687,-34.51],[143.643,-34.5525],[143.639,-34.6155],[143.6275,-34.6895],[143.6005,-34.6865],[143.581,-34.714],[143.575,-34.7355],[143.5415,-34.7315],[143.54,-34.762],[143.524,-34.783],[143.5085,-34.8215],[143.489,-34.943],[143.466,-34.9255],[143.468,-34.9035],[143.417,-34.894],[143.399,-34.876],[143.3705,-34.8705],[143.3525,-34.858],[143.3225,-34.892],[143.342,-34.919],[143.341,-34.9405],[143.3195,-34.9485],[143.318,-34.986],[143.336,-35.003],[143.3335,-35.018],[143.341,-35.089],[143.347,-35.105],[143.374,-35.123],[143.391,-35.1465],[143.382,-35.173],[143.3965,-35.193],[143.4635,-35.202],[143.4715,-35.2195],[143.52,-35.2125],[143.5295,-35.22],[143.564,-35.2025],[143.5795,-35.214],[143.5655,-35.2355],[143.5845,-35.2795],[143.563,-35.318],[143.6295,-35.392],[143.6425,-35.401],[143.677,-35.372],[143.7085,-35.392],[143.7465,-35.3885],[143.768,-35.401],[143.764,-35.4235],[143.79,-35.4225],[143.8155,-35.447]]]},"properties":{"code":"15520","name":"Murray River"}},
{"type":"Feature","geometry":{"type":"Polygon","coordinates":[[[145.4845,-35.512],[145.716,-35.54],[145.738,-35.5375],[145.7935,-35.5445],[145.792,-35.5555],[145.969,-35.578],[146.0075,-35.587],[146.0075,-35.5635],[146.027,-35.527],[146.065,-35.3225],[146.011,-35.3055],[145.9935,-35.3115],[145.984,-35.2855],[145.96,-35.2825],[145.9645,-35.2505],[145.9965,-35.224],[146.0395,-35.195],[146.0095,-35.1665],[146.0305,-35.0545],[146.0425,-35.0565],[146.058,-35.033],[146.049,-35.018],[146.0655,-34.948],[146.061,-34.9415],[146.075,-34.898],[146.1375,-34.908],[146.1525,-34.9015],[146.1745,-34.7905],[146.198,-34.788],[146.219,-34.675],[146.2295,-34.617],[146.186,-34.623],[146.171,-34.609],[146.1535,-34.628],[146.1125,-34.631],[146.028,-34.5655],[145.9895,-34.548],[145.9775,-34.563],[145.9495,-34.553],[145.9325,-34.563],[145.917,-34.553],[145.883,-34.559],[145.869,-34.5745],[145.849,-34.5775],[145.825,-34.552],[145.8,-34.5585],[145.772,-34.547],[145.7495,-34.5275],[145.726,-34.5285],[145.6995,-34.519],[145.684,-34.4945],[145.696,-34.469],[145.663,-34.4645],[145.646,-34.474],[145.6255,-34.4705],[145.613,-34.455],[145.572,-34.458],[145.557,-34.4425],[145.489,-34.4395],[145.4715,-34.4545],[145.4395,-34.4515],[145.4325,-34.4395],[145.4045,-34.451],[145.391,-34.4665],[145.3615,-34.45],[145.316,-34.4755],[145.3015,-34.468],[145.2545,-34.4815],[145.2405,-34.506],[145.218,-34.639],[145.21,-34.7085],[145.203,-34.708],[145.1785,-34.851],[145.41,-34.854],[145.5985,-34.8575],[145.5675,-35.031],[145.562,-35.0315],[145.5415,-35.1525],[145.535,-35.211],[145.5435,-35.2275],[145.5255,-35.2415],[145.5325,-35.272],[145.5165,-35.288],[145.5265,-35.2985],[145.4945,-35.4905],[145.4845,-35.512]]]},"properties":{"code":"15560","name":"Murrumbidgee"}},
{"type":"Feature","geometry":{"type":"Polygon","coordinates":[[[150.319,-32.4085],[150.28,-32.422],[150.2675,-32.4495],[150.247,-32.46],[150.2405,-32.4945],[150.247,-32.5515],[150.237,-32.574],[150.266,-32.5775],[150.2605,-32.5965],[150.2365,-32.6085],[150.3115,-32.647],[150.291,-32.721],[150.2755,-32.7475],[150.2895,-32.7655],[150.338,-32.7905],[150.3385,-32.809],[150.3625,-32.846],[150.422,-32.82],[150.4325,-32.8005],[150.461,-32.7945],[150.4945,-32.7545],[150.516,-32.7485],[150.5275,-32.76],[150.563,-32.756],[150.5815,-32.747],[150.602,-32.7185],[150.634,-32.7025],[150.6715,-32.6985],[150.682,-32.6325],[150.7445,-32.6415],[150.778,-32.474],[150.802,-32.466],[150.8305,-32.4855],[150.8415,-32.482],[150.8545,-32.4505],[150.883,-32.47],[150.898,-32.397],[150.9765,-32.408],[150.984,-32.3975],[151.018,-32.402],[151.0285,-32.3445],[151.048,-32.3325],[151.099,-32.3355],[151.096,-32.312],[151.1095,-32.2815],[151.129,-32.2695],[151.156,-32.2665],[151.1695,-32.242],[151.159,-32.211],[151.1405,-32.197],[151.1185,-32.1935],[151.101,-32.1785],[151.066,-32.166],[151.016,-32.1775],[150.9755,-32.17],[150.916,-32.182],[150.8765,-32.1805],[150.8615,-32.1895],[150.6565,-32.1605],[150.629,-32.148],[150.499,-32.13],[150.509,-32.1485],[150.493,-32.168],[150.494,-32.227],[150.5105,-32.2915],[150.5275,-32.3135],[150.5255,-32.3515],[150.4775,-32.333],[150.469,-32.322],[150.3935,-32.334],[150.387,-32.3795],[150.3425,-32.385],[150.319,-32.4085]]]},"properties":{"code":"15650","name":"Muswellbrook"}},
{"type":"Feature","geometry":{"type":"Polygon","coordinates":[[[152.999,-30.7615],[152.9895,-30.737],[152.9915,-30.698],[153.017,-30.6435],[153.01,-30.6155],[153.017,-30.565],[153.004,-30.567],[152.8745,-30.5495],[152.84,-30.5425],[152.723,-30.5255],[152.671,-30.537],[152.6305,-30.5395],[152.498,-30.519],[152.4085,-30.4885],[152.4005,-30.501],[152.4305,-30.5135],[152.488,-30.556],[152.5045,-30.5875],[152.539,-30.6175],[152.5505,-30.686],[152.557,-30.6995],[152.5805,-30.7115],[152.5915,-30.7325],[152.6085,-30.743],[152.63,-30.775],[152.665,-30.8125],[152.685,-30.817],[152.6785,-30.8425],[152.665,-30.863],[152.6805,-30.874],[152.707,-30.874],[152.733,-30.8645],[152.7715,-30.928],[152.813,-30.9235],[152.851,-30.9065],[152.87,-30.886],[152.8895,-30.8795],[152.917,-30.8245],[152.958,-30.794],[152.974,-30.7755],[152.999,-30.7615]]]},"properties":{"code":"15700","name":"Nambucca Valley"}},
{"type":"Feature","geometry":{"type":"Polygon","coordinates":[[[148.8345,-30.5295],[148.8105,-30.6735],[148.923,-30.6245],[148.9485,-30.6545],[148.992,-30.622],[149.0255,-30.6055],[149.0525,-30.64],[149.036,-30.656],[149.048,-30.713],[149.117,-30.7135],[149.113,-30.729],[149.128,-30.7745],[149.1225,-30.7975],[149.155,-30.785],[149.2075,-30.9065],[149.311,-30.8635],[149.406,-30.8755],[149.408,-30.8815],[149.495,-30.893],[149.5235,-30.8665],[149.6585,-30.884],[149.659,-30.87],[149.6795,-30.8615],[149.7585,-30.872],[149.761,-30.8555],[149.7885,-30.859],[149.808,-30.781],[149.825,-30.7595],[149.885,-30.762],[149.9725,-30.774],[150.005,-30.749],[150.044,-30.775],[150.053,-30.8005],[150.102,-30.8055],[150.112,-30.7505],[150.1615,-30.747],[150.2645,-30.763],[150.2685,-30.74],[150.2955,-30.7305],[150.3025,-30.6945],[150.2955,-30.6745],[150.3375,-30.6745],[150.353,-30.662],[150.3495,-30.6355],[150.389,-30.6165],[150.391,-30.605],[150.365,-30.5835],[150.3885,-30.551],[150.366,-30.5435],[150.359,-30.519],[150.3675,-30.47],[150.363,-30.4335],[150.3515,-30.418],[150.3225,-30.4195],[150.314,-30.429],[150.283,-30.431],[150.239,-30.4015],[150.224,-30.371],[150.2035,-30.375],[150.1885,-30.3595],[150.195,-30.321],[150.167,-30.2285],[150.1455,-30.209],[150.1025,-30.192],[150.0895,-30.1715],[150.074,-30.105],[150.059,-30.057],[150.056,-30.0235],[150.0305,-29.988],[149.9855,-29.9835],[149.9235,-29.9625],[149.903,-29.932],[149.9105,-29.8845],[149.8195,-29.8755],[149.7895,-29.8765],[149.789,-29.8375],[149.7525,-29.8235],[149.759,-29.7835],[149.7215,-29.7785],[149.713,-29.818],[149.659,-29.806],[149.663,-29.7825],[149.64,-29.778],[149.603,-29.801],[149.552,-29.8175],[149.5155,-29.8145],[149.485,-29.794],[149.4455,-29.7935],[149.414,-29.784],[149.3885,-29.788],[149.2275,-29.767],[149.083,-29.7495],[149.066,-29.8585],[149.0625,-29.8605],[149.048,-29.9535],[149.0945,-29.9595],[149.081,-30.0345],[149.068,-30.033],[149.055,-30.0925],[149.0235,-30.1055],[149.0205,-30.1295],[148.997,-30.127],[148.9705,-30.1495],[148.9815,-30.168],[148.943,-30.188],[148.938,-30.204],[148.922,-30.3125],[148.921,-30.338],[148.885,-30.327],[148.8795,-30.3675],[148.8515,-30.5315],[148.8345,-30.5295]]]},"properties":{"code":"15750","name":"Narrabri"}},
{"type":"Feature","geometry":{"type":"Polygon","coordinates":[[[146.219,-34.675],[146.198,-34.788],[146.1745,-34.7905],[146.1525,-34.9015],[146.1925,-34.9235],[146.2335,-34.8735],[146.3175,-34.898],[146.334,-34.9085],[146.369,-34.9145],[146.6885,-35.068],[146.7615,-35.0765],[146.779,-35.0985],[146.794,-35.058],[146.8075,-34.987],[146.8045,-34.9695],[146.7795,-34.947],[146.7845,-34.924],[146.8435,-34.899],[146.831,-34.881],[146.8485,-34.808],[146.9115,-34.4825],[146.8355,-34.4725],[146.792,-34.4725],[146.8025,-34.427],[146.823,-34.311],[146.7185,-34.298],[146.729,-34.237],[146.624,-34.2245],[146.6355,-34.151],[146.458,-34.133],[146.4645,-34.0965],[146.3595,-34.0835],[146.3285,-34.2635],[146.305,-34.2605],[146.2995,-34.2895],[146.3115,-34.3115],[146.307,-34.335],[146.3905,-34.345],[146.386,-34.3725],[146.397,-34.3865],[146.3925,-34.411],[146.4005,-34.4415],[146.441,-34.4425],[146.439,-34.455],[146.4825,-34.463],[146.4705,-34.5255],[146.514,-34.531],[146.5165,-34.5535],[146.4875,-34.709],[146.469,-34.7225],[146.437,-34.7105],[146.376,-34.6945],[146.345,-34.6995],[146.3325,-34.689],[146.219,-34.675]]]},"properties":{"code":"15800","name":"Narrandera"}},
{"type":"Feature","geometry":{"type":"Polygon","coordinates":[[[147.6965,-32.369],[147.708,-32.387],[147.7725,-32.4235],[147.81,-32.4185],[147.85,-32.4345],[147.885,-32.44],[147.906,-32.4335],[147.9055,-32.4605],[147.923,-32.47],[147.936,-32.4905],[147.9665,-32.502],[147.964,-32.519],[147.983,-32.529],[148.0185,-32.567],[148.0915,-32.6055],[148.1075,-32.6485],[148.1285,-32.683],[148.2485,-32.6815],[148.2645,-32.678],[148.347,-32.676],[148.3495,-32.637],[148.3915,-32.622],[148.405,-32.6235],[148.416,-32.5955],[148.392,-32.53],[148.399,-32.4795],[148.394,-32.4375],[148.38,-32.4265],[148.4075,-32.397],[148.379,-32.3935],[148.405,-32.3105],[148.398,-32.2575],[148.3755,-32.257],[148.366,-32.198],[148.388,-32.2045],[148.4045,-32.183],[148.4425,-32.1515],[148.414,-32.1355],[148.419,-32.104],[148.406,-32.102],[148.421,-32.055],[148.437,-32.061],[148.4395,-32.017],[148.4185,-32.014],[148.3675,-31.9675],[148.3435,-31.9365],[148.329,-31.878],[148.311,-31.857],[148.3015,-31.7925],[148.259,-31.783],[148.2005,-31.818],[148.1625,-31.8155],[148.1535,-31.804],[148.127,-31.8095],[148.0665,-31.864],[148.0435,-31.89],[147.9995,-31.8675],[147.992,-31.873],[147.9475,-31.867],[147.8525,-31.9335],[147.8365,-31.9275],[147.794,-31.969],[147.7845,-32],[147.7465,-31.9895],[147.7245,-32.026],[147.6305,-32.1],[147.4945,-32.1885],[147.499,-32.213],[147.544,-32.2415],[147.5605,-32.241],[147.578,-32.2575],[147.616,-32.271],[147.635,-32.2975],[147.6565,-32.3],[147.686,-32.318],[147.6965,-32.369]]]},"properties":{"code":"15850","name":"Narromine"}},
{"type":"Feature","geometry":{"type":"Polygon","coordinates":[[[151.686,-32.823],[151.706,-32.805],[151.6375,-32.796],[151.6235,-32.8105],[151.6095,-32.8805],[151.6065,-32.8925],[151.641,-32.8975],[151.637,-32.9195],[151.6885,-32.9275],[151.684,-32.948],[151.729,-32.955],[151.738,-32.963],[151.7935,-32.9265],[151.7715,-32.925],[151.7645,-32.8915],[151.783,-32.8825],[151.7745,-32.8565],[151.7305,-32.8485],[151.686,-32.823]]]},"properties":{"code":"15900","name":"Newcastle"}},
{"type":"Feature","geometry":{"type":"Polygon","coordinates":[[[151.22,-33.8175],[151.195,-33.8235],[151.189,-33.8335],[151.2045,-33.849],[151.229,-33.838],[151.231,-33.817],[151.22,-33.8175]]]},"properties":{"code":"15950","name":"North Sydney"}},
{"type":"Feature","geometry":{"type":"Polygon","coordinates":[[[151.284,-33.645],[151.2745,-33.6335],[151.303,-33.6205],[151.2925,-33.572],[151.2235,-33.609],[151.205,-33.6155],[151.165,-33.6395],[151.1615,-33.6595],[151.166,-33.686],[151.1915,-33.7025],[151.1805,-33.74],[151.203,-33.7735],[151.219,-33.7825],[151.232,-33.782],[151.235,-33.794],[151.261,-33.815],[151.282,-33.7985],[151.297,-33.751],[151.309,-33.739],[151.295,-33.7195],[151.298,-33.704],[151.326,-33.66],[151.332,-33.6365],[151.3045,-33.6355],[151.284,-33.645]]]},"properties":{"code":"15990","name":"Northern Beaches"}},
{"type":"Feature","geometry":{"type":"Polygon","coordinates":[[[149.3945,-33.9975],[149.4345,-34.023],[149.48,-34.0155],[149.5185,-34.0415],[149.5275,-34.061],[149.565,-34.088],[149.5835,-34.107],[149.63,-34.1145],[149.6815,-34.1915],[149.7055,-34.1985],[149.749,-34.189],[149.8045,-34.2025],[149.85,-34.1835],[149.8735,-34.1885],[149.918,-34.183],[149.936,-34.159],[149.9495,-34.125],[149.932,-34.1165],[149.9355,-34.097],[149.9595,-34.079],[150.0075,-34.0855],[150.0115,-34.1095],[150.0375,-34.121],[150.105,-34.1385],[150.105,-34.1095],[150.1175,-34.0775],[150.146,-34.0705],[150.141,-34.051],[150.165,-34.0235],[150.209,-33.998],[150.241,-33.952],[150.1755,-33.945],[150.156,-33.893],[150.185,-33.8805],[150.1705,-33.8725],[150.1855,-33.838],[150.1695,-33.8255],[150.1805,-33.806],[150.172,-33.788],[150.1955,-33.7665],[150.18,-33.746],[150.1255,-33.734],[150.0985,-33.739],[150.0635,-33.7145],[150.0515,-33.7175],[150.034,-33.759],[149.9685,-33.728],[149.969,-33.701],[149.9845,-33.6885],[149.985,-33.6655],[149.9715,-33.6285],[149.974,-33.615],[149.9375,-33.59],[149.937,-33.564],[149.8925,-33.5605],[149.8695,-33.52],[149.791,-33.5465],[149.7715,-33.5265],[149.7555,-33.5405],[149.7315,-33.5375],[149.723,-33.5255],[149.678,-33.5],[149.6645,-33.485],[149.629,-33.497],[149.6185,-33.553],[149.657,-33.574],[149.669,-33.6025],[149.708,-33.612],[149.7105,-33.6325],[149.6815,-33.684],[149.657,-33.6805],[149.631,-33.667],[149.6155,-33.7025],[149.584,-33.707],[149.5705,-33.744],[149.5275,-33.744],[149.502,-33.7535],[149.485,-33.7885],[149.4795,-33.819],[149.4835,-33.8465],[149.444,-33.844],[149.4135,-33.8575],[149.4035,-33.9245],[149.4055,-33.948],[149.3945,-33.9975]]]},"properties":{"code":"16100","name":"Oberon"}},
{"type":"Feature","geometry":{"type":"Polygon","coordinates":[[[149.171,-33.4325],[149.216,-33.437],[149.2345,-33.4275],[149.2265,-33.411],[149.232,-33.382],[149.2075,-33.3745],[149.181,-33.338],[149.1885,-33.303],[149.161,-33.2845],[149.1695,-33.241],[149.166,-33.2285],[149.092,-33.2175],[149.088,-33.2295],[149.055,-33.225],[149.044,-33.232],[149.0325,-33.2735],[149.0505,-33.284],[149.0205,-33.3605],[149.0415,-33.3825],[149.095,-33.394],[149.1515,-33.394],[149.171,-33.4325]]]},"properties":{"code":"16150","name":"Orange"}},
{"type":"Feature","geometry":{"type":"Polygon","coordinates":[[[147.555,-33.048],[147.5485,-33.0875],[147.5715,-33.09],[147.565,-33.1295],[147.6435,-33.139],[147.6355,-33.186],[147.845,-33.2115],[147.8795,-33.2045],[147.8965,-33.2145],[147.92,-33.2125],[147.9205,-33.2445],[147.976,-33.249],[147.9955,-33.26],[148.0125,-33.2555],[148.08,-33.2645],[148.0845,-33.276],[148.172,-33.2535],[148.195,-33.2715],[148.227,-33.276],[148.233,-33.2435],[148.254,-33.2455],[148.2355,-33.209],[148.2555,-33.1985],[148.31,-33.2075],[148.335,-33.223],[148.36,-33.2165],[148.4015,-33.2255],[148.43,-33.216],[148.4315,-33.2],[148.4665,-33.209],[148.496,-33.191],[148.5055,-33.166],[148.5025,-33.1405],[148.4865,-33.123],[148.498,-33.102],[148.5035,-33.047],[148.481,-33.0165],[148.465,-33.0145],[148.43,-32.97],[148.3995,-32.959],[148.372,-32.9715],[148.382,-32.9345],[148.3835,-32.852],[148.378,-32.833],[148.3285,-32.7985],[148.3355,-32.7815],[148.3295,-32.701],[148.347,-32.676],[148.2645,-32.678],[148.2485,-32.6815],[148.1285,-32.683],[148.1075,-32.6485],[148.0915,-32.6055],[148.0185,-32.567],[147.983,-32.529],[147.964,-32.519],[147.9665,-32.502],[147.936,-32.4905],[147.923,-32.47],[147.9055,-32.4605],[147.906,-32.4335],[147.885,-32.44],[147.85,-32.4345],[147.81,-32.4185],[147.7725,-32.4235],[147.708,-32.387],[147.6965,-32.369],[147.5615,-32.456],[147.5455,-32.552],[147.556,-32.559],[147.5505,-32.595],[147.5645,-32.616],[147.557,-32.629],[147.5535,-32.673],[147.5775,-32.6755],[147.5685,-32.7355],[147.5985,-32.7385],[147.6045,-32.7625],[147.5925,-32.836],[147.5875,-32.8355],[147.571,-32.9495],[147.557,-32.948],[147.543,-33.02],[147.559,-33.022],[147.555,-33.048]]]},"properties":{"code":"16200","name":"Parkes"}},
{"type":"Feature","geometry":{"type":"Polygon","coordinates":[[[151.049,-33.7585],[150.9705,-33.7735],[150.959,-33.7685],[150.9505,-33.785],[150.955,-33.8],[150.994,-33.815],[151.019,-33.8375],[151.03,-33.835],[151.064,-33.856],[151.0815,-33.85],[151.0805,-33.8395],[151.0735,-33.8185],[151.0655,-33.791],[151.085,-33.7865],[151.0975,-33.7655],[151.049,-33.7585]]]},"properties":{"code":"16260","name":"Parramatta"}},
{"type":"Feature","geometry":{"type":"Polygon","coordinates":[[[150.659,-33.6855],[150.658,-33.7135],[150.644,-33.721],[150.6405,-33.782],[150.6195,-33.814],[150.6,-33.826],[150.588,-33.845],[150.611,-33.8585],[150.631,-33.861],[150.6395,-33.8765],[150.6925,-33.883],[150.6985,-33.864],[150.7815,-33.8775],[150.815,-33.8795],[150.8235,-33.836],[150.813,-33.8225],[150.812,-33.7905],[150.7825,-33.74],[150.7595,-33.73],[150.766,-33.706],[150.8125,-33.6775],[150.782,-33.6375],[150.7085,-33.6135],[150.6815,-33.625],[150.666,-33.654],[150.659,-33.6855]]]},"properties":{"code":"16350","name":"Penrith"}},
{"type":"Feature","geometry":{"type":"Polygon","coordinates":[[[152.3495,-31.117],[152.331,-31.1275],[152.3165,-31.203],[152.2545,-31.1945],[152.253,-31.2055],[152.2235,-31.208],[152.1995,-31.1935],[152.1475,-31.196],[152.1495,-31.224],[152.161,-31.241],[152.1475,-31.28],[152.1235,-31.2785],[152.1,-31.392],[152.0655,-31.409],[152.0645,-31.4385],[152.083,-31.448],[152.084,-31.5005],[152.0855,-31.507],[152.164,-31.517],[152.1655,-31.5],[152.154,-31.4795],[152.1475,-31.443],[152.177,-31.457],[152.188,-31.479],[152.1795,-31.5125],[152.206,-31.54],[152.219,-31.5065],[152.2375,-31.509],[152.2565,-31.4875],[152.2815,-31.5175],[152.329,-31.513],[152.345,-31.531],[152.341,-31.574],[152.312,-31.6195],[152.356,-31.625],[152.352,-31.6465],[152.382,-31.65],[152.407,-31.668],[152.4205,-31.647],[152.4395,-31.653],[152.465,-31.6405],[152.503,-31.637],[152.5015,-31.661],[152.537,-31.6655],[152.577,-31.689],[152.617,-31.693],[152.7215,-31.7095],[152.747,-31.721],[152.8045,-31.728],[152.7935,-31.7055],[152.805,-31.682],[152.834,-31.65],[152.8345,-31.624],[152.848,-31.599],[152.84,-31.59],[152.8525,-31.5605],[152.877,-31.5295],[152.935,-31.476],[152.936,-31.461],[152.9145,-31.4235],[152.922,-31.3885],[152.9375,-31.361],[152.973,-31.318],[152.9665,-31.3105],[152.8645,-31.296],[152.864,-31.2875],[152.8215,-31.283],[152.8295,-31.245],[152.818,-31.228],[152.7465,-31.2165],[152.7515,-31.1945],[152.706,-31.1805],[152.707,-31.1515],[152.6405,-31.1495],[152.5975,-31.1235],[152.5615,-31.13],[152.5565,-31.148],[152.5395,-31.163],[152.514,-31.1675],[152.471,-31.1665],[152.456,-31.156],[152.386,-31.1665],[152.3695,-31.1565],[152.3685,-31.1365],[152.3495,-31.117]]]},"properties":{"code":"16380","name":"Port Macquarie-Hastings"}},
{"type":"Feature","geometry":{"type":"Polygon","coordinates":[[[151.969,-32.654],[151.957,-32.6155],[151.9,-32.609],[151.8575,-32.6135],[151.85,-32.651],[151.8215,-32.6465],[151.803,-32.6335],[151.8075,-32.599],[151.7775,-32.594],[151.765,-32.607],[151.6845,-32.594],[151.67,-32.579],[151.6305,-32.618],[151.605,-32.63],[151.602,-32.654],[151.6105,-32.6905],[151.643,-32.703],[151.665,-32.7395],[151.686,-32.727],[151.7145,-32.737],[151.7285,-32.76],[151.706,-32.805],[151.686,-32.823],[151.7265,-32.835],[151.742,-32.848],[151.7685,-32.8525],[151.7725,-32.825],[151.8085,-32.8205],[151.8185,-32.831],[151.793,-32.8565],[151.794,-32.8755],[151.81,-32.878],[151.8525,-32.8535],[151.9255,-32.822],[152.024,-32.7915],[152.0735,-32.7835],[152.116,-32.791],[152.1325,-32.764],[152.168,-32.762],[152.1855,-32.719],[152.162,-32.7095],[152.1285,-32.72],[152.1125,-32.7165],[152.091,-32.728],[151.9745,-32.727],[151.959,-32.7345],[151.943,-32.7185],[151.978,-32.706],[151.978,-32.691],[151.953,-32.6865],[151.969,-32.654]]]},"properties":{"code":"16400","name":"Port Stephens"}},
{"type":"Feature","geometry":{"type":"Polygon","coordinates":[[[149.138,-35.5795],[149.1645,-35.6],[149.184,-35.6005],[149.196,-35.5855],[149.246,-35.5935],[149.264,-35.6045],[149.2945,-35.659],[149.319,-35.6675],[149.37,-35.6465],[149.3905,-35.629],[149.409,-35.6385],[149.4545,-35.631],[149.5045,-35.637],[149.5135,-35.6725],[149.504,-35.68],[149.523,-35.7175],[149.516,-35.7815],[149.5235,-35.8155],[149.4925,-35.8195],[149.4855,-35.8615],[149.4965,-35.8875],[149.52,-35.915],[149.5115,-35.952],[149.528,-35.9875],[149.564,-35.986],[149.5685,-36.009],[149.601,-35.9915],[149.6085,-35.967],[149.6245,-35.9635],[149.6605,-35.9865],[149.6815,-35.976],[149.692,-35.91],[149.679,-35.87],[149.6765,-35.8255],[149.685,-35.8035],[149.7095,-35.784],[149.752,-35.7895],[149.7965,-35.7735],[149.815,-35.756],[149.8305,-35.7215],[149.856,-35.72],[149.9085,-35.637],[149.935,-35.611],[149.929,-35.577],[149.9575,-35.5305],[149.964,-35.501],[149.979,-35.5025],[149.9985,-35.4785],[150.0075,-35.431],[150.0385,-35.405],[150.037,-35.3675],[150.0465,-35.3475],[150.038,-35.3315],[150.053,-35.309],[150.114,-35.291],[150.148,-35.27],[150.1975,-35.23],[150.1865,-35.2],[150.2145,-35.1945],[150.2045,-35.1775],[150.176,-35.1655],[150.1705,-35.1495],[150.1415,-35.1445],[150.1295,-35.098],[150.103,-35.082],[150.106,-35.0715],[150.0715,-35.0495],[150.0645,-35.0225],[150.052,-35.0075],[150.024,-35.0035],[150.029,-35.0385],[150.0225,-35.0555],[149.995,-35.0755],[149.994,-35.102],[150.0265,-35.1045],[150.032,-35.131],[149.9975,-35.142],[149.9785,-35.166],[149.9615,-35.1505],[149.935,-35.1495],[149.9345,-35.1665],[149.954,-35.184],[149.9525,-35.2085],[149.931,-35.235],[149.9005,-35.2245],[149.8805,-35.2395],[149.852,-35.248],[149.846,-35.2145],[149.8355,-35.207],[149.799,-35.208],[149.7705,-35.194],[149.766,-35.171],[149.7315,-35.1825],[149.6605,-35.138],[149.653,-35.1155],[149.6315,-35.1345],[149.607,-35.1315],[149.591,-35.1565],[149.5425,-35.1525],[149.56,-35.1155],[149.55,-35.1045],[149.5565,-35.071],[149.538,-35.0685],[149.5525,-34.9935],[149.551,-34.9755],[149.5245,-34.9695],[149.541,-34.921],[149.5215,-34.907],[149.491,-34.902],[149.4885,-34.9165],[149.455,-34.9115],[149.448,-34.928],[149.4225,-34.9295],[149.406,-34.963],[149.3875,-34.98],[149.38,-35.007],[149.3735,-35.063],[149.376,-35.0955],[149.348,-35.1195],[149.3295,-35.152],[149.296,-35.1745],[149.2315,-35.1835],[149.2005,-35.2055],[149.214,-35.2195],[149.2385,-35.222],[149.2345,-35.2405],[149.2715,-35.271],[149.3155,-35.276],[149.3505,-35.2995],[149.3835,-35.3065],[149.397,-35.3245],[149.35,-35.351],[149.3365,-35.3395],[149.3,-35.333],[149.2845,-35.3375],[149.247,-35.331],[149.2045,-35.348],[149.1835,-35.3795],[149.147,-35.414],[149.135,-35.4535],[149.151,-35.491],[149.15,-35.511],[149.1325,-35.549],[149.138,-35.5795]]]},"properties":{"code":"16490","name":"Queanbeyan-Palerang"}},
{"type":"Feature","geometry":{"type":"Polygon","coordinates":[[[151.241,-33.89],[151.2335,-33.8895],[151.2145,-33.9245],[151.228,-33.925],[151.2305,-33.9555],[151.2205,-33.9685],[151.2375,-33.9985],[151.2495,-33.9985],[151.2655,-33.9595],[151.257,-33.9515],[151.258,-33.921],[151.2705,-33.911],[151.243,-33.9025],[151.241,-33.89]]]},"properties":{"code":"16550","name":"Randwick"}},
{"type":"Feature","geometry":{"type":"Polygon","coordinates":[[[152.689,-29.023],[152.7235,-29.082],[152.743,-29.076],[152.7585,-29.0895],[152.731,-29.138],[152.72,-29.188],[152.7575,-29.192],[152.773,-29.2165],[152.8085,-29.236],[152.8245,-29.2745],[152.809,-29.299],[152.811,-29.3165],[152.8805,-29.31],[152.8965,-29.321],[152.914,-29.3105],[152.9475,-29.3325],[152.995,-29.3275],[153.029,-29.338],[153.081,-29.3125],[153.104,-29.314],[153.1115,-29.274],[153.144,-29.282],[153.143,-29.2425],[153.1665,-29.246],[153.1805,-29.26],[153.2065,-29.2635],[153.207,-29.242],[153.2745,-29.251],[153.3,-29.2505],[153.3195,-29.24],[153.36,-29.2635],[153.419,-29.1775],[153.4545,-29.141],[153.4505,-29.1195],[153.4335,-29.109],[153.4415,-29.0655],[153.464,-29.0185],[153.4835,-28.9905],[153.436,-29.001],[153.415,-29.016],[153.4,-28.999],[153.3755,-29.027],[153.3815,-29.0545],[153.3375,-29.0715],[153.2795,-29.037],[153.2975,-29.0035],[153.29,-28.9725],[153.247,-28.931],[153.24,-28.939],[153.175,-28.914],[153.1875,-28.8465],[153.1645,-28.8245],[153.1385,-28.8145],[153.148,-28.784],[153.1195,-28.7745],[153.0795,-28.749],[153.0765,-28.733],[153.0165,-28.722],[152.919,-28.711],[152.905,-28.716],[152.9235,-28.77],[152.9425,-28.7865],[152.914,-28.8215],[152.8875,-28.8195],[152.8675,-28.8395],[152.845,-28.889],[152.82,-28.8845],[152.82,-28.9035],[152.799,-28.91],[152.786,-28.9265],[152.753,-28.929],[152.745,-28.9935],[152.7275,-29.009],[152.689,-29.023]]]},"properties":{"code":"16610","name":"Richmond Valley"}},
{"type":"Feature","geometry":{"type":"Polygon","coordinates":[[[151.1285,-33.8415],[151.137,-33.815],[151.1435,-33.803],[151.157,-33.792],[151.1055,-33.761],[151.0975,-33.7655],[151.085,-33.7865],[151.0655,-33.791],[151.0735,-33.8185],[151.1,-33.8245],[151.1285,-33.8415]]]},"properties":{"code":"16700","name":"Ryde"}},
{"type":"Feature","geometry":{"type":"Polygon","coordinates":[[[150.805,-34.547],[150.771,-34.5535],[150.72,-34.546],[150.6805,-34.5535],[150.6555,-34.5465],[150.6385,-34.5745],[150.662,-34.5805],[150.694,-34.604],[150.758,-34.613],[150.7685,-34.599],[150.79,-34.6025],[150.797,-34.6415],[150.8325,-34.639],[150.861,-34.628],[150.865,-34.605],[150.884,-34.6065],[150.8685,-34.5725],[150.87,-34.545],[150.837,-34.543],[150.825,-34.558],[150.805,-34.547]]]},"properties":{"code":"16900","name":"Shellharbour"}},
{"type":"Feature","geometry":{"type":"Polygon","coordinates":[[[150.604,-34.652],[150.5765,-34.6695],[150.5465,-34.644],[150.5045,-34.667],[150.4985,-34.682],[150.469,-34.678],[150.452,-34.692],[150.4315,-34.691],[150.3885,-34.714],[150.377,-34.738],[150.3335,-34.7525],[150.31,-34.772],[150.288,-34.7645],[150.2575,-34.79],[150.236,-34.794],[150.2095,-34.8145],[150.1565,-34.8225],[150.127,-34.8175],[150.1055,-34.789],[150.074,-34.768],[150.0405,-34.7955],[150.044,-34.828],[150.0375,-34.844],[150.0535,-34.8825],[150.0795,-34.8965],[150.088,-34.925],[150.0685,-34.936],[150.0555,-34.9655],[150.078,-34.9755],[150.0845,-34.991],[150.052,-35.0075],[150.0645,-35.0225],[150.0715,-35.0495],[150.106,-35.0715],[150.103,-35.082],[150.1295,-35.098],[150.1415,-35.1445],[150.1705,-35.1495],[150.176,-35.1655],[150.2045,-35.1775],[150.2145,-35.1945],[150.1865,-35.2],[150.1975,-35.23],[150.148,-35.27],[150.114,-35.291],[150.053,-35.309],[150.038,-35.3315],[150.0465,-35.3475],[150.037,-35.3675],[150.0385,-35.405],[150.0075,-35.431],[149.9985,-35.4785],[149.979,-35.5025],[150.0115,-35.552],[150.0565,-35.5765],[150.0925,-35.5795],[150.131,-35.569],[150.1825,-35.5685],[150.1915,-35.553],[150.2235,-35.545],[150.258,-35.5705],[150.2555,-35.617],[150.273,-35.6325],[150.3075,-35.6385],[150.326,-35.637],[150.3225,-35.6135],[150.3645,-35.571],[150.376,-35.572],[150.397,-35.5325],[150.4,-35.5065],[150.391,-35.469],[150.42,-35.424],[150.4455,-35.4075],[150.448,-35.394],[150.491,-35.3615],[150.476,-35.347],[150.472,-35.3165],[150.4795,-35.29],[150.536,-35.25],[150.5395,-35.2165],[150.5945,-35.184],[150.6075,-35.1435],[150.638,-35.146],[150.6615,-35.118],[150.702,-35.123],[150.689,-35.072],[150.677,-35.069],[150.6725,-35.035],[150.687,-35.017],[150.741,-34.992],[150.774,-35.0015],[150.771,-35.022],[150.785,-35.031],[150.7735,-35.065],[150.807,-35.094],[150.839,-35.064],[150.833,-35.0415],[150.8495,-35.0125],[150.834,-35.003],[150.8175,-35.015],[150.7965,-35.002],[150.7795,-34.973],[150.78,-34.9345],[150.7515,-34.8905],[150.7495,-34.855],[150.7625,-34.817],[150.7815,-34.792],[150.7345,-34.749],[150.7345,-34.689],[150.6145,-34.673],[150.604,-34.652]]]},"properties":{"code":"16950","name":"Shoalhaven"}},
{"type":"Feature","geometry":{"type":"Polygon","coordinates":[[[150.3625,-32.846],[150.362,-32.8675],[150.3405,-32.871],[150.341,-32.888],[150.3665,-32.9365],[150.3665,-32.9715],[150.3765,-32.99],[150.3715,-33.0155],[150.4485,-33.0355],[150.4845,-33.0485],[150.4965,-33.0355],[150.543,-33.041],[150.553,-33.0595],[150.6105,-33.066],[150.63,-33.0585],[150.7175,-33.0685],[150.7055,-33.0445],[150.682,-33.0445],[150.677,-33.0135],[150.703,-33.0105],[150.7445,-33.02],[150.764,-33.0005],[150.805,-33.006],[150.819,-32.993],[150.812,-32.9685],[150.823,-32.9605],[150.8115,-32.925],[150.84,-32.92],[150.889,-32.933],[150.898,-32.9295],[150.938,-32.9405],[150.972,-32.942],[150.9905,-32.9555],[151.007,-32.952],[151.02,-32.9325],[151.05,-32.9165],[151.0675,-32.8925],[151.061,-32.871],[151.0855,-32.867],[151.0925,-32.8305],[151.1465,-32.8165],[151.218,-32.782],[151.225,-32.766],[151.217,-32.7415],[151.268,-32.747],[151.2765,-32.704],[151.317,-32.71],[151.334,-32.6825],[151.3405,-32.649],[151.3745,-32.6525],[151.403,-32.663],[151.4245,-32.646],[151.435,-32.6135],[151.471,-32.618],[151.4735,-32.6055],[151.4795,-32.555],[151.496,-32.5575],[151.5005,-32.504],[151.457,-32.4725],[151.468,-32.4485],[151.468,-32.4205],[151.446,-32.407],[151.411,-32.349],[151.383,-32.324],[151.3715,-32.2915],[151.339,-32.262],[151.337,-32.2375],[151.348,-32.219],[151.3455,-32.183],[151.327,-32.1715],[151.328,-32.1545],[151.3095,-32.139],[151.295,-32.169],[151.27,-32.1835],[151.2465,-32.2095],[151.209,-32.22],[151.197,-32.2335],[151.174,-32.212],[151.159,-32.211],[151.1695,-32.242],[151.156,-32.2665],[151.129,-32.2695],[151.1095,-32.2815],[151.096,-32.312],[151.099,-32.3355],[151.048,-32.3325],[151.0285,-32.3445],[151.018,-32.402],[150.984,-32.3975],[150.9765,-32.408],[150.898,-32.397],[150.883,-32.47],[150.8545,-32.4505],[150.8415,-32.482],[150.8305,-32.4855],[150.802,-32.466],[150.778,-32.474],[150.7445,-32.6415],[150.682,-32.6325],[150.6715,-32.6985],[150.634,-32.7025],[150.602,-32.7185],[150.5815,-32.747],[150.563,-32.756],[150.5275,-32.76],[150.516,-32.7485],[150.4945,-32.7545],[150.461,-32.7945],[150.4325,-32.8005],[150.422,-32.82],[150.3625,-32.846]]]},"properties":{"code":"17000","name":"Singleton"}},
{"type":"Feature","geometry":{"type":"Polygon","coordinates":[[[148.804,-35.714],[148.782,-35.7365],[148.753,-35.687],[148.72,-35.6675],[148.6445,-35.6525],[148.624,-35.639],[148.6095,-35.617],[148.58,-35.622],[148.5805,-35.659],[148.567,-35.6865],[148.5515,-35.6925],[148.5475,-35.7135],[148.53,-35.721],[148.5035,-35.778],[148.4795,-35.7925],[148.4525,-35.843],[148.4505,-35.872],[148.44,-35.8875],[148.445,-35.905],[148.4715,-35.915],[148.4705,-35.9375],[148.5145,-35.9735],[148.5385,-35.9995],[148.561,-36.005],[148.554,-36.041],[148.5705,-36.0655],[148.5535,-36.083],[148.562,-36.105],[148.513,-36.0875],[148.477,-36.106],[148.454,-36.1275],[148.4525,-36.149],[148.4255,-36.204],[148.4285,-36.2605],[148.416,-36.2635],[148.3965,-36.2905],[148.3725,-36.289],[148.3735,-36.3245],[148.3575,-36.3405],[148.3285,-36.3835],[148.2865,-36.416],[148.2625,-36.4565],[148.2725,-36.4585],[148.259,-36.5],[148.2605,-36.5245],[148.2515,-36.54],[148.2875,-36.569],[148.304,-36.599],[148.2755,-36.6185],[148.25,-36.6255],[148.239,-36.664],[148.2545,-36.6915],[148.2385,-36.707],[148.233,-36.746],[148.2115,-36.752],[148.202,-36.7715],[148.2005,-36.7985],[148.425,-36.89],[148.7985,-37.041],[149.1345,-37.175],[149.3565,-37.263],[149.402,-37.1155],[149.398,-37.0205],[149.417,-37.0095],[149.3975,-36.9925],[149.375,-36.959],[149.3825,-36.9395],[149.3785,-36.893],[149.3865,-36.8725],[149.462,-36.8475],[149.5025,-36.8455],[149.51,-36.831],[149.4865,-36.8205],[149.461,-36.783],[149.4415,-36.7805],[149.4385,-36.757],[149.4585,-36.7355],[149.4595,-36.7165],[149.445,-36.703],[149.456,-36.686],[149.461,-36.6465],[149.41,-36.6425],[149.3945,-36.604],[149.3805,-36.5965],[149.3855,-36.562],[149.3965,-36.5515],[149.4555,-36.5295],[149.4715,-36.505],[149.469,-36.462],[149.4845,-36.43],[149.526,-36.4155],[149.538,-36.3665],[149.573,-36.358],[149.6015,-36.3345],[149.564,-36.266],[149.5365,-36.2245],[149.569,-36.2025],[149.57,-36.164],[149.5835,-36.1425],[149.548,-36.116],[149.5515,-36.097],[149.5805,-36.0875],[149.572,-36.063],[149.5685,-36.009],[149.564,-35.986],[149.528,-35.9875],[149.5115,-35.952],[149.52,-35.915],[149.4965,-35.8875],[149.4855,-35.8615],[149.4925,-35.8195],[149.5235,-35.8155],[149.516,-35.7815],[149.523,-35.7175],[149.504,-35.68],[149.5135,-35.6725],[149.5045,-35.637],[149.4545,-35.631],[149.409,-35.6385],[149.3905,-35.629],[149.37,-35.6465],[149.319,-35.6675],[149.2945,-35.659],[149.264,-35.6045],[149.246,-35.5935],[149.196,-35.5855],[149.184,-35.6005],[149.1645,-35.6],[149.138,-35.5795],[149.1255,-35.5875],[149.078,-35.5865],[149.0875,-35.6395],[149.0975,-35.6475],[149.095,-35.677],[149.1095,-35.6965],[149.0905,-35.7655],[149.1005,-35.8145],[149.0865,-35.848],[149.0615,-35.88],[149.049,-35.92],[149.0125,-35.8995],[148.9585,-35.8915],[148.908,-35.851],[148.8965,-35.818],[148.894,-35.7515],[148.8865,-35.719],[148.864,-35.734],[148.8605,-35.753],[148.8345,-35.7405],[148.828,-35.726],[148.804,-35.714]]]},"properties":{"code":"17040","name":"Snowy Monaro"}},
{"type":"Feature","geometry":{"type":"Polygon","coordinates":[[[148.8035,-35.317],[148.764,-35.317],[148.767,-35.2735],[148.753,-35.258],[148.679,-35.2485],[148.616,-35.249],[148.544,-35.2395],[148.5655,-35.2205],[148.5815,-35.1925],[148.582,-35.1515],[148.5485,-35.132],[148.5255,-35.1245],[148.5245,-35.0875],[148.469,-35.08],[148.457,-35.1545],[148.4185,-35.1635],[148.3895,-35.1415],[148.3335,-35.1385],[148.293,-35.1225],[148.2155,-35.1105],[148.2065,-35.1215],[148.2215,-35.166],[148.192,-35.1735],[148.184,-35.1895],[148.1555,-35.1975],[148.122,-35.19],[148.12,-35.2025],[148.0595,-35.201],[147.9615,-35.1875],[147.976,-35.2035],[147.9585,-35.229],[147.895,-35.2335],[147.8925,-35.257],[147.8725,-35.282],[147.856,-35.2795],[147.8455,-35.292],[147.8455,-35.33],[147.8655,-35.3555],[147.8845,-35.3575],[147.8975,-35.4125],[147.884,-35.4885],[147.907,-35.4905],[147.905,-35.5135],[147.928,-35.5165],[147.923,-35.5425],[147.93,-35.5585],[147.891,-35.5535],[147.8635,-35.5405],[147.8455,-35.5545],[147.8555,-35.56],[147.894,-35.624],[147.876,-35.634],[147.8335,-35.6415],[147.8015,-35.678],[147.808,-35.721],[147.8195,-35.744],[147.8125,-35.771],[147.7605,-35.84],[147.74,-35.834],[147.7145,-35.8385],[147.7015,-35.859],[147.7075,-35.88],[147.691,-35.8865],[147.6965,-35.9125],[147.6895,-35.9375],[147.7085,-35.9285],[147.7415,-35.9565],[147.777,-35.9685],[147.811,-35.9675],[147.8495,-35.9895],[147.8845,-35.999],[147.913,-35.9955],[147.912,-36.027],[147.9235,-36.042],[147.9785,-36.0465],[147.9915,-36.064],[147.9805,-36.0865],[147.997,-36.105],[147.9925,-36.123],[148.0355,-36.147],[148.022,-36.1765],[148.0405,-36.2075],[148.027,-36.226],[148.043,-36.3135],[148.0575,-36.3225],[148.038,-36.3655],[148.058,-36.4005],[148.087,-36.432],[148.0875,-36.452],[148.1245,-36.4645],[148.119,-36.4945],[148.14,-36.5255],[148.1245,-36.5505],[148.152,-36.561],[148.165,-36.578],[148.2095,-36.5925],[148.2195,-36.6195],[148.2115,-36.648],[148.19,-36.6755],[148.185,-36.692],[148.139,-36.732],[148.1345,-36.7435],[148.1045,-36.7805],[148.109,-36.797],[148.17,-36.793],[148.2005,-36.7985],[148.202,-36.7715],[148.2115,-36.752],[148.233,-36.746],[148.2385,-36.707],[148.2545,-36.6915],[148.239,-36.664],[148.25,-36.6255],[148.2755,-36.6185],[148.304,-36.599],[148.2875,-36.569],[148.2515,-36.54],[148.2605,-36.5245],[148.259,-36.5],[148.2725,-36.4585],[148.2625,-36.4565],[148.2865,-36.416],[148.3285,-36.3835],[148.3575,-36.3405],[148.3735,-36.3245],[148.3725,-36.289],[148.3965,-36.2905],[148.416,-36.2635],[148.4285,-36.2605],[148.4255,-36.204],[148.4525,-36.149],[148.454,-36.1275],[148.477,-36.106],[148.513,-36.0875],[148.562,-36.105],[148.5535,-36.083],[148.5705,-36.0655],[148.554,-36.041],[148.561,-36.005],[148.5385,-35.9995],[148.5145,-35.9735],[148.4705,-35.9375],[148.4715,-35.915],[148.445,-35.905],[148.44,-35.8875],[148.4505,-35.872],[148.4525,-35.843],[148.4795,-35.7925],[148.5035,-35.778],[148.53,-35.721],[148.5475,-35.7135],[148.5515,-35.6925],[148.567,-35.6865],[148.5805,-35.659],[148.58,-35.622],[148.6095,-35.617],[148.624,-35.639],[148.6445,-35.6525],[148.72,-35.6675],[148.753,-35.687],[148.782,-35.7365],[148.804,-35.714],[148.7885,-35.698],[148.7985,-35.667],[148.7735,-35.6555],[148.7835,-35.6285],[148.769,-35.6045],[148.789,-35.5885],[148.773,-35.568],[148.763,-35.4955],[148.775,-35.442],[148.789,-35.4265],[148.786,-35.409],[148.8085,-35.3825],[148.7935,-35.339],[148.8035,-35.317]]]},"properties":{"code":"17080","name":"Snowy Valleys"}},
{"type":"Feature","geometry":{"type":"Polygon","coordinates":[[[151.0585,-33.8845],[151.0645,-33.908],[151.089,-33.9],[151.0945,-33.872],[151.0815,-33.85],[151.064,-33.856],[151.0585,-33.8845]]]},"properties":{"code":"17100","name":"Strathfield"}},
{"type":"Feature","geometry":{"type":"Polygon","coordinates":[[[151.0155,-33.982],[150.994,-33.9715],[150.9805,-34.017],[150.9515,-34.0235],[150.941,-34.04],[150.9345,-34.059],[150.9365,-34.095],[150.9225,-34.13],[150.98,-34.1385],[151.019,-34.156],[151.016,-34.1665],[151.066,-34.1725],[151.1285,-34.1375],[151.141,-34.1165],[151.172,-34.0865],[151.149,-34.0835],[151.1295,-34.0695],[151.1755,-34.036],[151.214,-34.0415],[151.2255,-34.0345],[151.228,-34.004],[151.198,-34.0205],[151.137,-34.037],[151.1255,-34.016],[151.083,-33.996],[151.0355,-33.9935],[151.0155,-33.982]]]},"properties":{"code":"17150","name":"Sutherland"}},
{"type":"Feature","geometry":{"type":"Polygon","coordinates":[[[151.1755,-33.8725],[151.1795,-33.92],[151.2145,-33.9245],[151.2335,-33.8895],[151.2305,-33.874],[151.2255,-33.862],[151.1755,-33.8725]]]},"properties":{"code":"17200","name":"Sydney"}},
{"type":"Feature","geometry":{"type":"Polygon","coordinates":[[[150.5925,-31.082],[150.615,-31.0855],[150.648,-31.1245],[150.671,-31.144],[150.6975,-31.1825],[150.719,-31.1835],[150.728,-31.206],[150.7545,-31.21],[150.7535,-31.2325],[150.784,-31.27],[150.782,-31.301],[150.79,-31.326],[150.791,-31.359],[150.82,-31.363],[150.8165,-31.4015],[150.8655,-31.4175],[150.882,-31.4535],[150.9,-31.4565],[150.9205,-31.513],[150.9395,-31.5155],[150.949,-31.5335],[150.995,-31.5755],[150.9985,-31.6035],[151.0275,-31.5955],[151.0675,-31.595],[151.076,-31.608],[151.1105,-31.619],[151.117,-31.6315],[151.1755,-31.629],[151.2305,-31.6535],[151.247,-31.647],[151.252,-31.6225],[151.2925,-31.594],[151.3255,-31.576],[151.3265,-31.564],[151.3895,-31.5595],[151.4185,-31.563],[151.438,-31.5795],[151.433,-31.592],[151.4575,-31.6095],[151.4665,-31.564],[151.4785,-31.564],[151.4825,-31.547],[151.454,-31.539],[151.4175,-31.505],[151.4245,-31.487],[151.409,-31.476],[151.419,-31.4555],[151.4105,-31.433],[151.424,-31.4165],[151.4075,-31.3975],[151.4225,-31.38],[151.447,-31.3885],[151.466,-31.3775],[151.448,-31.339],[151.4195,-31.314],[151.4205,-31.2715],[151.3975,-31.264],[151.3905,-31.301],[151.358,-31.288],[151.3705,-31.2225],[151.3445,-31.197],[151.3395,-31.181],[151.319,-31.176],[151.3345,-31.147],[151.336,-31.1075],[151.3035,-31.1025],[151.308,-31.081],[151.348,-31.0635],[151.344,-31.046],[151.3515,-31.023],[151.3205,-31.003],[151.3125,-30.984],[151.33,-30.969],[151.342,-30.946],[151.295,-30.914],[151.345,-30.879],[151.364,-30.877],[151.377,-30.834],[151.3905,-30.7655],[151.372,-30.7505],[151.3755,-30.7305],[151.338,-30.724],[151.2485,-30.727],[151.25,-30.704],[151.226,-30.6855],[151.206,-30.68],[151.1855,-30.6495],[151.158,-30.6305],[151.161,-30.613],[151.0895,-30.568],[151.071,-30.565],[151.0605,-30.5295],[151.029,-30.49],[151.029,-30.4725],[151.012,-30.4585],[151.0245,-30.4295],[151.022,-30.4085],[150.988,-30.428],[150.96,-30.4295],[150.935,-30.3995],[150.948,-30.3765],[150.954,-30.338],[150.949,-30.307],[150.97,-30.2895],[150.975,-30.265],[150.9595,-30.238],[150.9395,-30.2205],[150.9385,-30.197],[150.925,-30.182],[150.8995,-30.1845],[150.8855,-30.203],[150.823,-30.203],[150.813,-30.22],[150.7955,-30.2255],[150.782,-30.256],[150.738,-30.272],[150.723,-30.2945],[150.6935,-30.279],[150.657,-30.275],[150.6195,-30.2945],[150.58,-30.2905],[150.558,-30.3085],[150.523,-30.3085],[150.5155,-30.283],[150.501,-30.27],[150.4575,-30.261],[150.439,-30.271],[150.4035,-30.3035],[150.392,-30.323],[150.363,-30.316],[150.304,-30.2805],[150.308,-30.258],[150.266,-30.252],[150.249,-30.2375],[150.2075,-30.2545],[150.1825,-30.211],[150.165,-30.199],[150.1455,-30.209],[150.167,-30.2285],[150.195,-30.321],[150.1885,-30.3595],[150.2035,-30.375],[150.224,-30.371],[150.239,-30.4015],[150.283,-30.431],[150.314,-30.429],[150.3225,-30.4195],[150.3515,-30.418],[150.363,-30.4335],[150.3675,-30.47],[150.359,-30.519],[150.366,-30.5435],[150.3885,-30.551],[150.365,-30.5835],[150.391,-30.605],[150.4105,-30.59],[150.4545,-30.6075],[150.4565,-30.619],[150.499,-30.6385],[150.5095,-30.66],[150.458,-30.69],[150.467,-30.745],[150.4525,-30.757],[150.4635,-30.779],[150.4905,-30.7835],[150.4875,-30.799],[150.52,-30.8005],[150.544,-30.8135],[150.5595,-30.811],[150.556,-30.845],[150.5305,-30.875],[150.53,-30.903],[150.4995,-30.909],[150.533,-30.9405],[150.5275,-30.9685],[150.552,-31.0115],[150.5755,-31.02],[150.5995,-31.047],[150.5925,-31.082]]]},"properties":{"code":"17310","name":"Tamworth"}},
{"type":"Feature","geometry":{"type":"Polygon","coordinates":[[[147.4635,-34.63],[147.506,-34.6185],[147.611,-34.6305],[147.615,-34.6055],[147.6445,-34.5695],[147.6605,-34.565],[147.7015,-34.5795],[147.7225,-34.574],[147.7385,-34.551],[147.7605,-34.5525],[147.7695,-34.533],[147.786,-34.494],[147.7905,-34.447],[147.8755,-34.457],[147.8565,-34.4295],[147.854,-34.4035],[147.8355,-34.3845],[147.8435,-34.3705],[147.826,-34.356],[147.8245,-34.34],[147.8235,-34.328],[147.7955,-34.283],[147.7875,-34.2565],[147.785,-34.219],[147.7445,-34.18],[147.7125,-34.177],[147.7135,-34.1615],[147.6655,-34.13],[147.633,-34.1295],[147.63,-34.144],[147.5805,-34.138],[147.584,-34.118],[147.496,-34.107],[147.4885,-34.1165],[147.4705,-34.2085],[147.389,-34.198],[147.391,-34.1875],[147.301,-34.176],[147.2845,-34.2205],[147.3015,-34.2285],[147.297,-34.2545],[147.265,-34.2355],[147.255,-34.2915],[147.1295,-34.2765],[147.12,-34.312],[147.1075,-34.317],[147.099,-34.391],[147.086,-34.389],[147.083,-34.421],[147.129,-34.4265],[147.108,-34.5365],[147.335,-34.5655],[147.3335,-34.5755],[147.3745,-34.6585],[147.4165,-34.66],[147.437,-34.6395],[147.4635,-34.63]]]},"properties":{"code":"17350","name":"Temora"}},
{"type":"Feature","geometry":{"type":"Polygon","coordinates":[[[151.505,-29.0095],[151.495,-29.0305],[151.487,-29.0875],[151.463,-29.0985],[151.458,-29.117],[151.425,-29.149],[151.41,-29.154],[151.3955,-29.1775],[151.366,-29.174],[151.3775,-29.2145],[151.4125,-29.258],[151.427,-29.2875],[151.4635,-29.273],[151.463,-29.24],[151.5555,-29.2645],[151.5805,-29.268],[151.5925,-29.2805],[151.616,-29.2835],[151.609,-29.325],[151.6245,-29.347],[151.676,-29.3565],[151.7155,-29.3445],[151.7755,-29.353],[151.782,-29.3705],[151.8025,-29.3735],[151.7885,-29.4085],[151.8135,-29.4195],[151.8625,-29.426],[151.8955,-29.4065],[151.9285,-29.4175],[151.9445,-29.4095],[151.9665,-29.4175],[151.997,-29.406],[152.017,-29.388],[152.0075,-29.375],[152.0235,-29.362],[152.0475,-29.359],[152.058,-29.3435],[152.0805,-29.3445],[152.3005,-29.377],[152.3075,-29.3525],[152.3315,-29.342],[152.303,-29.3175],[152.3145,-29.2985],[152.3065,-29.283],[152.352,-29.2485],[152.3945,-29.241],[152.414,-29.229],[152.405,-29.211],[152.4225,-29.1795],[152.418,-29.1525],[152.444,-29.144],[152.455,-29.089],[152.421,-29.084],[152.444,-29.04],[152.476,-28.9905],[152.467,-28.9735],[152.5095,-28.9735],[152.5165,-28.9835],[152.5585,-28.99],[152.5485,-28.9325],[152.58,-28.9115],[152.5575,-28.8935],[152.5735,-28.8635],[152.537,-28.847],[152.557,-28.8245],[152.5395,-28.815],[152.5435,-28.788],[152.5215,-28.793],[152.497,-28.7855],[152.4775,-28.7465],[152.4655,-28.736],[152.429,-28.7255],[152.375,-28.7],[152.389,-28.666],[152.4025,-28.6595],[152.422,-28.607],[152.4395,-28.599],[152.4475,-28.5275],[152.5005,-28.5285],[152.502,-28.5125],[152.527,-28.497],[152.5795,-28.4355],[152.5835,-28.417],[152.606,-28.388],[152.616,-28.3525],[152.631,-28.337],[152.618,-28.3205],[152.5975,-28.3145],[152.585,-28.3285],[152.554,-28.3245],[152.526,-28.306],[152.5365,-28.266],[152.5095,-28.249],[152.4875,-28.2535],[152.4635,-28.259],[152.444,-28.297],[152.4105,-28.3105],[152.4175,-28.3315],[152.385,-28.369],[152.3565,-28.361],[152.342,-28.368],[152.3075,-28.369],[152.2815,-28.393],[152.2665,-28.3905],[152.239,-28.418],[152.217,-28.449],[152.2045,-28.438],[152.1645,-28.4325],[152.142,-28.4425],[152.122,-28.4605],[152.08,-28.4705],[152.0455,-28.495],[152.0165,-28.525],[151.989,-28.5255],[151.9825,-28.5035],[151.9555,-28.519],[151.957,-28.5635],[151.986,-28.582],[151.991,-28.6245],[152.014,-28.666],[152.039,-28.6645],[152.0525,-28.682],[152.068,-28.685],[152.076,-28.7085],[152.0425,-28.732],[152.0365,-28.7565],[152.0335,-28.828],[152.015,-28.85],[152.0355,-28.8585],[152.0235,-28.891],[152.0105,-28.9065],[151.995,-28.8985],[151.961,-28.919],[151.923,-28.928],[151.8955,-28.9135],[151.84,-28.913],[151.84,-28.943],[151.8255,-28.964],[151.807,-28.9455],[151.7775,-28.957],[151.7735,-28.938],[151.746,-28.9155],[151.7265,-28.867],[151.7065,-28.8715],[151.666,-28.9055],[151.637,-28.9225],[151.6115,-28.9235],[151.545,-28.9535],[151.5375,-28.9795],[151.505,-29.0095]]]},"properties":{"code":"17400","name":"Tenterfield"}},
{"type":"Feature","geometry":{"type":"Polygon","coordinates":[[[151.049,-33.7585],[151.047,-33.7435],[151.017,-33.7305],[151.011,-33.71],[151.03,-33.696],[151.02,-33.652],[151.0235,-33.621],[151.007,-33.6005],[151.0145,-33.5725],[151.0115,-33.5315],[151.029,-33.5165],[151.01,-33.4715],[150.974,-33.4235],[150.989,-33.3795],[150.9885,-33.379],[150.9765,-33.4],[150.9435,-33.425],[150.9345,-33.4165],[150.9035,-33.4195],[150.8875,-33.437],[150.905,-33.467],[150.8765,-33.471],[150.8785,-33.49],[150.901,-33.4895],[150.9265,-33.5085],[150.9005,-33.527],[150.889,-33.5555],[150.917,-33.5545],[150.9355,-33.565],[150.874,-33.6565],[150.9095,-33.674],[150.9275,-33.697],[150.959,-33.7685],[150.9705,-33.7735],[151.049,-33.7585]]]},"properties":{"code":"17420","name":"The Hills"}},
{"type":"Feature","geometry":{"type":"Polygon","coordinates":[[[153.552,-28.1645],[153.531,-28.175],[153.486,-28.157],[153.4685,-28.1625],[153.4055,-28.211],[153.3895,-28.235],[153.3645,-28.2475],[153.339,-28.2505],[153.33,-28.237],[153.305,-28.2395],[153.277,-28.234],[153.2465,-28.2465],[153.233,-28.265],[153.2075,-28.253],[153.188,-28.2475],[153.1715,-28.259],[153.169,-28.293],[153.126,-28.3175],[153.13,-28.3305],[153.1085,-28.3565],[153.111,-28.3885],[153.1275,-28.406],[153.125,-28.429],[153.142,-28.436],[153.1365,-28.458],[153.1535,-28.4845],[153.15,-28.503],[153.1605,-28.524],[153.184,-28.5225],[153.1975,-28.527],[153.2475,-28.516],[153.2735,-28.522],[153.2915,-28.538],[153.3285,-28.541],[153.3665,-28.5035],[153.3735,-28.472],[153.4045,-28.4755],[153.42,-28.467],[153.45,-28.4755],[153.4845,-28.4765],[153.4865,-28.465],[153.5315,-28.4675],[153.553,-28.477],[153.5585,-28.436],[153.578,-28.3645],[153.5725,-28.314],[153.5865,-28.258],[153.5715,-28.247],[153.57,-28.2015],[153.5475,-28.184],[153.552,-28.1645]]]},"properties":{"code":"17550","name":"Tweed"}},
{"type":"Feature","geometry":{"type":"Polygon","coordinates":[[[151.3095,-32.139],[151.304,-32.1165],[151.352,-32.0805],[151.3885,-32.0835],[151.407,-32.058],[151.406,-32.045],[151.4085,-32.0325],[151.4545,-31.996],[151.4425,-31.9495],[151.456,-31.924],[151.485,-31.893],[151.491,-31.878],[151.5355,-31.8455],[151.5765,-31.855],[151.585,-31.8375],[151.594,-31.7895],[151.568,-31.7905],[151.5175,-31.7695],[151.5325,-31.6975],[151.5225,-31.6795],[151.5355,-31.596],[151.511,-31.5785],[151.4785,-31.564],[151.4665,-31.564],[151.4575,-31.6095],[151.433,-31.592],[151.438,-31.5795],[151.4185,-31.563],[151.3895,-31.5595],[151.3265,-31.564],[151.3255,-31.576],[151.2925,-31.594],[151.252,-31.6225],[151.247,-31.647],[151.2305,-31.6535],[151.1755,-31.629],[151.117,-31.6315],[151.1105,-31.619],[151.076,-31.608],[151.0675,-31.595],[151.0275,-31.5955],[150.9985,-31.6035],[150.999,-31.635],[150.9725,-31.647],[150.932,-31.64],[150.914,-31.648],[150.8995,-31.691],[150.866,-31.6995],[150.849,-31.7305],[150.81,-31.731],[150.7625,-31.7705],[150.76,-31.7825],[150.713,-31.8045],[150.7285,-31.8145],[150.7235,-31.8385],[150.671,-31.8445],[150.5665,-31.8445],[150.5465,-31.858],[150.506,-31.8345],[150.4825,-31.8315],[150.443,-31.855],[150.4075,-31.8335],[150.3675,-31.8425],[150.358,-31.8315],[150.327,-31.8265],[150.2935,-31.849],[150.244,-31.8265],[150.189,-31.8155],[150.1515,-31.766],[150.135,-31.7685],[150.1105,-31.746],[150.069,-31.7665],[150.05,-31.7865],[150.0345,-31.817],[149.9775,-31.8575],[149.9215,-31.885],[149.897,-31.913],[149.861,-31.965],[149.839,-31.9875],[149.8755,-31.9845],[149.8795,-32],[149.8695,-32.024],[149.808,-32.0395],[149.7955,-32.058],[149.7915,-32.0795],[149.8195,-32.1035],[149.8925,-32.1125],[149.948,-32.135],[149.9395,-32.157],[149.9645,-32.16],[149.961,-32.182],[149.9825,-32.1845],[149.9905,-32.1635],[150.035,-32.196],[150.062,-32.185],[150.0625,-32.208],[150.0495,-32.2255],[150.0625,-32.244],[150.022,-32.3055],[150.0535,-32.3505],[150.0655,-32.3455],[150.1315,-32.3375],[150.142,-32.3415],[150.164,-32.3215],[150.188,-32.3345],[150.235,-32.3085],[150.257,-32.315],[150.267,-32.377],[150.3165,-32.385],[150.319,-32.4085],[150.3425,-32.385],[150.387,-32.3795],[150.3935,-32.334],[150.469,-32.322],[150.4775,-32.333],[150.5255,-32.3515],[150.5275,-32.3135],[150.5105,-32.2915],[150.494,-32.227],[150.493,-32.168],[150.509,-32.1485],[150.499,-32.13],[150.629,-32.148],[150.6565,-32.1605],[150.8615,-32.1895],[150.8765,-32.1805],[150.916,-32.182],[150.9755,-32.17],[151.016,-32.1775],[151.066,-32.166],[151.101,-32.1785],[151.1185,-32.1935],[151.1405,-32.197],[151.159,-32.211],[151.174,-32.212],[151.197,-32.2335],[151.209,-32.22],[151.2465,-32.2095],[151.27,-32.1835],[151.295,-32.169],[151.3095,-32.139]]]},"properties":{"code":"17620","name":"Upper Hunter"}},
{"type":"Feature","geometry":{"type":"Polygon","coordinates":[[[150.083,-34.5825],[150.0895,-34.553],[150.065,-34.5455],[150.0455,-34.5275],[150.093,-34.5105],[150.072,-34.494],[150.0585,-34.472],[150.0645,-34.458],[150.098,-34.433],[150.1155,-34.41],[150.1065,-34.3895],[150.1225,-34.3735],[150.089,-34.3465],[150.074,-34.356],[150.019,-34.3675],[149.968,-34.3255],[149.9745,-34.296],[149.988,-34.2975],[149.9915,-34.2585],[150.0595,-34.267],[150.0615,-34.2385],[150.0515,-34.2255],[150.066,-34.1955],[150.0465,-34.15],[150.017,-34.1455],[150.0375,-34.121],[150.0115,-34.1095],[150.0075,-34.0855],[149.9595,-34.079],[149.9355,-34.097],[149.932,-34.1165],[149.9495,-34.125],[149.936,-34.159],[149.918,-34.183],[149.8735,-34.1885],[149.85,-34.1835],[149.8045,-34.2025],[149.749,-34.189],[149.7055,-34.1985],[149.6815,-34.1915],[149.63,-34.1145],[149.5835,-34.107],[149.565,-34.088],[149.5275,-34.061],[149.5185,-34.0415],[149.48,-34.0155],[149.4345,-34.023],[149.3945,-33.9975],[149.348,-33.9535],[149.315,-33.9565],[149.2795,-33.9485],[149.274,-33.9595],[149.244,-33.97],[149.217,-33.964],[149.1975,-33.985],[149.1795,-33.9845],[149.1525,-33.967],[149.1405,-33.9455],[149.155,-33.9285],[149.139,-33.903],[149.12,-33.888],[149.082,-33.913],[149.0645,-33.893],[149.0505,-33.913],[149.0335,-33.911],[149.0115,-33.933],[149.013,-33.9685],[149.0615,-33.998],[149.0355,-34.0265],[149.0215,-34.0535],[149.02,-34.0885],[149.0055,-34.1015],[149.011,-34.139],[149.073,-34.208],[149.0655,-34.219],[149.089,-34.237],[149.106,-34.239],[149.121,-34.267],[149.097,-34.295],[149.09,-34.3175],[149.12,-34.358],[149.0785,-34.416],[149.0375,-34.448],[149.031,-34.4735],[148.9935,-34.527],[148.978,-34.637],[148.9475,-34.644],[148.9415,-34.6905],[148.9655,-34.7185],[148.9905,-34.706],[149.0035,-34.7245],[149.026,-34.7275],[149.022,-34.748],[149.0375,-34.7585],[149.0315,-34.7845],[149.0435,-34.8275],[149.0595,-34.831],[149.076,-34.8525],[149.1075,-34.864],[149.1205,-34.888],[149.138,-34.8905],[149.155,-34.8755],[149.182,-34.8925],[149.2175,-34.89],[149.2295,-34.9055],[149.251,-34.8905],[149.279,-34.8905],[149.2805,-34.9115],[149.3465,-34.923],[149.3425,-34.9425],[149.3745,-34.949],[149.387,-34.9215],[149.4225,-34.9295],[149.448,-34.928],[149.455,-34.9115],[149.4885,-34.9165],[149.491,-34.902],[149.5215,-34.907],[149.5365,-34.8755],[149.505,-34.8655],[149.4895,-34.8485],[149.5035,-34.828],[149.4985,-34.7905],[149.508,-34.736],[149.516,-34.733],[149.5255,-34.696],[149.516,-34.681],[149.5205,-34.645],[149.5485,-34.6255],[149.557,-34.6045],[149.5885,-34.613],[149.604,-34.6295],[149.6225,-34.6205],[149.637,-34.5915],[149.6555,-34.586],[149.66,-34.5555],[149.7235,-34.568],[149.7565,-34.569],[149.7515,-34.5965],[149.8135,-34.605],[149.793,-34.65],[149.82,-34.6385],[149.855,-34.6435],[149.86,-34.606],[149.886,-34.624],[149.8965,-34.6195],[149.984,-34.631],[149.9915,-34.6235],[150.0635,-34.616],[150.084,-34.606],[150.083,-34.5825]]]},"properties":{"code":"17640","name":"Upper Lachlan"}},
{"type":"Feature","geometry":{"type":"Polygon","coordinates":[[[151.377,-30.834],[151.3965,-30.837],[151.406,-30.855],[151.443,-30.868],[151.438,-30.8935],[151.461,-30.897],[151.495,-30.88],[151.5145,-30.858],[151.549,-30.8625],[151.5905,-30.8445],[151.617,-30.848],[151.644,-30.874],[151.662,-30.8335],[151.6825,-30.8345],[151.72,-30.796],[151.7385,-30.695],[151.77,-30.69],[151.7405,-30.6715],[151.709,-30.6755],[151.671,-30.6665],[151.6685,-30.654],[151.6425,-30.636],[151.638,-30.592],[151.583,-30.5515],[151.58,-30.518],[151.586,-30.509],[151.5705,-30.482],[151.531,-30.454],[151.5285,-30.4415],[151.4725,-30.437],[151.45,-30.423],[151.4515,-30.3945],[151.404,-30.3865],[151.3975,-30.369],[151.3605,-30.3635],[151.3465,-30.34],[151.324,-30.3365],[151.3365,-30.2995],[151.323,-30.267],[151.304,-30.265],[151.3195,-30.198],[151.317,-30.1655],[151.292,-30.1715],[151.2795,-30.1805],[151.2845,-30.2205],[151.2805,-30.238],[151.261,-30.2385],[151.243,-30.2195],[151.236,-30.1845],[151.2035,-30.1785],[151.1565,-30.189],[151.115,-30.181],[151.113,-30.1365],[151.04,-30.1255],[151.0165,-30.09],[150.9925,-30.0805],[150.947,-30.074],[150.949,-30.093],[150.967,-30.1245],[150.9455,-30.1675],[150.962,-30.1815],[150.9385,-30.197],[150.9395,-30.2205],[150.9595,-30.238],[150.975,-30.265],[150.97,-30.2895],[150.949,-30.307],[150.954,-30.338],[150.948,-30.3765],[150.935,-30.3995],[150.96,-30.4295],[150.988,-30.428],[151.022,-30.4085],[151.0245,-30.4295],[151.012,-30.4585],[151.029,-30.4725],[151.029,-30.49],[151.0605,-30.5295],[151.071,-30.565],[151.0895,-30.568],[151.161,-30.613],[151.158,-30.6305],[151.1855,-30.6495],[151.206,-30.68],[151.226,-30.6855],[151.25,-30.704],[151.2485,-30.727],[151.338,-30.724],[151.3755,-30.7305],[151.372,-30.7505],[151.3905,-30.7655],[151.377,-30.834]]]},"properties":{"code":"17650","name":"Uralla"}},
{"type":"Feature","geometry":{"type":"Polygon","coordinates":[[[147.316,-34.9065],[147.2275,-34.893],[147.226,-34.8995],[147.0905,-34.8805],[147.0975,-34.8435],[147.081,-34.8455],[146.9055,-34.823],[146.87,-34.8255],[146.8485,-34.808],[146.831,-34.881],[146.8435,-34.899],[146.7845,-34.924],[146.7795,-34.947],[146.8045,-34.9695],[146.8075,-34.987],[146.794,-35.058],[146.779,-35.0985],[146.7945,-35.1055],[146.8325,-35.1485],[146.844,-35.1765],[146.856,-35.1805],[146.93,-35.1615],[146.945,-35.169],[147.051,-35.187],[147.058,-35.169],[147.1495,-35.181],[147.139,-35.2465],[147.185,-35.2905],[147.2315,-35.304],[147.2305,-35.339],[147.208,-35.336],[147.184,-35.345],[147.1775,-35.365],[147.179,-35.4175],[147.16,-35.4645],[147.185,-35.4485],[147.1955,-35.466],[147.2395,-35.474],[147.247,-35.488],[147.2975,-35.496],[147.364,-35.514],[147.404,-35.545],[147.4205,-35.5335],[147.4565,-35.531],[147.481,-35.545],[147.498,-35.514],[147.525,-35.4835],[147.5815,-35.5155],[147.608,-35.5395],[147.632,-35.547],[147.646,-35.539],[147.681,-35.5565],[147.6855,-35.534],[147.7915,-35.5515],[147.8455,-35.5545],[147.8635,-35.5405],[147.891,-35.5535],[147.93,-35.5585],[147.923,-35.5425],[147.928,-35.5165],[147.905,-35.5135],[147.907,-35.4905],[147.884,-35.4885],[147.8975,-35.4125],[147.8845,-35.3575],[147.8655,-35.3555],[147.8455,-35.33],[147.8455,-35.292],[147.856,-35.2795],[147.8415,-35.2555],[147.834,-35.2215],[147.798,-35.211],[147.772,-35.185],[147.762,-35.1475],[147.7665,-35.137],[147.734,-35.103],[147.7325,-35.0915],[147.694,-35.0915],[147.689,-35.078],[147.6925,-35.056],[147.646,-35.0495],[147.635,-35.0345],[147.6335,-35.0035],[147.599,-34.9975],[147.6005,-34.987],[147.5255,-34.9745],[147.4455,-34.9645],[147.431,-34.9755],[147.414,-34.9565],[147.317,-34.9495],[147.316,-34.9065]]]},"properties":{"code":"17750","name":"Wagga Wagga"}},
{"type":"Feature","geometry":{"type":"Polygon","coordinates":[[[151.4785,-31.564],[151.511,-31.5785],[151.5355,-31.596],[151.564,-31.607],[151.6015,-31.5955],[151.6115,-31.607],[151.688,-31.6135],[151.74,-31.636],[151.757,-31.638],[151.757,-31.6015],[151.8025,-31.574],[151.7875,-31.5495],[151.764,-31.541],[151.7535,-31.5245],[151.7615,-31.511],[151.7895,-31.515],[151.8025,-31.505],[151.843,-31.509],[151.8445,-31.4995],[151.916,-31.51],[151.913,-31.4765],[152.084,-31.5005],[152.083,-31.448],[152.0645,-31.4385],[152.0655,-31.409],[152.1,-31.392],[152.1235,-31.2785],[152.1475,-31.28],[152.161,-31.241],[152.1495,-31.224],[152.1475,-31.196],[152.1995,-31.1935],[152.2235,-31.208],[152.253,-31.2055],[152.2545,-31.1945],[152.3165,-31.203],[152.331,-31.1275],[152.3495,-31.117],[152.335,-31.096],[152.345,-31.0505],[152.3405,-31.0365],[152.308,-31.025],[152.27,-30.999],[152.291,-30.9755],[152.2845,-30.949],[152.2955,-30.931],[152.1785,-30.911],[152.1285,-30.8595],[152.0645,-30.8475],[152.0375,-30.86],[152.033,-30.8435],[152.0015,-30.811],[151.9785,-30.81],[151.9395,-30.769],[151.8915,-30.7675],[151.868,-30.78],[151.8485,-30.775],[151.836,-30.786],[151.8065,-30.7815],[151.7395,-30.7875],[151.72,-30.796],[151.6825,-30.8345],[151.662,-30.8335],[151.644,-30.874],[151.617,-30.848],[151.5905,-30.8445],[151.549,-30.8625],[151.5145,-30.858],[151.495,-30.88],[151.461,-30.897],[151.438,-30.8935],[151.443,-30.868],[151.406,-30.855],[151.3965,-30.837],[151.377,-30.834],[151.364,-30.877],[151.345,-30.879],[151.295,-30.914],[151.342,-30.946],[151.33,-30.969],[151.3125,-30.984],[151.3205,-31.003],[151.3515,-31.023],[151.344,-31.046],[151.348,-31.0635],[151.308,-31.081],[151.3035,-31.1025],[151.336,-31.1075],[151.3345,-31.147],[151.319,-31.176],[151.3395,-31.181],[151.3445,-31.197],[151.3705,-31.2225],[151.358,-31.288],[151.3905,-31.301],[151.3975,-31.264],[151.4205,-31.2715],[151.4195,-31.314],[151.448,-31.339],[151.466,-31.3775],[151.447,-31.3885],[151.4225,-31.38],[151.4075,-31.3975],[151.424,-31.4165],[151.4105,-31.433],[151.419,-31.4555],[151.409,-31.476],[151.4245,-31.487],[151.4175,-31.505],[151.454,-31.539],[151.4825,-31.547],[151.4785,-31.564]]]},"properties":{"code":"17850","name":"Walcha"}},
{"type":"Feature","geometry":{"type":"Polygon","coordinates":[[[147.1775,-30.403],[147.1945,-30.4085],[147.26,-30.412],[147.345,-30.422],[147.3475,-30.4075],[147.5565,-30.432],[147.5725,-30.436],[147.5815,-30.466],[147.62,-30.5015],[147.6215,-30.513],[147.707,-30.524],[147.848,-30.5405],[147.8455,-30.479],[147.955,-30.4325],[147.9815,-30.404],[147.9965,-30.413],[148.0535,-30.42],[148.055,-30.4125],[148.1085,-30.419],[148.0935,-30.455],[148.0975,-30.496],[148.1175,-30.5125],[148.2325,-30.441],[148.221,-30.3925],[148.2285,-30.35],[148.2805,-30.35],[148.2825,-30.336],[148.3025,-30.322],[148.3225,-30.333],[148.3955,-30.3905],[148.391,-30.419],[148.436,-30.4545],[148.477,-30.4955],[148.4745,-30.5075],[148.587,-30.5645],[148.6435,-30.5815],[148.647,-30.5625],[148.662,-30.5505],[148.666,-30.5265],[148.7375,-30.5355],[148.7405,-30.518],[148.8345,-30.5295],[148.8515,-30.5315],[148.8795,-30.3675],[148.885,-30.327],[148.921,-30.338],[148.922,-30.3125],[148.938,-30.204],[148.943,-30.188],[148.9815,-30.168],[148.9705,-30.1495],[148.997,-30.127],[149.0205,-30.1295],[149.0235,-30.1055],[149.055,-30.0925],[149.068,-30.033],[149.081,-30.0345],[149.0945,-29.9595],[149.048,-29.9535],[149.0625,-29.8605],[149.066,-29.8585],[149.083,-29.7495],[149.089,-29.7125],[148.88,-29.629],[148.8775,-29.6225],[148.901,-29.4785],[148.8455,-29.497],[148.816,-29.49],[148.8015,-29.5045],[148.752,-29.5095],[148.7385,-29.5045],[148.707,-29.516],[148.679,-29.504],[148.6795,-29.478],[148.7025,-29.431],[148.7145,-29.4225],[148.6975,-29.3745],[148.6925,-29.3465],[148.698,-29.326],[148.7225,-29.316],[148.721,-29.282],[148.733,-29.2545],[148.7495,-29.237],[148.7635,-29.1975],[148.7825,-29.1845],[148.805,-29.183],[148.797,-29.155],[148.8045,-29.102],[148.83,-29.0655],[148.8415,-29.07],[148.8975,-29.0205],[148.942,-29.0245],[148.958,-28.999],[147.9455,-28.999],[147.932,-29.0455],[147.9195,-29.115],[147.8865,-29.1125],[147.8525,-29.1595],[147.8285,-29.183],[147.8405,-29.202],[147.814,-29.2455],[147.775,-29.2695],[147.756,-29.289],[147.736,-29.276],[147.709,-29.2945],[147.685,-29.3225],[147.679,-29.3425],[147.639,-29.3495],[147.577,-29.376],[147.5685,-29.3995],[147.5515,-29.4195],[147.551,-29.439],[147.5205,-29.4515],[147.487,-29.481],[147.478,-29.506],[147.436,-29.529],[147.4275,-29.5525],[147.409,-29.576],[147.414,-29.6015],[147.37,-29.67],[147.3535,-29.6735],[147.35,-29.6935],[147.3795,-29.7165],[147.406,-29.723],[147.4275,-29.763],[147.3925,-29.767],[147.381,-29.7825],[147.4005,-29.7925],[147.4405,-29.8475],[147.494,-29.853],[147.491,-29.904],[147.4755,-29.9815],[147.411,-29.9745],[147.404,-30],[147.389,-30.1065],[147.4185,-30.116],[147.378,-30.143],[147.353,-30.1305],[147.3055,-30.1225],[147.287,-30.135],[147.268,-30.1245],[147.2505,-30.13],[147.2455,-30.1785],[147.2335,-30.1965],[147.2395,-30.233],[147.2285,-30.241],[147.209,-30.2875],[147.2115,-30.304],[147.1925,-30.341],[147.1775,-30.403]]]},"properties":{"code":"17900","name":"Walgett"}},
{"type":"Feature","geometry":{"type":"Polygon","coordinates":[[[147.3285,-31.995],[147.353,-32.0035],[147.4165,-32.04],[147.42,-32.0695],[147.4385,-32.094],[147.463,-32.1095],[147.4945,-32.1885],[147.6305,-32.1],[147.7245,-32.026],[147.7465,-31.9895],[147.7845,-32],[147.794,-31.969],[147.8365,-31.9275],[147.8525,-31.9335],[147.9475,-31.867],[147.992,-31.873],[147.9995,-31.8675],[148.0435,-31.89],[148.0665,-31.864],[148.127,-31.8095],[148.1535,-31.804],[148.1625,-31.8155],[148.2005,-31.818],[148.259,-31.783],[148.3015,-31.7925],[148.3465,-31.7975],[148.357,-31.73],[148.298,-31.733],[148.323,-31.591],[148.268,-31.5865],[148.2945,-31.4395],[148.307,-31.416],[148.2985,-31.3855],[148.266,-31.4005],[148.229,-31.3885],[148.2055,-31.3495],[148.055,-31.2395],[147.9875,-31.1795],[147.993,-31.1455],[147.9925,-31.106],[147.9795,-31.088],[147.9535,-31.0785],[147.917,-31.0305],[147.88,-31.013],[147.8665,-30.9845],[147.815,-30.992],[147.811,-30.9795],[147.7445,-30.9965],[147.731,-30.937],[147.693,-30.8555],[147.6985,-30.8375],[147.523,-30.8165],[147.5145,-30.786],[147.5225,-30.7655],[147.547,-30.7525],[147.566,-30.7325],[147.5625,-30.713],[147.569,-30.69],[147.5915,-30.6565],[147.592,-30.639],[147.575,-30.5965],[147.5735,-30.5725],[147.596,-30.564],[147.6005,-30.5275],[147.6215,-30.513],[147.62,-30.5015],[147.5815,-30.466],[147.5725,-30.436],[147.5565,-30.432],[147.3475,-30.4075],[147.345,-30.422],[147.26,-30.412],[147.1945,-30.4085],[147.1775,-30.403],[147.1685,-30.448],[147.1885,-30.5395],[147.0995,-30.5335],[147.119,-30.6015],[147.2035,-30.611],[147.205,-30.6545],[147.2165,-30.668],[147.2075,-30.718],[147.237,-30.749],[147.2525,-30.7795],[147.254,-30.814],[147.2405,-30.829],[147.158,-30.82],[147.1505,-30.8305],[147.1575,-30.9025],[147.2135,-30.9755],[147.2675,-31.033],[147.1975,-31.078],[147.3025,-31.171],[147.2995,-31.1925],[147.3645,-31.156],[147.38,-31.172],[147.389,-31.206],[147.42,-31.2295],[147.4185,-31.2425],[147.49,-31.3095],[147.5065,-31.333],[147.46,-31.357],[147.485,-31.384],[147.521,-31.444],[147.5055,-31.466],[147.4595,-31.4955],[147.482,-31.5225],[147.4335,-31.586],[147.4185,-31.655],[147.3875,-31.73],[147.373,-31.7395],[147.347,-31.785],[147.341,-31.8105],[147.4205,-31.8475],[147.44,-31.821],[147.4845,-31.86],[147.472,-31.8655],[147.3695,-31.931],[147.388,-31.9505],[147.3285,-31.995]]]},"properties":{"code":"17950","name":"Warren"}},
{"type":"Feature","geometry":{"type":"Polygon","coordinates":[[[148.8105,-30.6735],[148.797,-30.758],[148.833,-30.7995],[148.8795,-30.827],[148.8245,-30.8675],[148.857,-30.884],[148.8715,-30.9175],[148.858,-30.9385],[148.841,-30.985],[148.834,-31.0285],[148.8435,-31.036],[148.901,-31.0475],[148.9035,-31.0755],[148.9205,-31.0965],[148.92,-31.135],[148.941,-31.179],[148.9345,-31.1955],[148.9545,-31.2285],[148.98,-31.2305],[148.995,-31.241],[149.018,-31.2405],[149.0285,-31.2605],[149.061,-31.2715],[149.0625,-31.2895],[149.05,-31.296],[149.0435,-31.3415],[149.0055,-31.3465],[148.9955,-31.3735],[148.977,-31.3835],[148.959,-31.4495],[149.001,-31.443],[149.047,-31.4445],[149.032,-31.478],[149.13,-31.4905],[149.1375,-31.535],[149.1275,-31.571],[149.1135,-31.579],[149.106,-31.6045],[149.111,-31.62],[149.0875,-31.6555],[149.067,-31.6715],[149.0745,-31.7],[149.0635,-31.7105],[149.091,-31.734],[149.0855,-31.7615],[149.0985,-31.785],[149.0725,-31.8045],[149.042,-31.795],[149.0225,-31.8235],[149.016,-31.8845],[148.993,-31.8815],[148.988,-31.9095],[148.978,-31.9155],[149.003,-31.936],[149.0315,-31.9235],[149.0115,-32.0385],[149.004,-32.055],[149.033,-32.1],[149.0595,-32.0965],[149.1005,-32.115],[149.1215,-32.1065],[149.1385,-32.117],[149.194,-32.1045],[149.1985,-32.1425],[149.22,-32.181],[149.199,-32.187],[149.203,-32.2135],[149.189,-32.2905],[149.226,-32.295],[149.273,-32.295],[149.306,-32.3045],[149.34,-32.2565],[149.3465,-32.238],[149.3735,-32.216],[149.397,-32.177],[149.4135,-32.1755],[149.4285,-32.124],[149.4125,-32.106],[149.4325,-32.095],[149.4705,-32.1035],[149.495,-32.102],[149.5005,-32.073],[149.533,-32.0895],[149.573,-32.0865],[149.578,-32.106],[149.6035,-32.127],[149.6385,-32.1125],[149.674,-32.1215],[149.693,-32.1125],[149.751,-32.12],[149.752,-32.0995],[149.7955,-32.058],[149.808,-32.0395],[149.8695,-32.024],[149.8795,-32],[149.8755,-31.9845],[149.839,-31.9875],[149.861,-31.965],[149.897,-31.913],[149.9215,-31.885],[149.9775,-31.8575],[150.0345,-31.817],[150.05,-31.7865],[150.069,-31.7665],[150.1105,-31.746],[150.075,-31.74],[150.03,-31.691],[150.0135,-31.6975],[149.9935,-31.722],[149.9655,-31.701],[149.905,-31.707],[149.879,-31.692],[149.8635,-31.6695],[149.8645,-31.6365],[149.841,-31.616],[149.8965,-31.62],[149.893,-31.5925],[149.914,-31.5725],[149.9035,-31.5375],[149.867,-31.5375],[149.883,-31.452],[149.913,-31.4535],[149.91,-31.4315],[149.8965,-31.423],[149.8815,-31.3845],[149.803,-31.372],[149.813,-31.3165],[149.791,-31.3155],[149.789,-31.27],[149.796,-31.224],[149.826,-31.2285],[149.8445,-31.1965],[149.88,-31.203],[149.888,-31.169],[149.8905,-31.108],[149.904,-31.096],[149.82,-31.0845],[149.847,-30.939],[149.8235,-30.939],[149.7575,-30.9305],[149.742,-30.939],[149.711,-30.9345],[149.689,-30.923],[149.6315,-30.916],[149.6365,-30.8885],[149.6585,-30.884],[149.5235,-30.8665],[149.495,-30.893],[149.408,-30.8815],[149.406,-30.8755],[149.311,-30.8635],[149.2075,-30.9065],[149.155,-30.785],[149.1225,-30.7975],[149.128,-30.7745],[149.113,-30.729],[149.117,-30.7135],[149.048,-30.713],[149.036,-30.656],[149.0525,-30.64],[149.0255,-30.6055],[148.992,-30.622],[148.9485,-30.6545],[148.923,-30.6245],[148.8105,-30.6735]]]},"properties":{"code":"18020","name":"Warrumbungle"}},
{"type":"Feature","geometry":{"type":"Polygon","coordinates":[[[151.2705,-33.911],[151.286,-33.888],[151.2865,-33.8575],[151.2645,-33.888],[151.241,-33.89],[151.243,-33.9025],[151.2705,-33.911]]]},"properties":{"code":"18050","name":"Waverley"}},
{"type":"Feature","geometry":{"type":"Polygon","coordinates":[[[147.759,-34.1425],[147.7935,-34.138],[147.8235,-34.1175],[147.8565,-34.1125],[147.878,-34.118],[147.9375,-34.1165],[147.9425,-34.0945],[148.006,-34.104],[148.026,-34.1185],[148.015,-34.029],[148.0635,-34.03],[148.1015,-34.049],[148.1485,-34.08],[148.1525,-34.0575],[148.221,-34.067],[148.224,-34.0535],[148.2935,-34.0855],[148.3335,-34.0865],[148.35,-34.1155],[148.3845,-34.1305],[148.391,-34.1025],[148.422,-34.0715],[148.439,-34.074],[148.442,-34.012],[148.462,-33.9975],[148.4685,-33.9715],[148.494,-33.9365],[148.516,-33.917],[148.4955,-33.885],[148.4945,-33.868],[148.472,-33.827],[148.446,-33.84],[148.4235,-33.8705],[148.405,-33.8835],[148.3895,-33.8645],[148.38,-33.834],[148.3475,-33.836],[148.325,-33.821],[148.355,-33.783],[148.3635,-33.7515],[148.3425,-33.7235],[148.36,-33.704],[148.37,-33.673],[148.353,-33.671],[148.3575,-33.6475],[148.329,-33.6485],[148.324,-33.6555],[148.2705,-33.649],[148.2375,-33.636],[148.187,-33.641],[148.152,-33.6545],[148.101,-33.6485],[148.0785,-33.7075],[148.08,-33.72],[147.948,-33.701],[147.944,-33.7085],[147.8945,-33.7005],[147.803,-33.694],[147.7785,-33.687],[147.764,-33.707],[147.697,-33.704],[147.671,-33.6955],[147.6775,-33.6585],[147.664,-33.6565],[147.6825,-33.624],[147.602,-33.6135],[147.58,-33.63],[147.555,-33.6695],[147.523,-33.6825],[147.5115,-33.7055],[147.5075,-33.7225],[147.5335,-33.8025],[147.55,-33.821],[147.541,-33.8575],[147.545,-33.8985],[147.5585,-33.909],[147.6965,-33.9265],[147.727,-33.9545],[147.7325,-33.9835],[147.757,-34.059],[147.784,-34.0695],[147.772,-34.084],[147.767,-34.1315],[147.759,-34.1425]]]},"properties":{"code":"18100","name":"Weddin"}},
{"type":"Feature","geometry":{"type":"Polygon","coordinates":[[[142.4705,-34.5915],[142.487,-34.5935],[142.5835,-34.558],[142.6125,-34.3715],[142.789,-34.3895],[142.8325,-34.0915],[142.7445,-34.082],[142.76,-33.979],[142.7965,-33.983],[142.806,-33.922],[142.931,-33.935],[142.945,-33.8485],[142.9925,-33.8535],[143.0045,-33.7815],[143.0395,-33.5505],[143.211,-33.5685],[143.2435,-33.3505],[143.295,-33.3565],[143.308,-33.271],[143.3555,-33.276],[143.3785,-33.1415],[143.5495,-33.1595],[143.5525,-33.1405],[143.573,-33.0125],[143.603,-33.007],[143.6535,-33.0125],[143.6615,-32.9555],[143.672,-32.941],[143.585,-32.931],[143.592,-32.885],[143.506,-32.876],[143.4995,-32.9185],[143.417,-32.9075],[143.4325,-32.8085],[143.2695,-32.7915],[143.271,-32.78],[142.9645,-32.7485],[142.9445,-32.8905],[142.5155,-32.8475],[142.55,-32.9915],[142.548,-33.017],[142.4245,-33.005],[142.428,-32.979],[142.3765,-32.9735],[142.3825,-33.0055],[142.3485,-33.037],[142.326,-33.05],[142.2895,-33.0815],[142.2935,-33.116],[142.2745,-33.1235],[142.178,-33.1155],[142.1055,-33.1125],[142.108,-33.09],[142.023,-33.085],[142.0385,-33.144],[141.561,-33.0965],[141.573,-33.0055],[141.4025,-32.9875],[141.3885,-33.0815],[141.348,-33.3665],[141.306,-33.3625],[141.3085,-33.3415],[141.2665,-33.337],[141.264,-33.356],[141.0025,-33.329],[141.003,-34.022],[141.003,-34.0405],[141.0325,-34.0455],[141.041,-34.06],[141.0625,-34.0545],[141.0975,-34.069],[141.146,-34.056],[141.153,-34.0795],[141.1795,-34.0895],[141.207,-34.061],[141.226,-34.073],[141.2605,-34.0785],[141.283,-34.1035],[141.3125,-34.112],[141.332,-34.1315],[141.3465,-34.1245],[141.405,-34.127],[141.412,-34.15],[141.467,-34.1655],[141.4945,-34.1545],[141.511,-34.1775],[141.5175,-34.2065],[141.533,-34.2115],[141.568,-34.192],[141.632,-34.14],[141.635,-34.1205],[141.6775,-34.101],[141.705,-34.0955],[141.717,-34.115],[141.7355,-34.093],[141.7595,-34.1125],[141.787,-34.112],[141.8425,-34.1325],[141.888,-34.126],[141.903,-34.111],[141.9485,-34.121],[141.9835,-34.1125],[142.0135,-34.1255],[142.0135,-34.1055],[142.051,-34.1255],[142.0745,-34.1305],[142.0655,-34.1505],[142.082,-34.173],[142.121,-34.174],[142.148,-34.1485],[142.1595,-34.1715],[142.228,-34.1895],[142.229,-34.207],[142.245,-34.238],[142.2355,-34.249],[142.2495,-34.267],[142.238,-34.308],[142.272,-34.3035],[142.2805,-34.316],[142.3335,-34.3395],[142.365,-34.327],[142.389,-34.3635],[142.352,-34.3945],[142.3525,-34.419],[142.365,-34.447],[142.354,-34.4705],[142.3615,-34.488],[142.392,-34.4925],[142.3685,-34.527],[142.3765,-34.541],[142.4,-34.547],[142.4345,-34.576],[142.468,-34.5645],[142.4705,-34.5915]]]},"properties":{"code":"18200","name":"Wentworth"}},
{"type":"Feature","geometry":{"type":"Polygon","coordinates":[[[151.1435,-33.803],[151.144,-33.803],[151.172,-33.8075],[151.195,-33.8235],[151.22,-33.8175],[151.23,-33.8135],[151.23,-33.785],[151.213,-33.784],[151.207,-33.779],[151.157,-33.792],[151.1435,-33.803]]]},"properties":{"code":"18250","name":"Willoughby"}},
{"type":"Feature","geometry":{"type":"Polygon","coordinates":[[[150.083,-34.5825],[150.0975,-34.5975],[150.0995,-34.6275],[150.0785,-34.6395],[150.0985,-34.655],[150.0925,-34.6805],[150.1125,-34.6835],[150.1165,-34.6995],[150.141,-34.7155],[150.1785,-34.728],[150.169,-34.769],[150.1945,-34.7515],[150.2565,-34.7415],[150.2705,-34.733],[150.3035,-34.734],[150.3335,-34.7525],[150.377,-34.738],[150.3885,-34.714],[150.4315,-34.691],[150.452,-34.692],[150.469,-34.678],[150.4985,-34.682],[150.5045,-34.667],[150.5465,-34.644],[150.5765,-34.6695],[150.604,-34.652],[150.633,-34.628],[150.667,-34.619],[150.694,-34.604],[150.662,-34.5805],[150.6385,-34.5745],[150.6555,-34.5465],[150.635,-34.543],[150.7455,-34.3375],[150.6015,-34.3145],[150.5655,-34.3235],[150.563,-34.2975],[150.542,-34.2945],[150.5515,-34.267],[150.442,-34.2485],[150.2715,-34.223],[150.23,-34.232],[150.2225,-34.2745],[150.197,-34.304],[150.157,-34.306],[150.117,-34.283],[150.0595,-34.267],[149.9915,-34.2585],[149.988,-34.2975],[149.9745,-34.296],[149.968,-34.3255],[150.019,-34.3675],[150.074,-34.356],[150.089,-34.3465],[150.1225,-34.3735],[150.1065,-34.3895],[150.1155,-34.41],[150.098,-34.433],[150.0645,-34.458],[150.0585,-34.472],[150.072,-34.494],[150.093,-34.5105],[150.0455,-34.5275],[150.065,-34.5455],[150.0895,-34.553],[150.083,-34.5825]]]},"properties":{"code":"18350","name":"Wingecarribee"}},
{"type":"Feature","geometry":{"type":"Polygon","coordinates":[[[150.185,-33.8805],[150.156,-33.893],[150.1755,-33.945],[150.241,-33.952],[150.209,-33.998],[150.165,-34.0235],[150.141,-34.051],[150.146,-34.0705],[150.1175,-34.0775],[150.105,-34.1095],[150.105,-34.1385],[150.0375,-34.121],[150.017,-34.1455],[150.0465,-34.15],[150.066,-34.1955],[150.0515,-34.2255],[150.0615,-34.2385],[150.0595,-34.267],[150.117,-34.283],[150.157,-34.306],[150.197,-34.304],[150.2225,-34.2745],[150.23,-34.232],[150.2715,-34.223],[150.442,-34.2485],[150.5515,-34.267],[150.542,-34.2945],[150.563,-34.2975],[150.5655,-34.3235],[150.6015,-34.3145],[150.7455,-34.3375],[150.751,-34.302],[150.817,-34.3065],[150.805,-34.2715],[150.853,-34.28],[150.8765,-34.2595],[150.8975,-34.2315],[150.89,-34.2125],[150.8995,-34.1895],[150.841,-34.1765],[150.752,-34.164],[150.7525,-34.117],[150.737,-34.113],[150.742,-34.0805],[150.716,-34.0785],[150.7095,-34.0935],[150.649,-34.082],[150.672,-34.029],[150.651,-34.007],[150.67,-33.9915],[150.6295,-33.973],[150.6295,-33.957],[150.62,-33.9475],[150.649,-33.917],[150.6345,-33.9005],[150.6395,-33.8765],[150.631,-33.861],[150.611,-33.8585],[150.5855,-33.876],[150.5675,-33.8755],[150.5425,-33.8955],[150.5295,-33.8765],[150.5015,-33.865],[150.4935,-33.881],[150.468,-33.8995],[150.4285,-33.8845],[150.4055,-33.863],[150.4165,-33.8085],[150.365,-33.802],[150.3595,-33.8365],[150.3285,-33.857],[150.3015,-33.8455],[150.2795,-33.851],[150.2365,-33.8835],[150.185,-33.8805]]]},"properties":{"code":"18400","name":"Wollondilly"}},
{"type":"Feature","geometry":{"type":"Polygon","coordinates":[[[151.066,-34.1725],[151.016,-34.1665],[151.019,-34.156],[150.98,-34.1385],[150.9225,-34.13],[150.8995,-34.1895],[150.89,-34.2125],[150.8975,-34.2315],[150.8765,-34.2595],[150.853,-34.28],[150.805,-34.2715],[150.817,-34.3065],[150.751,-34.302],[150.7455,-34.3375],[150.635,-34.543],[150.6555,-34.5465],[150.6805,-34.5535],[150.72,-34.546],[150.771,-34.5535],[150.805,-34.547],[150.8115,-34.508],[150.847,-34.484],[150.871,-34.492],[150.886,-34.5125],[150.909,-34.493],[150.9145,-34.4755],[150.9,-34.465],[150.908,-34.423],[150.9025,-34.405],[150.93,-34.3705],[150.92,-34.3535],[150.9255,-34.321],[150.977,-34.246],[150.9935,-34.228],[151.066,-34.1725]]]},"properties":{"code":"18450","name":"Wollongong"}},
{"type":"Feature","geometry":{"type":"Polygon","coordinates":[[[151.2865,-33.8575],[151.2305,-33.874],[151.2335,-33.8895],[151.241,-33.89],[151.2645,-33.888],[151.2865,-33.8575]]]},"properties":{"code":"18500","name":"Woollahra"}},
{"type":"Feature","geometry":{"type":"Polygon","coordinates":[[[148.5225,-34.9015],[148.5305,-34.907],[148.543,-34.954],[148.531,-34.988],[148.5535,-34.9885],[148.573,-35.0015],[148.5755,-35.0415],[148.5665,-35.052],[148.567,-35.095],[148.544,-35.1205],[148.5485,-35.132],[148.582,-35.1515],[148.5815,-35.1925],[148.5655,-35.2205],[148.544,-35.2395],[148.616,-35.249],[148.679,-35.2485],[148.753,-35.258],[148.767,-35.2735],[148.764,-35.317],[148.8035,-35.317],[148.81,-35.3075],[149.121,-35.1245],[149.1645,-35.142],[149.1625,-35.154],[149.1835,-35.1755],[149.2005,-35.2055],[149.2315,-35.1835],[149.296,-35.1745],[149.3295,-35.152],[149.348,-35.1195],[149.376,-35.0955],[149.3735,-35.063],[149.38,-35.007],[149.3875,-34.98],[149.406,-34.963],[149.4225,-34.9295],[149.387,-34.9215],[149.3745,-34.949],[149.3425,-34.9425],[149.3465,-34.923],[149.2805,-34.9115],[149.279,-34.8905],[149.251,-34.8905],[149.2295,-34.9055],[149.2175,-34.89],[149.182,-34.8925],[149.155,-34.8755],[149.138,-34.8905],[149.1205,-34.888],[149.1075,-34.864],[149.076,-34.8525],[149.0595,-34.831],[149.0435,-34.8275],[149.0315,-34.7845],[149.0375,-34.7585],[149.022,-34.748],[149.026,-34.7275],[149.0035,-34.7245],[148.9905,-34.706],[148.9655,-34.7185],[148.9415,-34.6905],[148.9475,-34.644],[148.9045,-34.639],[148.87,-34.5915],[148.8475,-34.569],[148.796,-34.561],[148.7825,-34.572],[148.7155,-34.566],[148.688,-34.5585],[148.68,-34.5355],[148.6535,-34.5425],[148.6475,-34.5625],[148.6705,-34.5895],[148.6595,-34.6145],[148.629,-34.6105],[148.6265,-34.623],[148.595,-34.6185],[148.5865,-34.6275],[148.572,-34.702],[148.578,-34.7355],[148.5715,-34.7725],[148.5745,-34.7985],[148.5635,-34.8055],[148.5585,-34.8595],[148.545,-34.8555],[148.5225,-34.9015]]]},"properties":{"code":"18710","name":"Yass Valley"}},
{"type":"Feature","geometry":{"type":"MultiPolygon","coordinates":[[[[141.0025,-33.329],[141.264,-33.356],[141.2665,-33.337],[141.3085,-33.3415],[141.306,-33.3625],[141.348,-33.3665],[141.3885,-33.0815],[141.4025,-32.9875],[141.573,-33.0055],[141.561,-33.0965],[142.0385,-33.144],[142.023,-33.085],[142.108,-33.09],[142.1055,-33.1125],[142.178,-33.1155],[142.2745,-33.1235],[142.2935,-33.116],[142.2895,-33.0815],[142.326,-33.05],[142.3485,-33.037],[142.3825,-33.0055],[142.3765,-32.9735],[142.361,-32.942],[142.373,-32.901],[142.3635,-32.8495],[142.344,-32.827],[142.376,-32.799],[142.3795,-32.7695],[142.2365,-32.755],[142.2485,-32.665],[142.2485,-32.6105],[142.135,-32.5985],[142.1065,-32.531],[142.116,-32.5155],[142.1145,-32.4795],[142.092,-32.468],[142.1075,-32.4185],[142.1115,-32.3675],[142.2415,-32.3795],[142.26,-32.3685],[142.2535,-32.3535],[142.266,-32.3235],[142.268,-32.2955],[142.296,-32.2755],[142.2955,-32.214],[142.3455,-32.2245],[142.37,-32.2075],[142.372,-32.1225],[142.5255,-32.0065],[142.521,-32.0025],[142.694,-31.868],[142.68,-31.857],[142.7275,-31.824],[142.7465,-31.821],[142.81,-31.8695],[142.8575,-31.8235],[142.821,-31.7945],[142.8915,-31.7325],[142.8255,-31.671],[142.83,-31.638],[142.8135,-31.636],[142.7865,-31.615],[142.8235,-31.5895],[142.7265,-31.5145],[142.726,-31.336],[142.756,-31.3355],[142.7555,-31.07],[142.585,-31.0705],[142.5855,-31.004],[142.741,-31.005],[142.7395,-30.975],[142.7395,-30.7135],[142.764,-30.7135],[142.7635,-30.605],[142.8535,-30.605],[142.8535,-30.4635],[143.021,-30.463],[143.0205,-30.316],[143.29,-30.314],[143.292,-30.302],[143.4975,-30.323],[143.509,-30.2425],[143.942,-30.2895],[143.941,-30.273],[144.0395,-30.2815],[144.027,-30.3245],[144.1135,-30.332],[144.0925,-30.3865],[144.126,-30.424],[144.1975,-30.372],[144.1875,-30.3605],[144.345,-30.254],[144.21,-30.24],[144.2345,-30.08],[144.0655,-30.0625],[144.0695,-30.047],[144.0965,-30.04],[144.1175,-30.015],[144.133,-29.986],[144.129,-29.947],[144.145,-29.8985],[144.1355,-29.84],[144.112,-29.82],[144.1185,-29.7915],[144.139,-29.7755],[144.1415,-29.7555],[144.1315,-29.734],[144.146,-29.716],[144.1355,-29.707],[144.1655,-29.691],[144.195,-29.658],[144.2065,-29.634],[144.224,-29.629],[144.243,-29.591],[144.287,-29.566],[144.335,-29.5095],[144.373,-29.4855],[144.3775,-29.473],[144.413,-29.428],[144.424,-29.3655],[144.404,-29.3175],[144.417,-29.2875],[144.4495,-29.2655],[144.4505,-29.2455],[144.469,-29.232],[144.4615,-29.219],[144.4795,-29.179],[144.479,-29.1515],[144.4475,-29.1215],[144.4405,-29.104],[144.395,-29.1115],[144.3695,-29.103],[144.356,-29.073],[144.3685,-29.031],[144.393,-28.999],[144.1,-28.999],[143.7505,-28.999],[143.4,-28.999],[143.001,-28.999],[142.6,-28.999],[142.3,-28.999],[142,-28.999],[141.591,-28.999],[141.2,-28.999],[140.9995,-28.999],[141,-29.3295],[141,-29.904],[141.0005,-30.0505],[141.0005,-30.7075],[141.0005,-31.2],[141.0015,-31.829],[141.0015,-32.075],[141.0025,-33.329]],[[141.414,-31.939],[141.4125,-31.8865],[141.5585,-31.884],[141.5455,-31.925],[141.5425,-32.0025],[141.412,-32.0025],[141.393,-31.98],[141.413,-31.972],[141.414,-31.939]]],[[[159.071,-31.536],[159.077,-31.5435],[159.074,-31.595],[159.0965,-31.5705],[159.0975,-31.5515],[159.071,-31.536]]]]},"properties":{"code":"19399","name":"Unincorporated NSW"}},
{"type":"Feature","geometry":{"type":"Polygon","coordinates":[[[146.6515,-37.12],[146.6845,-37.145],[146.719,-37.159],[146.752,-37.1475],[146.771,-37.1505],[146.788,-37.1775],[146.8235,-37.192],[146.8385,-37.205],[147.337,-37.2755],[147.385,-37.2115],[147.325,-37.1415],[147.3255,-37.122],[147.359,-37.1145],[147.3805,-37.0985],[147.3805,-37.0585],[147.3895,-37.032],[147.342,-37.032],[147.294,-37.007],[147.2635,-37.0065],[147.281,-36.9265],[147.29,-36.9045],[147.342,-36.851],[147.333,-36.8295],[147.302,-36.832],[147.2925,-36.8095],[147.2685,-36.7775],[147.2905,-36.7655],[147.2905,-36.738],[147.3125,-36.7315],[147.3085,-36.69],[147.257,-36.674],[147.2155,-36.671],[147.2,-36.65],[147.175,-36.64],[147.175,-36.616],[147.1615,-36.567],[147.126,-36.552],[147.129,-36.5345],[147.107,-36.488],[147.1225,-36.4675],[147.1255,-36.448],[147.121,-36.425],[147.0815,-36.418],[147.046,-36.4275],[147.038,-36.395],[147.0175,-36.3925],[146.935,-36.4085],[146.9105,-36.431],[146.892,-36.435],[146.8815,-36.4545],[146.8035,-36.4515],[146.726,-36.459],[146.72,-36.4765],[146.672,-36.4915],[146.6485,-36.491],[146.6425,-36.528],[146.668,-36.5325],[146.658,-36.553],[146.6705,-36.5685],[146.6475,-36.5905],[146.645,-36.614],[146.622,-36.6315],[146.6185,-36.664],[146.631,-36.679],[146.618,-36.699],[146.5665,-36.741],[146.6425,-36.813],[146.6365,-36.848],[146.644,-36.87],[146.6405,-36.911],[146.65,-36.9265],[146.6545,-36.97],[146.6725,-36.983],[146.674,-37.1135],[146.6515,-37.12]],[[147.2885,-36.8745],[147.245,-36.8835],[147.235,-36.8715],[147.2465,-36.844],[147.2675,-36.841],[147.2885,-36.8745]],[[147.0635,-36.9965],[147.097,-37.002],[147.121,-36.972],[147.15,-36.958],[147.192,-36.9885],[147.18,-37.0095],[147.1225,-37],[147.074,-37.0135],[147.0635,-36.9965]]]},"properties":{"code":"20110","name":"Alpine"}},
{"type":"Feature","geometry":{"type":"Polygon","coordinates":[[[142.5165,-37.293],[142.5005,-37.32],[142.495,-37.365],[142.475,-37.4055],[142.434,-37.445],[142.4265,-37.468],[142.3875,-37.4985],[142.3645,-37.5445],[142.369,-37.564],[142.355,-37.588],[142.3645,-37.599],[142.587,-37.627],[142.619,-37.647],[142.6155,-37.6895],[142.602,-37.6995],[142.59,-37.765],[142.6125,-37.7915],[142.6145,-37.8105],[142.673,-37.8165],[142.665,-37.83],[142.7015,-37.8345],[142.7575,-37.8125],[142.8395,-37.822],[142.842,-37.808],[142.8795,-37.8085],[142.8755,-37.8315],[142.9345,-37.803],[142.9515,-37.7895],[143.007,-37.7655],[143.013,-37.787],[143.0355,-37.793],[143.0315,-37.8145],[143.062,-37.825],[143.076,-37.8155],[143.106,-37.8335],[143.096,-37.8215],[143.126,-37.7795],[143.1645,-37.758],[143.1805,-37.7315],[143.061,-37.718],[143.074,-37.704],[143.0895,-37.652],[143.1085,-37.638],[143.1395,-37.587],[143.1685,-37.562],[143.1795,-37.5245],[143.1975,-37.4265],[143.244,-37.4025],[143.2365,-37.3845],[143.2485,-37.365],[143.2315,-37.3565],[143.2015,-37.3565],[143.2015,-37.3245],[143.2285,-37.3115],[143.234,-37.286],[143.2915,-37.2805],[143.284,-37.2605],[143.284,-37.2285],[143.2715,-37.2165],[143.2635,-37.1815],[143.242,-37.174],[143.222,-37.1525],[143.1925,-37.171],[143.1805,-37.1885],[143.151,-37.171],[143.131,-37.174],[143.0955,-37.1555],[143.067,-37.1475],[143.059,-37.187],[142.9935,-37.183],[142.9615,-37.167],[142.954,-37.208],[142.838,-37.1915],[142.824,-37.1715],[142.7835,-37.169],[142.7685,-37.143],[142.717,-37.1575],[142.543,-37.1575],[142.595,-37.2175],[142.597,-37.262],[142.5815,-37.27],[142.592,-37.2905],[142.5165,-37.293]]]},"properties":{"code":"20260","name":"Ararat"}},
{"type":"Feature","geometry":{"type":"Polygon","coordinates":[[[143.648,-37.3215],[143.6135,-37.501],[143.6005,-37.5205],[143.6685,-37.5385],[143.662,-37.5725],[143.68,-37.5625],[143.71,-37.567],[143.757,-37.5945],[143.832,-37.6185],[143.8345,-37.665],[143.871,-37.693],[143.8825,-37.714],[143.936,-37.71],[143.9485,-37.6735],[143.923,-37.669],[143.936,-37.6505],[143.9145,-37.645],[143.9135,-37.627],[143.896,-37.6075],[143.905,-37.5825],[143.9415,-37.5725],[143.9505,-37.55],[143.932,-37.535],[143.9375,-37.4755],[143.857,-37.4685],[143.859,-37.402],[143.869,-37.3485],[143.827,-37.34],[143.7905,-37.3395],[143.648,-37.3215]]]},"properties":{"code":"20570","name":"Ballarat"}},
{"type":"Feature","geometry":{"type":"Polygon","coordinates":[[[145.0675,-37.687],[145.058,-37.7],[145.075,-37.709],[145.0605,-37.729],[145.0385,-37.7275],[145.028,-37.764],[145.036,-37.779],[145.04,-37.784],[145.067,-37.781],[145.078,-37.7545],[145.1095,-37.7555],[145.1355,-37.741],[145.1435,-37.6825],[145.0975,-37.6925],[145.0675,-37.687]]]},"properties":{"code":"20660","name":"Banyule"}},
{"type":"Feature","geometry":{"type":"MultiPolygon","coordinates":[[[[145.6055,-38.3325],[145.5535,-38.2935],[145.542,-38.3095],[145.5205,-38.3065],[145.516,-38.3365],[145.5425,-38.3375],[145.5525,-38.3545],[145.535,-38.398],[145.519,-38.4135],[145.4815,-38.407],[145.4235,-38.4125],[145.433,-38.4285],[145.42,-38.4705],[145.434,-38.493],[145.418,-38.5135],[145.364,-38.5205],[145.372,-38.5365],[145.4235,-38.5365],[145.474,-38.5515],[145.493,-38.564],[145.5425,-38.618],[145.5645,-38.654],[145.607,-38.679],[145.6275,-38.673],[145.6565,-38.677],[145.6875,-38.6525],[145.7295,-38.645],[145.8165,-38.6475],[145.808,-38.6255],[145.8165,-38.5835],[145.768,-38.604],[145.7755,-38.568],[145.757,-38.566],[145.762,-38.5385],[145.6985,-38.5365],[145.701,-38.516],[145.6755,-38.481],[145.686,-38.457],[145.698,-38.3935],[145.692,-38.3735],[145.6545,-38.3595],[145.6445,-38.3425],[145.6055,-38.3325]]],[[[145.3245,-38.507],[145.291,-38.48],[145.31,-38.4595],[145.277,-38.451],[145.2145,-38.449],[145.167,-38.466],[145.144,-38.5055],[145.192,-38.5145],[145.2215,-38.528],[145.241,-38.5065],[145.287,-38.5105],[145.308,-38.5185],[145.3385,-38.543],[145.3575,-38.5085],[145.3245,-38.507]]]]},"properties":{"code":"20740","name":"Bass Coast"}},
{"type":"Feature","geometry":{"type":"Polygon","coordinates":[[[145.7355,-38.2745],[145.759,-38.276],[145.773,-38.261],[145.8005,-38.2645],[145.831,-38.3035],[145.8275,-38.3205],[145.9405,-38.331],[145.977,-38.3195],[145.9865,-38.3275],[146.0345,-38.332],[146.064,-38.3105],[146.097,-38.326],[146.1225,-38.36],[146.162,-38.3405],[146.189,-38.344],[146.204,-38.317],[146.23,-38.3215],[146.2515,-38.299],[146.258,-38.265],[146.2745,-38.253],[146.267,-38.231],[146.216,-38.219],[146.2235,-38.178],[146.2485,-38.1725],[146.253,-38.1495],[146.294,-38.112],[146.335,-38.119],[146.3615,-38.107],[146.395,-38.139],[146.4265,-38.13],[146.4245,-38.0965],[146.479,-38.104],[146.4755,-38.0755],[146.528,-38.0845],[146.535,-38.057],[146.5695,-38.058],[146.5875,-37.978],[146.563,-37.983],[146.547,-37.9675],[146.523,-37.964],[146.515,-37.9835],[146.4735,-37.9945],[146.5045,-37.695],[146.516,-37.679],[146.4885,-37.6425],[146.4745,-37.641],[146.454,-37.6165],[146.436,-37.618],[146.403,-37.604],[146.3835,-37.6095],[146.3675,-37.6295],[146.3465,-37.6235],[146.3195,-37.599],[146.299,-37.591],[146.25,-37.6105],[146.2045,-37.599],[146.192,-37.5875],[146.176,-37.585],[146.1655,-37.617],[146.131,-37.644],[146.134,-37.679],[146.163,-37.748],[146.159,-37.762],[146.124,-37.7895],[146.098,-37.758],[146.044,-37.774],[145.9995,-37.7655],[145.9635,-37.766],[145.9435,-37.758],[145.918,-37.786],[145.9315,-37.8215],[145.895,-37.826],[145.845,-37.7975],[145.8085,-37.83],[145.8055,-37.872],[145.7695,-37.881],[145.765,-37.8985],[145.7415,-37.929],[145.731,-37.959],[145.7625,-37.9905],[145.7545,-38.079],[145.739,-38.1005],[145.763,-38.109],[145.7485,-38.143],[145.7295,-38.154],[145.701,-38.206],[145.7175,-38.2065],[145.713,-38.251],[145.7365,-38.249],[145.7355,-38.2745]]]},"properties":{"code":"20830","name":"Baw Baw"}},
{"type":"Feature","geometry":{"type":"Polygon","coordinates":[[[145.0515,-37.987],[145.0555,-37.9675],[145.0345,-37.933],[144.997,-37.884],[144.985,-37.891],[144.993,-37.944],[145.0305,-37.9935],[145.0515,-37.987]]]},"properties":{"code":"20910","name":"Bayside (Vic.)"}},
{"type":"Feature","geometry":{"type":"Polygon","coordinates":[[[145.7985,-36.299],[145.7985,-36.331],[145.7755,-36.444],[145.797,-36.457],[145.8235,-36.454],[145.8235,-36.5445],[145.8195,-36.5635],[145.8555,-36.5685],[145.8435,-36.6235],[145.8395,-36.666],[145.824,-36.683],[145.825,-36.708],[145.813,-36.731],[145.83,-36.7865],[145.8615,-36.8025],[145.8655,-36.847],[145.8605,-36.8785],[145.8945,-36.89],[145.918,-36.9145],[145.954,-36.9045],[145.96,-36.883],[146.009,-36.8535],[146.0195,-36.8585],[146.0415,-36.9005],[146.0595,-36.908],[146.0685,-36.862],[146.109,-36.8665],[146.116,-36.876],[146.2055,-36.9035],[146.227,-36.916],[146.2525,-36.913],[146.279,-36.925],[146.2555,-36.906],[146.2595,-36.8905],[146.245,-36.874],[146.251,-36.841],[146.2475,-36.798],[146.24,-36.777],[146.254,-36.744],[146.2145,-36.648],[146.2255,-36.5995],[146.195,-36.5875],[146.2,-36.542],[146.195,-36.523],[146.2095,-36.5025],[146.176,-36.473],[146.2245,-36.449],[146.21,-36.42],[146.2195,-36.357],[146.181,-36.3375],[146.181,-36.2975],[146.147,-36.299],[146.1315,-36.283],[146.1315,-36.255],[146.037,-36.255],[146.031,-36.299],[145.7985,-36.299]]]},"properties":{"code":"21010","name":"Benalla"}},
{"type":"Feature","geometry":{"type":"Polygon","coordinates":[[[145.067,-37.781],[145.04,-37.784],[145.0075,-37.801],[145.0245,-37.8345],[145.06,-37.855],[145.069,-37.8745],[145.092,-37.872],[145.095,-37.8535],[145.1065,-37.792],[145.0955,-37.7795],[145.067,-37.781]]]},"properties":{"code":"21110","name":"Boroondara"}},
{"type":"Feature","geometry":{"type":"Polygon","coordinates":[[[144.7465,-37.663],[144.7585,-37.681],[144.752,-37.7055],[144.768,-37.71],[144.759,-37.7475],[144.751,-37.8105],[144.8265,-37.817],[144.8275,-37.823],[144.856,-37.815],[144.8435,-37.8025],[144.8515,-37.77],[144.846,-37.7475],[144.8885,-37.711],[144.886,-37.7075],[144.8595,-37.7125],[144.825,-37.7035],[144.82,-37.683],[144.8025,-37.6735],[144.7765,-37.6765],[144.7465,-37.663]]]},"properties":{"code":"21180","name":"Brimbank"}},
{"type":"Feature","geometry":{"type":"Polygon","coordinates":[[[142.8165,-36.4595],[142.823,-36.4625],[143.02,-36.4825],[143.0515,-36.4775],[143.0595,-36.462],[143.045,-36.443],[143.133,-36.4495],[143.139,-36.413],[143.1475,-36.4095],[143.2385,-36.4095],[143.2855,-36.4065],[143.315,-36.477],[143.3325,-36.489],[143.388,-36.4935],[143.407,-36.5],[143.412,-36.4675],[143.441,-36.46],[143.4465,-36.3915],[143.439,-36.3685],[143.4785,-36.376],[143.486,-36.3395],[143.476,-36.335],[143.482,-36.295],[143.514,-36.295],[143.508,-36.265],[143.5615,-36.2245],[143.5495,-36.2055],[143.5315,-36.2035],[143.5365,-36.174],[143.5135,-36.1735],[143.5115,-36.1015],[143.482,-36.1015],[143.4815,-35.983],[143.4755,-35.983],[143.4325,-35.9835],[143.417,-36.007],[143.3785,-36.0145],[143.3655,-35.992],[143.3655,-35.9335],[143.3725,-35.9335],[143.385,-35.843],[143.3585,-35.84],[143.3505,-35.7925],[143.3665,-35.774],[143.372,-35.7525],[143.3515,-35.7355],[143.335,-35.6975],[143.343,-35.682],[143.318,-35.6695],[143.324,-35.6565],[143.288,-35.647],[143.288,-35.655],[143.2005,-35.6545],[143.187,-35.6075],[143.2015,-35.562],[143.1845,-35.545],[143.137,-35.5455],[143.1235,-35.515],[143.1315,-35.491],[142.9975,-35.491],[142.997,-35.374],[143.0105,-35.374],[143.0035,-35.2495],[142.8565,-35.239],[142.809,-35.239],[142.794,-35.2475],[142.748,-35.1995],[142.7345,-35.198],[142.688,-35.1945],[142.612,-35.1945],[142.609,-35.2205],[142.612,-35.305],[142.536,-35.303],[142.5355,-35.387],[142.5435,-35.387],[142.5435,-35.476],[142.7225,-35.4755],[142.722,-35.736],[142.601,-35.7365],[142.601,-35.998],[142.6045,-35.998],[142.604,-36.1205],[142.635,-36.1235],[142.681,-36.0965],[142.732,-36.1035],[142.729,-36.147],[142.743,-36.148],[142.725,-36.2095],[142.728,-36.2395],[142.722,-36.2625],[142.743,-36.2645],[142.7315,-36.2985],[142.7315,-36.3755],[142.743,-36.393],[142.732,-36.405],[142.7985,-36.408],[142.7985,-36.4375],[142.8165,-36.4375],[142.8165,-36.4595]]]},"properties":{"code":"21270","name":"Buloke"}},
{"type":"Feature","geometry":{"type":"Polygon","coordinates":[[[144.344,-36.385],[144.3585,-36.385],[144.3695,-36.408],[144.43,-36.4065],[144.668,-36.4065],[144.6715,-36.457],[144.6195,-36.4925],[144.6265,-36.525],[144.6055,-36.5545],[144.59,-36.594],[144.5635,-36.613],[144.539,-36.654],[144.526,-36.6595],[144.533,-36.6915],[144.519,-36.7255],[144.666,-36.726],[144.666,-36.7625],[144.7505,-36.7575],[144.767,-36.7475],[144.7945,-36.7505],[144.932,-36.748],[144.932,-36.6995],[144.9865,-36.6995],[145.017,-36.669],[145.0375,-36.672],[145.0435,-36.6505],[145.0875,-36.6755],[145.1315,-36.6755],[145.1315,-36.5875],[145.15,-36.587],[145.154,-36.538],[145.15,-36.499],[145.032,-36.499],[145.032,-36.343],[145.1505,-36.343],[145.1505,-36.2845],[145.132,-36.2845],[145.132,-36.1805],[145.089,-36.161],[145.0675,-36.1695],[145.04,-36.159],[144.9925,-36.1185],[144.931,-36.1085],[144.905,-36.0785],[144.895,-36.0925],[144.864,-36.088],[144.8575,-36.103],[144.83,-36.103],[144.778,-36.13],[144.769,-36.1155],[144.7435,-36.109],[144.7175,-36.1125],[144.7115,-36.0915],[144.685,-36.0915],[144.6915,-36.073],[144.653,-36.073],[144.653,-36.053],[144.625,-36.052],[144.6185,-36.0395],[144.592,-36.0435],[144.578,-36.021],[144.53,-35.9945],[144.514,-35.974],[144.4935,-35.968],[144.4715,-35.942],[144.447,-35.9355],[144.4085,-35.899],[144.382,-35.8845],[144.3435,-35.8945],[144.3535,-35.9195],[144.3355,-35.934],[144.306,-35.934],[144.2885,-35.9235],[144.263,-35.9315],[144.26,-35.949],[144.2915,-35.9845],[144.2785,-35.9925],[144.28,-36.0135],[144.309,-36.037],[144.304,-36.0615],[144.318,-36.091],[144.3025,-36.1255],[144.2855,-36.145],[144.289,-36.167],[144.272,-36.202],[144.271,-36.244],[144.2815,-36.2625],[144.2815,-36.3275],[144.332,-36.3275],[144.33,-36.3855],[144.344,-36.385]]]},"properties":{"code":"21370","name":"Campaspe"}},
{"type":"Feature","geometry":{"type":"Polygon","coordinates":[[[145.5205,-38.3065],[145.542,-38.3095],[145.5535,-38.2935],[145.6055,-38.3325],[145.6125,-38.2855],[145.7325,-38.2895],[145.7355,-38.2745],[145.7365,-38.249],[145.713,-38.251],[145.7175,-38.2065],[145.701,-38.206],[145.7295,-38.154],[145.7485,-38.143],[145.763,-38.109],[145.739,-38.1005],[145.7545,-38.079],[145.7625,-37.9905],[145.731,-37.959],[145.7415,-37.929],[145.765,-37.8985],[145.7305,-37.9035],[145.7215,-37.885],[145.6715,-37.8935],[145.6705,-37.907],[145.642,-37.9185],[145.628,-37.904],[145.575,-37.8995],[145.5535,-37.874],[145.529,-37.876],[145.5075,-37.9],[145.4815,-37.8985],[145.4425,-37.907],[145.416,-37.9285],[145.39,-37.9245],[145.379,-37.975],[145.3855,-38.0135],[145.366,-38.039],[145.3765,-38.0795],[145.399,-38.1015],[145.3995,-38.143],[145.389,-38.1925],[145.4185,-38.1985],[145.43,-38.215],[145.4885,-38.236],[145.498,-38.274],[145.5205,-38.3065]]]},"properties":{"code":"21450","name":"Cardinia"}},
{"type":"Feature","geometry":{"type":"Polygon","coordinates":[[[145.293,-37.965],[145.2795,-37.9475],[145.2335,-37.9425],[145.229,-37.952],[145.2355,-37.9745],[145.228,-38.001],[145.252,-38.0035],[145.2395,-38.0775],[145.216,-38.2005],[145.23,-38.2205],[145.254,-38.2235],[145.2715,-38.2245],[145.28,-38.247],[145.3105,-38.2475],[145.3415,-38.2295],[145.344,-38.2145],[145.412,-38.228],[145.43,-38.215],[145.4185,-38.1985],[145.389,-38.1925],[145.3995,-38.143],[145.399,-38.1015],[145.3765,-38.0795],[145.366,-38.039],[145.3855,-38.0135],[145.379,-37.975],[145.293,-37.965]]]},"properties":{"code":"21610","name":"Casey"}},
{"type":"Feature","geometry":{"type":"Polygon","coordinates":[[[143.665,-37.2365],[143.7145,-37.23],[143.727,-37.2135],[143.7535,-37.231],[143.7665,-37.228],[143.82,-37.235],[143.8605,-37.2345],[143.867,-37.196],[143.875,-37.1865],[143.9495,-37.1945],[143.9625,-37.1765],[143.9645,-37.101],[144.0125,-37.067],[143.9735,-37.0295],[143.8995,-37.021],[143.8995,-37.0005],[143.884,-36.9865],[143.836,-36.9785],[143.8595,-36.949],[143.8465,-36.928],[143.8665,-36.9015],[143.8465,-36.8805],[143.757,-36.868],[143.759,-36.843],[143.718,-36.8375],[143.677,-36.8115],[143.68,-36.799],[143.665,-36.741],[143.6695,-36.7235],[143.6325,-36.721],[143.6285,-36.736],[143.574,-36.729],[143.5685,-36.742],[143.4955,-36.741],[143.4955,-36.7555],[143.4635,-36.7555],[143.48,-36.768],[143.5075,-36.8125],[143.4985,-36.822],[143.51,-36.8485],[143.502,-36.887],[143.4675,-36.9115],[143.472,-36.937],[143.5425,-36.949],[143.577,-36.948],[143.576,-36.9815],[143.5945,-36.989],[143.5625,-37.0335],[143.552,-37.094],[143.583,-37.132],[143.5575,-37.156],[143.551,-37.1805],[143.5855,-37.1845],[143.5825,-37.2015],[143.6405,-37.2085],[143.6365,-37.231],[143.665,-37.2365]]]},"properties":{"code":"21670","name":"Central Goldfields"}},
{"type":"Feature","geometry":{"type":"Polygon","coordinates":[[[143.287,-38.7575],[143.3035,-38.75],[143.3275,-38.757],[143.357,-38.7545],[143.4275,-38.7825],[143.4655,-38.8105],[143.5115,-38.8575],[143.55,-38.854],[143.5815,-38.834],[143.616,-38.7955],[143.6615,-38.7825],[143.6815,-38.7375],[143.811,-38.693],[143.837,-38.693],[143.842,-38.679],[143.8915,-38.635],[143.908,-38.626],[143.9235,-38.5925],[143.946,-38.5795],[143.8245,-38.5665],[143.852,-38.5445],[143.847,-38.512],[143.835,-38.5105],[143.8785,-38.2765],[143.834,-38.291],[143.84,-38.232],[143.8575,-38.1335],[143.81,-38.1275],[143.822,-38.1045],[143.8185,-38.08],[143.8295,-38.0225],[143.768,-38.02],[143.7355,-38.0275],[143.6725,-38.0295],[143.629,-38.0235],[143.612,-38.035],[143.6155,-38.0595],[143.636,-38.087],[143.5965,-38.108],[143.56,-38.1],[143.514,-38.129],[143.469,-38.1295],[143.471,-38.1805],[143.4395,-38.189],[143.415,-38.205],[143.421,-38.225],[143.4095,-38.2465],[143.448,-38.245],[143.483,-38.27],[143.4545,-38.3015],[143.432,-38.308],[143.431,-38.3355],[143.4025,-38.3495],[143.3625,-38.34],[143.3405,-38.326],[143.286,-38.3315],[143.284,-38.3545],[143.264,-38.447],[143.321,-38.454],[143.3615,-38.4845],[143.3445,-38.4995],[143.362,-38.521],[143.3485,-38.5445],[143.322,-38.5575],[143.278,-38.567],[143.27,-38.58],[143.2815,-38.6045],[143.2625,-38.639],[143.277,-38.6495],[143.2655,-38.6745],[143.247,-38.6885],[143.2595,-38.713],[143.2525,-38.742],[143.287,-38.7575]]]},"properties":{"code":"21750","name":"Colac Otway"}},
{"type":"Feature","geometry":{"type":"Polygon","coordinates":[[[142.8805,-38.6085],[142.944,-38.6245],[142.987,-38.622],[143.0365,-38.6315],[143.0555,-38.6475],[143.075,-38.6485],[143.112,-38.6695],[143.183,-38.7315],[143.2205,-38.7605],[143.2575,-38.7705],[143.287,-38.7575],[143.2525,-38.742],[143.2595,-38.713],[143.247,-38.6885],[143.2655,-38.6745],[143.277,-38.6495],[143.2625,-38.639],[143.2815,-38.6045],[143.27,-38.58],[143.278,-38.567],[143.322,-38.5575],[143.3485,-38.5445],[143.362,-38.521],[143.3445,-38.4995],[143.3615,-38.4845],[143.321,-38.454],[143.264,-38.447],[143.284,-38.3545],[143.286,-38.3315],[143.3405,-38.326],[143.3625,-38.34],[143.4025,-38.3495],[143.431,-38.3355],[143.432,-38.308],[143.4545,-38.3015],[143.483,-38.27],[143.448,-38.245],[143.4095,-38.2465],[143.421,-38.225],[143.415,-38.205],[143.4395,-38.189],[143.471,-38.1805],[143.469,-38.1295],[143.514,-38.129],[143.56,-38.1],[143.5965,-38.108],[143.636,-38.087],[143.6155,-38.0595],[143.612,-38.035],[143.629,-38.0235],[143.655,-38.012],[143.6485,-37.9885],[143.6245,-37.978],[143.6125,-37.959],[143.5935,-37.9545],[143.4795,-37.941],[143.481,-37.931],[143.4465,-37.9005],[143.4525,-37.8735],[143.4405,-37.8595],[143.448,-37.8215],[143.4405,-37.785],[143.4645,-37.659],[143.4415,-37.6705],[143.355,-37.67],[143.3515,-37.6865],[143.3265,-37.715],[143.323,-37.7435],[143.2975,-37.756],[143.248,-37.7435],[143.1805,-37.7315],[143.1645,-37.758],[143.126,-37.7795],[143.096,-37.8215],[143.106,-37.8335],[143.0795,-37.8645],[143.0845,-37.906],[143.0695,-37.9605],[143.0525,-37.963],[143.038,-37.9965],[143.036,-38.0195],[143.0225,-38.056],[142.992,-38.0795],[143.018,-38.1375],[142.896,-38.123],[142.89,-38.153],[142.897,-38.165],[142.8905,-38.1945],[142.8445,-38.1965],[142.8255,-38.297],[142.8475,-38.306],[142.88,-38.306],[142.8475,-38.4805],[142.8735,-38.4945],[142.843,-38.5125],[142.833,-38.5385],[142.8665,-38.564],[142.8805,-38.6085]]]},"properties":{"code":"21830","name":"Corangamite"}},
{"type":"Feature","geometry":{"type":"Polygon","coordinates":[[[144.972,-37.691],[144.9855,-37.7215],[144.9805,-37.7575],[144.9885,-37.7765],[144.998,-37.7855],[145.036,-37.779],[145.028,-37.764],[145.0385,-37.7275],[145.0605,-37.729],[145.075,-37.709],[145.058,-37.7],[144.972,-37.691]]]},"properties":{"code":"21890","name":"Darebin"}},
{"type":"Feature","geometry":{"type":"Polygon","coordinates":[[[148.1345,-36.7435],[147.96,-36.6125],[147.542,-36.7375],[147.53,-36.7675],[147.496,-36.7815],[147.4715,-36.783],[147.464,-36.8015],[147.4395,-36.801],[147.406,-36.777],[147.4075,-36.7655],[147.3785,-36.7505],[147.319,-36.747],[147.3125,-36.7315],[147.2905,-36.738],[147.2905,-36.7655],[147.2685,-36.7775],[147.2925,-36.8095],[147.302,-36.832],[147.333,-36.8295],[147.342,-36.851],[147.29,-36.9045],[147.281,-36.9265],[147.2635,-37.0065],[147.294,-37.007],[147.342,-37.032],[147.3895,-37.032],[147.3805,-37.0585],[147.3805,-37.0985],[147.359,-37.1145],[147.3255,-37.122],[147.325,-37.1415],[147.385,-37.2115],[147.422,-37.221],[147.4175,-37.2355],[147.44,-37.274],[147.4575,-37.286],[147.438,-37.398],[147.4175,-37.395],[147.407,-37.412],[147.3925,-37.499],[147.406,-37.5265],[147.3995,-37.543],[147.35,-37.5375],[147.3315,-37.5605],[147.2875,-37.5575],[147.238,-37.5805],[147.2195,-37.575],[147.193,-37.596],[147.196,-37.6265],[147.222,-37.633],[147.2035,-37.7175],[147.223,-37.744],[147.2485,-37.746],[147.241,-37.7675],[147.2815,-37.7745],[147.267,-37.851],[147.269,-37.8715],[147.286,-37.893],[147.275,-37.921],[147.313,-37.9115],[147.358,-37.917],[147.374,-37.9405],[147.373,-37.966],[147.406,-38.001],[147.457,-38.0075],[147.468,-38.0245],[147.4595,-38.072],[147.502,-38.0715],[147.5145,-38.057],[147.567,-38.055],[147.652,-37.9935],[147.661,-37.9765],[147.7125,-37.9545],[147.7225,-37.969],[147.6995,-37.9815],[147.706,-37.998],[147.788,-37.9555],[147.868,-37.923],[147.9515,-37.894],[147.9775,-37.89],[148.052,-37.867],[148.074,-37.864],[148.179,-37.8315],[148.2895,-37.811],[148.366,-37.804],[148.4605,-37.8015],[148.611,-37.8035],[148.626,-37.808],[148.689,-37.8015],[148.7305,-37.811],[148.7675,-37.7925],[148.842,-37.7845],[148.884,-37.79],[148.936,-37.781],[149.124,-37.7775],[149.2135,-37.7775],[149.2515,-37.782],[149.2755,-37.8035],[149.289,-37.789],[149.346,-37.776],[149.495,-37.7685],[149.499,-37.7515],[149.545,-37.7295],[149.588,-37.7225],[149.619,-37.6995],[149.6745,-37.686],[149.6825,-37.664],[149.7065,-37.6435],[149.724,-37.6045],[149.7395,-37.5845],[149.7655,-37.5735],[149.775,-37.558],[149.8045,-37.5475],[149.8675,-37.5405],[149.9065,-37.543],[149.916,-37.5325],[149.976,-37.505],[149.592,-37.3555],[149.3565,-37.263],[149.1345,-37.175],[148.7985,-37.041],[148.425,-36.89],[148.2005,-36.7985],[148.17,-36.793],[148.109,-36.797],[148.1045,-36.7805],[148.1345,-36.7435]]]},"properties":{"code":"22110","name":"East Gippsland"}},
{"type":"Feature","geometry":{"type":"Polygon","coordinates":[[[145.216,-38.2005],[145.2395,-38.0775],[145.1565,-38.0675],[145.1485,-38.0835],[145.123,-38.085],[145.122,-38.1295],[145.098,-38.1625],[145.129,-38.2],[145.1525,-38.1945],[145.216,-38.2005]]]},"properties":{"code":"22170","name":"Frankston"}},
{"type":"Feature","geometry":{"type":"Polygon","coordinates":[[[143.288,-35.647],[143.324,-35.6565],[143.318,-35.6695],[143.343,-35.682],[143.335,-35.6975],[143.3515,-35.7355],[143.372,-35.7525],[143.3665,-35.774],[143.3505,-35.7925],[143.3585,-35.84],[143.385,-35.843],[143.3725,-35.9335],[143.3655,-35.9335],[143.3655,-35.992],[143.3785,-36.0145],[143.417,-36.007],[143.4325,-35.9835],[143.4755,-35.983],[143.5275,-35.97],[143.618,-35.9695],[143.618,-35.935],[143.728,-35.9325],[143.7285,-35.906],[143.7975,-35.906],[143.874,-35.916],[143.863,-35.935],[143.9185,-35.9375],[143.941,-35.9495],[144.1585,-35.949],[144.185,-35.9465],[144.19,-35.9095],[144.263,-35.9315],[144.2885,-35.9235],[144.306,-35.934],[144.3355,-35.934],[144.3535,-35.9195],[144.3435,-35.8945],[144.382,-35.8845],[144.4085,-35.899],[144.4025,-35.8675],[144.365,-35.8195],[144.3755,-35.801],[144.353,-35.778],[144.3215,-35.758],[144.2615,-35.7495],[144.2485,-35.7215],[144.215,-35.7045],[144.195,-35.686],[144.1175,-35.626],[144.105,-35.591],[144.062,-35.5765],[144.048,-35.5565],[143.9895,-35.553],[143.969,-35.511],[143.948,-35.501],[143.919,-35.5005],[143.868,-35.4815],[143.8415,-35.4585],[143.8155,-35.447],[143.791,-35.4665],[143.808,-35.475],[143.8055,-35.5],[143.7605,-35.5],[143.709,-35.494],[143.7285,-35.5295],[143.6385,-35.5295],[143.6415,-35.5725],[143.3965,-35.5725],[143.394,-35.575],[143.288,-35.575],[143.288,-35.647]]]},"properties":{"code":"22250","name":"Gannawarra"}},
{"type":"Feature","geometry":{"type":"Polygon","coordinates":[[[145.0825,-37.924],[145.078,-37.887],[145.0535,-37.8835],[145.0105,-37.86],[144.997,-37.884],[145.0345,-37.933],[145.0795,-37.939],[145.0825,-37.924]]]},"properties":{"code":"22310","name":"Glen Eira"}},
{"type":"Feature","geometry":{"type":"Polygon","coordinates":[[[140.973,-37.358],[140.973,-37.6115],[140.9715,-37.767],[140.966,-38.056],[141.0305,-38.0725],[141.1285,-38.1165],[141.228,-38.1705],[141.271,-38.201],[141.3575,-38.275],[141.3875,-38.312],[141.3965,-38.341],[141.3685,-38.3605],[141.3745,-38.387],[141.414,-38.395],[141.407,-38.369],[141.435,-38.36],[141.461,-38.362],[141.519,-38.39],[141.527,-38.4235],[141.5515,-38.431],[141.558,-38.4055],[141.5785,-38.388],[141.615,-38.394],[141.65,-38.393],[141.625,-38.362],[141.6195,-38.3425],[141.599,-38.321],[141.608,-38.307],[141.6635,-38.2755],[141.704,-38.2595],[141.742,-38.253],[141.8695,-38.2645],[141.8695,-38.2105],[141.851,-38.211],[141.851,-38.1445],[141.8695,-38.1445],[141.8695,-38.113],[141.8195,-38.039],[141.8345,-38.01],[141.8345,-37.9855],[141.817,-37.9435],[141.833,-37.934],[141.8745,-37.941],[141.9145,-37.912],[141.919,-37.8865],[141.8285,-37.8685],[141.8315,-37.8925],[141.79,-37.8885],[141.779,-37.9],[141.732,-37.8955],[141.726,-37.846],[141.734,-37.808],[141.717,-37.7575],[141.7235,-37.7165],[141.67,-37.678],[141.6415,-37.6435],[141.5975,-37.6455],[141.5695,-37.61],[141.541,-37.612],[141.5445,-37.583],[141.5145,-37.5605],[141.546,-37.538],[141.5295,-37.5045],[141.524,-37.4795],[141.5375,-37.458],[141.4865,-37.4525],[141.4995,-37.38],[141.4315,-37.3725],[141.221,-37.3485],[141.221,-37.3645],[141.2485,-37.369],[141.279,-37.393],[141.261,-37.4295],[141.168,-37.42],[141.0975,-37.45],[141.0465,-37.402],[140.992,-37.374],[140.973,-37.358]]]},"properties":{"code":"22410","name":"Glenelg"}},
{"type":"Feature","geometry":{"type":"Polygon","coordinates":[[[143.4645,-37.659],[143.4405,-37.785],[143.448,-37.8215],[143.4405,-37.8595],[143.4525,-37.8735],[143.4465,-37.9005],[143.481,-37.931],[143.4795,-37.941],[143.5935,-37.9545],[143.6125,-37.959],[143.6245,-37.978],[143.6485,-37.9885],[143.655,-38.012],[143.629,-38.0235],[143.6725,-38.0295],[143.7355,-38.0275],[143.768,-38.02],[143.8295,-38.0225],[143.8185,-38.08],[143.822,-38.1045],[143.81,-38.1275],[143.8575,-38.1335],[143.9005,-38.1385],[143.907,-38.105],[143.926,-38.116],[143.9505,-38.1155],[143.987,-38.1295],[144.044,-38.1125],[144.089,-38.1095],[144.104,-38.124],[144.144,-38.1135],[144.197,-38.1465],[144.2195,-38.1375],[144.2625,-38.1415],[144.268,-38.093],[144.284,-38.0775],[144.2625,-38.0555],[144.2405,-38.008],[144.2465,-37.9865],[144.2365,-37.9665],[144.237,-37.9425],[144.2025,-37.9385],[144.2135,-37.9015],[144.244,-37.872],[144.2325,-37.861],[144.2225,-37.81],[144.2185,-37.807],[144.1255,-37.7975],[144.1225,-37.803],[144.06,-37.796],[144.0495,-37.826],[143.9895,-37.8225],[143.939,-37.8235],[143.92,-37.812],[143.9065,-37.7875],[143.8925,-37.7875],[143.9025,-37.749],[143.8825,-37.714],[143.871,-37.693],[143.8345,-37.665],[143.832,-37.6185],[143.757,-37.5945],[143.71,-37.567],[143.68,-37.5625],[143.662,-37.5725],[143.6525,-37.624],[143.642,-37.6505],[143.5955,-37.6445],[143.5865,-37.6535],[143.5365,-37.6485],[143.5295,-37.6655],[143.4645,-37.659]]]},"properties":{"code":"22490","name":"Golden Plains"}},
{"type":"Feature","geometry":{"type":"Polygon","coordinates":[[[144.5445,-37.06],[144.541,-37.016],[144.597,-37.004],[144.6385,-37.0025],[144.689,-37.0105],[144.688,-36.9945],[144.7345,-36.98],[144.7965,-36.9655],[144.8,-36.9395],[144.8225,-36.8995],[144.8535,-36.8805],[144.7985,-36.8325],[144.792,-36.7995],[144.7945,-36.7505],[144.767,-36.7475],[144.7505,-36.7575],[144.666,-36.7625],[144.666,-36.726],[144.519,-36.7255],[144.533,-36.6915],[144.526,-36.6595],[144.539,-36.654],[144.5635,-36.613],[144.59,-36.594],[144.6055,-36.5545],[144.6265,-36.525],[144.6195,-36.4925],[144.6715,-36.457],[144.668,-36.4065],[144.43,-36.4065],[144.3695,-36.408],[144.3585,-36.385],[144.344,-36.385],[144.344,-36.487],[144.2095,-36.4875],[144.1995,-36.5245],[144.1705,-36.5245],[144.1625,-36.5655],[144.1745,-36.5825],[144.1845,-36.6185],[144.1405,-36.6185],[144.1405,-36.6475],[144.126,-36.662],[144.0685,-36.662],[144.0685,-36.72],[144.0755,-36.743],[144.0715,-36.7665],[144.0495,-36.799],[144.033,-36.8855],[144.026,-36.898],[144.2285,-36.9225],[144.2405,-36.9505],[144.2975,-36.957],[144.3005,-36.9425],[144.397,-36.9545],[144.398,-36.9345],[144.412,-36.9235],[144.4335,-36.942],[144.4575,-36.942],[144.506,-36.976],[144.4925,-37.0505],[144.5445,-37.06]]]},"properties":{"code":"22620","name":"Greater Bendigo"}},
{"type":"Feature","geometry":{"type":"Polygon","coordinates":[[[145.2395,-38.0775],[145.252,-38.0035],[145.228,-38.001],[145.2355,-37.9745],[145.229,-37.952],[145.219,-37.94],[145.1415,-37.9315],[145.1365,-37.9605],[145.146,-37.9835],[145.138,-38.0325],[145.1565,-38.0675],[145.2395,-38.0775]]]},"properties":{"code":"22670","name":"Greater Dandenong"}},
{"type":"Feature","geometry":{"type":"Polygon","coordinates":[[[144.5915,-38.0045],[144.5415,-37.9715],[144.5175,-37.981],[144.4955,-37.9735],[144.4775,-37.9465],[144.4845,-37.903],[144.444,-37.864],[144.4215,-37.846],[144.416,-37.81],[144.399,-37.815],[144.362,-37.811],[144.355,-37.843],[144.3305,-37.8465],[144.294,-37.829],[144.296,-37.8195],[144.2225,-37.81],[144.2325,-37.861],[144.244,-37.872],[144.2135,-37.9015],[144.2025,-37.9385],[144.237,-37.9425],[144.2365,-37.9665],[144.2465,-37.9865],[144.2405,-38.008],[144.2625,-38.0555],[144.284,-38.0775],[144.268,-38.093],[144.2625,-38.1415],[144.2545,-38.158],[144.2415,-38.238],[144.406,-38.2575],[144.4005,-38.2855],[144.3765,-38.3025],[144.4355,-38.2815],[144.5,-38.2905],[144.512,-38.2735],[144.5495,-38.273],[144.6005,-38.288],[144.626,-38.2575],[144.666,-38.21],[144.693,-38.1945],[144.7105,-38.198],[144.7195,-38.1735],[144.7155,-38.1435],[144.693,-38.1205],[144.632,-38.1075],[144.5645,-38.1515],[144.527,-38.1605],[144.4805,-38.1645],[144.4525,-38.156],[144.4325,-38.1395],[144.4025,-38.1555],[144.385,-38.1435],[144.356,-38.1385],[144.366,-38.1055],[144.398,-38.074],[144.4125,-38.084],[144.448,-38.0865],[144.459,-38.077],[144.4875,-38.0785],[144.507,-38.09],[144.515,-38.0465],[144.563,-38.0315],[144.5915,-38.0045]]]},"properties":{"code":"22750","name":"Greater Geelong"}},
{"type":"Feature","geometry":{"type":"Polygon","coordinates":[[[145.1315,-36.6755],[145.1685,-36.6755],[145.1855,-36.6865],[145.2215,-36.687],[145.21,-36.658],[145.2285,-36.642],[145.3025,-36.642],[145.3535,-36.556],[145.5785,-36.556],[145.592,-36.5635],[145.6315,-36.5635],[145.6315,-36.499],[145.732,-36.499],[145.7315,-36.4425],[145.74,-36.4325],[145.7755,-36.444],[145.7985,-36.331],[145.7985,-36.299],[145.6315,-36.299],[145.6315,-36.199],[145.2605,-36.1995],[145.2405,-36.172],[145.1935,-36.1595],[145.189,-36.18],[145.156,-36.1575],[145.1325,-36.158],[145.132,-36.1805],[145.132,-36.2845],[145.1505,-36.2845],[145.1505,-36.343],[145.032,-36.343],[145.032,-36.499],[145.15,-36.499],[145.154,-36.538],[145.15,-36.587],[145.1315,-36.5875],[145.1315,-36.6755]]]},"properties":{"code":"22830","name":"Greater Shepparton"}},
{"type":"Feature","geometry":{"type":"Polygon","coordinates":[[[143.9375,-37.4755],[144.0385,-37.4855],[144.055,-37.47],[144.0785,-37.4625],[144.0905,-37.4445],[144.1485,-37.42],[144.2255,-37.4235],[144.287,-37.4345],[144.3175,-37.4025],[144.3455,-37.418],[144.3475,-37.432],[144.3795,-37.439],[144.382,-37.3935],[144.414,-37.397],[144.419,-37.3605],[144.393,-37.358],[144.395,-37.332],[144.3405,-37.3095],[144.3105,-37.293],[144.344,-37.226],[144.3615,-37.208],[144.363,-37.1795],[144.3745,-37.173],[144.292,-37.1635],[144.2845,-37.208],[144.185,-37.1955],[144.1905,-37.166],[144.1215,-37.159],[144.0745,-37.1475],[144.061,-37.236],[144.0375,-37.2635],[144.003,-37.2555],[143.992,-37.233],[143.959,-37.2205],[143.9495,-37.1945],[143.875,-37.1865],[143.867,-37.196],[143.8605,-37.2345],[143.82,-37.235],[143.7665,-37.228],[143.7535,-37.231],[143.727,-37.2135],[143.7145,-37.23],[143.665,-37.2365],[143.648,-37.3215],[143.7905,-37.3395],[143.827,-37.34],[143.869,-37.3485],[143.859,-37.402],[143.857,-37.4685],[143.9375,-37.4755]]]},"properties":{"code":"22910","name":"Hepburn"}},
{"type":"Feature","geometry":{"type":"Polygon","coordinates":[[[141.8375,-36.5545],[142.004,-36.5675],[142.013,-36.5395],[142.03,-36.5155],[142.0205,-36.4935],[142.168,-36.4925],[142.166,-36.4325],[142.1685,-36.366],[142.1685,-35.998],[142.239,-35.998],[142.239,-35.8685],[141.997,-35.8675],[141.9995,-35.798],[142.0085,-35.774],[142.01,-35.74],[141.9975,-35.711],[141.9975,-35.4985],[141.4995,-35.4985],[141.5,-35.7485],[141.3305,-35.7485],[141.3355,-35.905],[141.354,-35.913],[141.374,-35.9435],[141.3795,-36.005],[141.3525,-36.0085],[141.336,-35.998],[141.2545,-35.997],[141.249,-36.0635],[141.2265,-36.1875],[141.4035,-36.2065],[141.379,-36.3595],[141.497,-36.372],[141.4865,-36.378],[141.4795,-36.4275],[141.4845,-36.4655],[141.4735,-36.531],[141.727,-36.5575],[141.7285,-36.5445],[141.8375,-36.5545]]]},"properties":{"code":"22980","name":"Hindmarsh"}},
{"type":"Feature","geometry":{"type":"Polygon","coordinates":[[[144.856,-37.815],[144.8275,-37.823],[144.769,-37.851],[144.7515,-37.8865],[144.7805,-37.899],[144.8045,-37.8945],[144.8085,-37.8805],[144.8685,-37.8585],[144.904,-37.8615],[144.8985,-37.841],[144.9055,-37.823],[144.858,-37.8245],[144.856,-37.815]]]},"properties":{"code":"23110","name":"Hobsons Bay"}},
{"type":"Feature","geometry":{"type":"Polygon","coordinates":[[[141.776,-37.177],[141.805,-37.1695],[141.833,-37.172],[141.853,-37.1475],[141.885,-37.1445],[141.9235,-37.1215],[141.9345,-37.1665],[141.9115,-37.19],[141.937,-37.2065],[141.989,-37.2125],[141.996,-37.2225],[142.0795,-37.2235],[142.0925,-37.171],[142.109,-37.1635],[142.108,-37.13],[142.1145,-37.112],[142.164,-37.106],[142.2155,-37.1115],[142.235,-37.128],[142.235,-37.107],[142.271,-37.1075],[142.2885,-37.0885],[142.308,-37.0985],[142.333,-37.072],[142.3445,-37.0815],[142.3745,-37.0585],[142.407,-37.0585],[142.396,-37.0285],[142.3805,-37.0155],[142.347,-37.014],[142.34,-36.9915],[142.376,-36.9655],[142.375,-36.927],[142.358,-36.9265],[142.3585,-36.9035],[142.3775,-36.869],[142.398,-36.869],[142.425,-36.881],[142.4495,-36.875],[142.456,-36.9165],[142.4805,-36.917],[142.512,-36.949],[142.5595,-36.9425],[142.557,-36.87],[142.5085,-36.8225],[142.51,-36.8115],[142.483,-36.792],[142.471,-36.7615],[142.4625,-36.7355],[142.44,-36.7265],[142.399,-36.695],[142.3825,-36.657],[142.37,-36.6465],[142.3725,-36.6115],[142.3865,-36.5985],[142.3825,-36.5745],[142.403,-36.497],[142.3965,-36.4585],[142.3505,-36.4495],[142.3435,-36.4405],[142.2435,-36.44],[142.166,-36.4325],[142.168,-36.4925],[142.0205,-36.4935],[142.03,-36.5155],[142.013,-36.5395],[142.004,-36.5675],[141.8375,-36.5545],[141.826,-36.6285],[141.816,-36.66],[141.741,-36.652],[141.718,-36.801],[141.702,-36.7995],[141.705,-36.841],[141.712,-36.8505],[141.7065,-36.884],[141.669,-36.8835],[141.6575,-36.9555],[141.7795,-36.967],[141.7865,-36.9885],[141.781,-37.0455],[141.7655,-37.148],[141.776,-37.177]]]},"properties":{"code":"23190","name":"Horsham"}},
{"type":"Feature","geometry":{"type":"Polygon","coordinates":[[[144.8835,-37.5035],[144.8705,-37.5155],[144.773,-37.503],[144.711,-37.4825],[144.6785,-37.4945],[144.638,-37.4995],[144.6325,-37.53],[144.6715,-37.5675],[144.7465,-37.663],[144.7765,-37.6765],[144.8025,-37.6735],[144.82,-37.683],[144.825,-37.7035],[144.8595,-37.7125],[144.886,-37.7075],[144.9025,-37.6945],[144.972,-37.691],[144.9745,-37.647],[144.9585,-37.6345],[144.9525,-37.607],[144.9655,-37.56],[144.953,-37.5475],[144.976,-37.5275],[144.977,-37.5135],[144.8835,-37.5035]]]},"properties":{"code":"23270","name":"Hume"}},
{"type":"Feature","geometry":{"type":"Polygon","coordinates":[[[146.1775,-36.034],[146.175,-36.042],[146.198,-36.0445],[146.202,-36.0695],[146.278,-36.0775],[146.2945,-36.0875],[146.284,-36.1425],[146.5235,-36.1715],[146.533,-36.179],[146.525,-36.215],[146.5355,-36.2285],[146.5125,-36.247],[146.5715,-36.2535],[146.558,-36.3285],[146.6065,-36.308],[146.628,-36.311],[146.6205,-36.352],[146.611,-36.367],[146.612,-36.396],[146.6665,-36.4085],[146.6755,-36.4165],[146.725,-36.4185],[146.726,-36.459],[146.8035,-36.4515],[146.8815,-36.4545],[146.892,-36.435],[146.9105,-36.431],[146.935,-36.4085],[147.0175,-36.3925],[147.038,-36.395],[147.046,-36.4275],[147.0815,-36.418],[147.121,-36.425],[147.1255,-36.448],[147.1455,-36.4505],[147.158,-36.4205],[147.1675,-36.359],[147.197,-36.34],[147.17,-36.2905],[147.1435,-36.2585],[147.122,-36.255],[147.101,-36.219],[147.074,-36.1895],[147.037,-36.185],[147.0325,-36.205],[147.003,-36.207],[146.997,-36.227],[146.961,-36.2445],[146.951,-36.2305],[146.9195,-36.222],[146.9055,-36.235],[146.857,-36.253],[146.8225,-36.2575],[146.802,-36.217],[146.785,-36.2],[146.7785,-36.155],[146.768,-36.129],[146.734,-36.1225],[146.7065,-36.1255],[146.704,-36.102],[146.7115,-36.046],[146.7285,-36.03],[146.7085,-36.031],[146.6825,-36.039],[146.651,-36.0205],[146.622,-35.9955],[146.608,-35.9745],[146.5605,-35.9755],[146.5495,-35.9925],[146.5265,-35.9705],[146.501,-35.965],[146.4885,-35.99],[146.4565,-35.9665],[146.4365,-35.9665],[146.403,-35.989],[146.3985,-36.008],[146.381,-36.0125],[146.387,-36.037],[146.367,-36.05],[146.331,-36.0265],[146.327,-36.043],[146.286,-36.0365],[146.2615,-36.0215],[146.2055,-36.035],[146.188,-36.0415],[146.1775,-36.034]]]},"properties":{"code":"23350","name":"Indigo"}},
{"type":"Feature","geometry":{"type":"Polygon","coordinates":[[[145.0825,-37.924],[145.0795,-37.939],[145.0345,-37.933],[145.0555,-37.9675],[145.0515,-37.987],[145.072,-37.9975],[145.0995,-38.0265],[145.123,-38.085],[145.1485,-38.0835],[145.1565,-38.0675],[145.138,-38.0325],[145.146,-37.9835],[145.1365,-37.9605],[145.1415,-37.9315],[145.0825,-37.924]]]},"properties":{"code":"23430","name":"Kingston (Vic.)"}},
{"type":"Feature","geometry":{"type":"Polygon","coordinates":[[[145.293,-37.965],[145.3025,-37.9225],[145.297,-37.901],[145.3085,-37.871],[145.341,-37.854],[145.318,-37.844],[145.2805,-37.833],[145.2135,-37.841],[145.1955,-37.865],[145.191,-37.877],[145.207,-37.897],[145.203,-37.9195],[145.219,-37.94],[145.229,-37.952],[145.2335,-37.9425],[145.2795,-37.9475],[145.293,-37.965]]]},"properties":{"code":"23670","name":"Knox"}},
{"type":"Feature","geometry":{"type":"Polygon","coordinates":[[[146.23,-38.3215],[146.2505,-38.3265],[146.2435,-38.356],[146.2205,-38.3675],[146.2345,-38.385],[146.2235,-38.44],[146.2385,-38.468],[146.2625,-38.471],[146.255,-38.496],[146.2915,-38.5],[146.2905,-38.528],[146.326,-38.529],[146.3675,-38.5335],[146.3685,-38.512],[146.4245,-38.473],[146.4725,-38.459],[146.529,-38.431],[146.565,-38.4295],[146.579,-38.4145],[146.593,-38.3445],[146.6025,-38.334],[146.5995,-38.3095],[146.622,-38.293],[146.6325,-38.2585],[146.6565,-38.2405],[146.6555,-38.2245],[146.6785,-38.207],[146.708,-38.172],[146.697,-38.1565],[146.651,-38.153],[146.601,-38.162],[146.578,-38.1265],[146.616,-38.0685],[146.651,-38.0735],[146.663,-38.054],[146.6245,-38.049],[146.6265,-38.035],[146.653,-38.011],[146.6175,-37.9715],[146.5875,-37.978],[146.5695,-38.058],[146.535,-38.057],[146.528,-38.0845],[146.4755,-38.0755],[146.479,-38.104],[146.4245,-38.0965],[146.4265,-38.13],[146.395,-38.139],[146.3615,-38.107],[146.335,-38.119],[146.294,-38.112],[146.253,-38.1495],[146.2485,-38.1725],[146.2235,-38.178],[146.216,-38.219],[146.267,-38.231],[146.2745,-38.253],[146.258,-38.265],[146.2515,-38.299],[146.23,-38.3215]]]},"properties":{"code":"23810","name":"Latrobe (Vic.)"}},
{"type":"Feature","geometry":{"type":"Polygon","coordinates":[[[143.4755,-35.983],[143.4815,-35.983],[143.482,-36.1015],[143.5115,-36.1015],[143.5135,-36.1735],[143.5365,-36.174],[143.5315,-36.2035],[143.5495,-36.2055],[143.5615,-36.2245],[143.508,-36.265],[143.514,-36.295],[143.482,-36.295],[143.476,-36.335],[143.486,-36.3395],[143.4785,-36.376],[143.439,-36.3685],[143.4465,-36.3915],[143.441,-36.46],[143.412,-36.4675],[143.407,-36.5],[143.388,-36.4935],[143.3325,-36.489],[143.315,-36.477],[143.3355,-36.5135],[143.421,-36.557],[143.4395,-36.5915],[143.4485,-36.6225],[143.4865,-36.626],[143.503,-36.6635],[143.487,-36.6995],[143.463,-36.7285],[143.4635,-36.7555],[143.4955,-36.7555],[143.4955,-36.741],[143.5685,-36.742],[143.574,-36.729],[143.6285,-36.736],[143.6325,-36.721],[143.6695,-36.7235],[143.665,-36.741],[143.68,-36.799],[143.677,-36.8115],[143.718,-36.8375],[143.759,-36.843],[143.757,-36.868],[143.8465,-36.8805],[143.8665,-36.9015],[143.8915,-36.882],[144.026,-36.898],[144.033,-36.8855],[144.0495,-36.799],[144.0715,-36.7665],[144.0755,-36.743],[144.0685,-36.72],[144.0685,-36.662],[144.126,-36.662],[144.1405,-36.6475],[144.1405,-36.6185],[144.1845,-36.6185],[144.1745,-36.5825],[144.1625,-36.5655],[144.1705,-36.5245],[144.1995,-36.5245],[144.2095,-36.4875],[144.344,-36.487],[144.344,-36.385],[144.33,-36.3855],[144.332,-36.3275],[144.2815,-36.3275],[144.2815,-36.2625],[144.271,-36.244],[144.272,-36.202],[144.289,-36.167],[144.2855,-36.145],[144.3025,-36.1255],[144.318,-36.091],[144.304,-36.0615],[144.309,-36.037],[144.28,-36.0135],[144.2785,-35.9925],[144.2915,-35.9845],[144.26,-35.949],[144.263,-35.9315],[144.19,-35.9095],[144.185,-35.9465],[144.1585,-35.949],[143.941,-35.9495],[143.9185,-35.9375],[143.863,-35.935],[143.874,-35.916],[143.7975,-35.906],[143.7285,-35.906],[143.728,-35.9325],[143.618,-35.935],[143.618,-35.9695],[143.5275,-35.97],[143.4755,-35.983]]]},"properties":{"code":"23940","name":"Loddon"}},
{"type":"Feature","geometry":{"type":"Polygon","coordinates":[[[144.3795,-37.439],[144.4325,-37.451],[144.45,-37.4505],[144.4715,-37.431],[144.4595,-37.497],[144.47,-37.5075],[144.459,-37.5465],[144.556,-37.559],[144.561,-37.5525],[144.6715,-37.5675],[144.6325,-37.53],[144.638,-37.4995],[144.6785,-37.4945],[144.711,-37.4825],[144.773,-37.503],[144.8705,-37.5155],[144.8835,-37.5035],[144.895,-37.478],[144.902,-37.4095],[144.9185,-37.372],[144.918,-37.348],[144.892,-37.345],[144.8645,-37.3245],[144.849,-37.3225],[144.8455,-37.29],[144.825,-37.284],[144.829,-37.2355],[144.82,-37.219],[144.7855,-37.213],[144.7695,-37.2205],[144.7315,-37.2205],[144.716,-37.209],[144.7105,-37.1595],[144.7255,-37.158],[144.735,-37.1265],[144.6915,-37.108],[144.5945,-37.106],[144.5735,-37.099],[144.5415,-37.115],[144.5445,-37.121],[144.5145,-37.1745],[144.3675,-37.1575],[144.3745,-37.173],[144.363,-37.1795],[144.3615,-37.208],[144.344,-37.226],[144.3105,-37.293],[144.3405,-37.3095],[144.395,-37.332],[144.393,-37.358],[144.419,-37.3605],[144.414,-37.397],[144.382,-37.3935],[144.3795,-37.439]]]},"properties":{"code":"24130","name":"Macedon Ranges"}},
{"type":"Feature","geometry":{"type":"Polygon","coordinates":[[[145.2135,-37.812],[145.217,-37.791],[145.236,-37.79],[145.2405,-37.765],[145.2895,-37.763],[145.2815,-37.7425],[145.2935,-37.712],[145.2545,-37.711],[145.2405,-37.732],[145.212,-37.7295],[145.1355,-37.741],[145.1095,-37.7555],[145.078,-37.7545],[145.067,-37.781],[145.0955,-37.7795],[145.1065,-37.792],[145.2135,-37.812]]]},"properties":{"code":"24210","name":"Manningham"}},
{"type":"Feature","geometry":{"type":"Polygon","coordinates":[[[146.186,-37.535],[146.1845,-37.5605],[146.192,-37.5875],[146.2045,-37.599],[146.25,-37.6105],[146.299,-37.591],[146.3195,-37.599],[146.3465,-37.6235],[146.3675,-37.6295],[146.3835,-37.6095],[146.403,-37.604],[146.436,-37.618],[146.547,-37.369],[146.647,-37.163],[146.5575,-37.1025],[146.3355,-36.953],[146.317,-36.953],[146.2805,-36.9345],[146.279,-36.925],[146.2525,-36.913],[146.227,-36.916],[146.2055,-36.9035],[146.116,-36.876],[146.109,-36.8665],[146.0685,-36.862],[146.0595,-36.908],[146.0415,-36.9005],[146.0195,-36.8585],[146.009,-36.8535],[145.96,-36.883],[145.954,-36.9045],[145.918,-36.9145],[145.8945,-36.89],[145.8605,-36.8785],[145.8605,-36.9105],[145.7905,-36.9325],[145.756,-36.9325],[145.747,-36.9235],[145.7045,-36.9245],[145.6635,-36.933],[145.65,-36.946],[145.6595,-36.9775],[145.6865,-36.985],[145.7065,-37.039],[145.7595,-37.055],[145.7785,-37.0865],[145.8045,-37.1035],[145.8395,-37.1125],[145.8805,-37.1135],[145.892,-37.1275],[145.891,-37.1475],[145.872,-37.152],[145.867,-37.173],[145.8815,-37.196],[145.901,-37.194],[145.9235,-37.213],[145.9735,-37.2385],[146.0165,-37.2395],[146.0245,-37.2575],[146.0165,-37.277],[146.064,-37.3395],[146.056,-37.3605],[146.0845,-37.4055],[146.144,-37.4685],[146.135,-37.4805],[146.154,-37.529],[146.186,-37.535]],[[146.421,-37.1025],[146.454,-37.112],[146.464,-37.1015],[146.5395,-37.11],[146.5215,-37.1245],[146.5085,-37.1485],[146.479,-37.162],[146.432,-37.165],[146.414,-37.1465],[146.4345,-37.1365],[146.421,-37.1025]]]},"properties":{"code":"24250","name":"Mansfield"}},
{"type":"Feature","geometry":{"type":"Polygon","coordinates":[[[144.8515,-37.77],[144.8435,-37.8025],[144.856,-37.815],[144.858,-37.8245],[144.9055,-37.823],[144.9165,-37.798],[144.9025,-37.7895],[144.884,-37.7605],[144.8515,-37.77]]]},"properties":{"code":"24330","name":"Maribyrnong"}},
{"type":"Feature","geometry":{"type":"Polygon","coordinates":[[[145.318,-37.844],[145.307,-37.7765],[145.2895,-37.763],[145.2405,-37.765],[145.236,-37.79],[145.217,-37.791],[145.2135,-37.812],[145.2135,-37.841],[145.2805,-37.833],[145.318,-37.844]]]},"properties":{"code":"24410","name":"Maroondah"}},
{"type":"Feature","geometry":{"type":"Polygon","coordinates":[[[144.984,-37.8505],[144.988,-37.8295],[144.9615,-37.778],[144.937,-37.778],[144.9025,-37.7895],[144.9165,-37.798],[144.9055,-37.823],[144.8985,-37.841],[144.9135,-37.842],[144.9425,-37.826],[144.9755,-37.836],[144.984,-37.8505]]]},"properties":{"code":"24600","name":"Melbourne"}},
{"type":"Feature","geometry":{"type":"Polygon","coordinates":[[[144.751,-37.8105],[144.759,-37.7475],[144.768,-37.71],[144.752,-37.7055],[144.7585,-37.681],[144.7465,-37.663],[144.6715,-37.5675],[144.561,-37.5525],[144.556,-37.559],[144.5235,-37.603],[144.5195,-37.6615],[144.514,-37.684],[144.519,-37.7065],[144.4905,-37.7055],[144.4775,-37.781],[144.5325,-37.7875],[144.549,-37.797],[144.589,-37.793],[144.751,-37.8105]]]},"properties":{"code":"24650","name":"Melton"}},
{"type":"Feature","geometry":{"type":"Polygon","coordinates":[[[144.972,-37.691],[144.9025,-37.6945],[144.886,-37.7075],[144.8885,-37.711],[144.9245,-37.729],[144.9385,-37.761],[144.937,-37.778],[144.9615,-37.778],[144.9885,-37.7765],[144.9805,-37.7575],[144.9855,-37.7215],[144.972,-37.691]]]},"properties":{"code":"24700","name":"Merri-bek"}},
{"type":"Feature","geometry":{"type":"Polygon","coordinates":[[[140.9635,-34.323],[140.9645,-34.5025],[140.9655,-34.87],[140.9655,-35.0085],[140.966,-35.389],[140.963,-35.742],[140.963,-35.7485],[141.3305,-35.7485],[141.5,-35.7485],[141.4995,-35.4985],[141.9975,-35.4985],[141.9975,-35.4635],[142.0815,-35.4645],[142.167,-35.4785],[142.1685,-35.45],[142.207,-35.45],[142.1735,-35.376],[142.182,-35.3345],[142.2005,-35.315],[142.244,-35.311],[142.2575,-35.3],[142.2895,-35.291],[142.3145,-35.2975],[142.364,-35.292],[142.4035,-35.303],[142.536,-35.303],[142.612,-35.305],[142.609,-35.2205],[142.612,-35.1945],[142.688,-35.1945],[142.7345,-35.198],[142.7365,-35.1445],[142.7425,-35.1145],[142.697,-35.1145],[142.696,-34.9395],[142.6975,-34.887],[142.641,-34.884],[142.6355,-34.864],[142.5185,-34.864],[142.517,-34.755],[142.5015,-34.7335],[142.519,-34.704],[142.498,-34.6725],[142.474,-34.6715],[142.4695,-34.64],[142.4585,-34.6195],[142.4705,-34.5915],[142.468,-34.5645],[142.4345,-34.576],[142.4,-34.547],[142.3765,-34.541],[142.3685,-34.527],[142.392,-34.4925],[142.3615,-34.488],[142.354,-34.4705],[142.365,-34.447],[142.3525,-34.419],[142.352,-34.3945],[142.389,-34.3635],[142.365,-34.327],[142.3335,-34.3395],[142.2805,-34.316],[142.272,-34.3035],[142.238,-34.308],[142.2495,-34.267],[142.2355,-34.249],[142.245,-34.238],[142.229,-34.207],[142.228,-34.1895],[142.1595,-34.1715],[142.148,-34.1485],[142.121,-34.174],[142.082,-34.173],[142.0655,-34.1505],[142.0745,-34.1305],[142.051,-34.1255],[142.0135,-34.1055],[142.0135,-34.1255],[141.9835,-34.1125],[141.9485,-34.121],[141.903,-34.111],[141.888,-34.126],[141.8425,-34.1325],[141.787,-34.112],[141.7595,-34.1125],[141.7355,-34.093],[141.717,-34.115],[141.705,-34.0955],[141.6775,-34.101],[141.635,-34.1205],[141.632,-34.14],[141.568,-34.192],[141.533,-34.2115],[141.5175,-34.2065],[141.511,-34.1775],[141.4945,-34.1545],[141.467,-34.1655],[141.412,-34.15],[141.405,-34.127],[141.3465,-34.1245],[141.332,-34.1315],[141.3125,-34.112],[141.283,-34.1035],[141.2605,-34.0785],[141.226,-34.073],[141.207,-34.061],[141.1795,-34.0895],[141.153,-34.0795],[141.146,-34.056],[141.0975,-34.069],[141.0625,-34.0545],[141.041,-34.06],[141.0325,-34.0455],[141.003,-34.0405],[141.003,-34.022],[140.9855,-34.0275],[140.9805,-33.9995],[140.9635,-33.9805],[140.962,-34.096],[140.9635,-34.323]]]},"properties":{"code":"24780","name":"Mildura"}},
{"type":"Feature","geometry":{"type":"Polygon","coordinates":[[[144.5445,-37.06],[144.5345,-37.1],[144.5415,-37.115],[144.5735,-37.099],[144.5945,-37.106],[144.6915,-37.108],[144.735,-37.1265],[144.7255,-37.158],[144.7105,-37.1595],[144.716,-37.209],[144.7315,-37.2205],[144.7695,-37.2205],[144.7855,-37.213],[144.82,-37.219],[144.829,-37.2355],[144.825,-37.284],[144.8455,-37.29],[144.849,-37.3225],[144.8645,-37.3245],[144.892,-37.345],[144.918,-37.348],[144.9185,-37.372],[144.902,-37.4095],[144.895,-37.478],[144.8835,-37.5035],[144.977,-37.5135],[144.994,-37.481],[145.001,-37.4425],[145.055,-37.448],[145.081,-37.44],[145.0795,-37.4265],[145.1045,-37.4125],[145.166,-37.413],[145.187,-37.4225],[145.2225,-37.4725],[145.2365,-37.436],[145.2655,-37.4195],[145.266,-37.3725],[145.2795,-37.338],[145.252,-37.305],[145.2275,-37.2945],[145.1955,-37.294],[145.1955,-37.2785],[145.163,-37.2775],[145.177,-37.236],[145.1665,-37.22],[145.175,-37.205],[145.2195,-37.191],[145.243,-37.144],[145.2565,-37.1355],[145.2845,-37.1385],[145.2885,-37.0995],[145.321,-37.104],[145.372,-37.094],[145.3925,-37.0765],[145.393,-37.0435],[145.4295,-37.0215],[145.4275,-37.006],[145.4055,-36.985],[145.373,-36.9755],[145.3405,-36.9835],[145.3185,-37.0135],[145.2865,-36.9945],[145.2925,-36.952],[145.266,-36.9475],[145.2605,-36.936],[145.225,-36.918],[145.21,-36.9445],[145.127,-36.9415],[145.123,-36.898],[145.044,-36.8535],[144.9965,-36.8455],[144.987,-36.836],[144.933,-36.8355],[144.932,-36.86],[144.91,-36.8585],[144.8535,-36.8805],[144.8225,-36.8995],[144.8,-36.9395],[144.7965,-36.9655],[144.7345,-36.98],[144.688,-36.9945],[144.689,-37.0105],[144.6385,-37.0025],[144.597,-37.004],[144.541,-37.016],[144.5445,-37.06]]]},"properties":{"code":"24850","name":"Mitchell"}},
{"type":"Feature","geometry":{"type":"Polygon","coordinates":[[[144.83,-36.103],[144.8575,-36.103],[144.864,-36.088],[144.895,-36.0925],[144.905,-36.0785],[144.931,-36.1085],[144.9925,-36.1185],[145.04,-36.159],[145.0675,-36.1695],[145.089,-36.161],[145.132,-36.1805],[145.1325,-36.158],[145.156,-36.1575],[145.189,-36.18],[145.1935,-36.1595],[145.2405,-36.172],[145.2605,-36.1995],[145.6315,-36.199],[145.6315,-36.299],[145.7985,-36.299],[146.031,-36.299],[146.037,-36.255],[146.1315,-36.255],[146.131,-36.187],[146.221,-36.1865],[146.236,-36.165],[146.2385,-36.136],[146.2085,-36.126],[146.215,-36.089],[146.202,-36.0695],[146.198,-36.0445],[146.175,-36.042],[146.1775,-36.034],[146.1315,-36.0105],[146.0955,-36.0205],[146.0575,-36.013],[146.03,-35.9955],[145.989,-36.013],[145.9755,-36.011],[145.946,-35.984],[145.946,-35.9615],[145.935,-35.972],[145.908,-35.9535],[145.8705,-35.9555],[145.8445,-35.983],[145.793,-35.982],[145.7785,-35.9605],[145.7445,-35.9635],[145.6975,-35.9245],[145.6855,-35.9305],[145.6575,-35.9005],[145.6315,-35.887],[145.625,-35.862],[145.5955,-35.8705],[145.5925,-35.849],[145.5595,-35.8285],[145.558,-35.8175],[145.5325,-35.805],[145.5125,-35.8125],[145.4775,-35.811],[145.4605,-35.827],[145.429,-35.8345],[145.4105,-35.8485],[145.387,-35.85],[145.36,-35.862],[145.325,-35.851],[145.3075,-35.8605],[145.2845,-35.8565],[145.2465,-35.8305],[145.223,-35.8425],[145.183,-35.835],[145.1685,-35.8425],[145.134,-35.8275],[145.073,-35.8275],[145.0135,-35.8575],[144.9795,-35.8585],[144.975,-35.8835],[144.949,-35.932],[144.957,-35.962],[144.9265,-35.974],[144.9235,-35.989],[144.962,-36.019],[144.968,-36.042],[144.982,-36.0485],[144.9825,-36.072],[144.9465,-36.0825],[144.9325,-36.067],[144.875,-36.0575],[144.8425,-36.083],[144.83,-36.103]]]},"properties":{"code":"24900","name":"Moira"}},
{"type":"Feature","geometry":{"type":"Polygon","coordinates":[[[145.219,-37.94],[145.203,-37.9195],[145.207,-37.897],[145.191,-37.877],[145.1955,-37.865],[145.095,-37.8535],[145.092,-37.872],[145.078,-37.887],[145.0825,-37.924],[145.1415,-37.9315],[145.219,-37.94]]]},"properties":{"code":"24970","name":"Monash"}},
{"type":"Feature","geometry":{"type":"Polygon","coordinates":[[[144.8885,-37.711],[144.846,-37.7475],[144.8515,-37.77],[144.884,-37.7605],[144.9025,-37.7895],[144.937,-37.778],[144.9385,-37.761],[144.9245,-37.729],[144.8885,-37.711]]]},"properties":{"code":"25060","name":"Moonee Valley"}},
{"type":"Feature","geometry":{"type":"Polygon","coordinates":[[[143.8825,-37.714],[143.9025,-37.749],[143.8925,-37.7875],[143.9065,-37.7875],[143.92,-37.812],[143.939,-37.8235],[143.9895,-37.8225],[144.0495,-37.826],[144.06,-37.796],[144.1225,-37.803],[144.1255,-37.7975],[144.2185,-37.807],[144.2225,-37.81],[144.296,-37.8195],[144.294,-37.829],[144.3305,-37.8465],[144.355,-37.843],[144.362,-37.811],[144.399,-37.815],[144.416,-37.81],[144.4215,-37.846],[144.444,-37.864],[144.449,-37.837],[144.467,-37.839],[144.4775,-37.781],[144.4905,-37.7055],[144.519,-37.7065],[144.514,-37.684],[144.5195,-37.6615],[144.5235,-37.603],[144.556,-37.559],[144.459,-37.5465],[144.47,-37.5075],[144.4595,-37.497],[144.4715,-37.431],[144.45,-37.4505],[144.4325,-37.451],[144.3795,-37.439],[144.3475,-37.432],[144.3455,-37.418],[144.3175,-37.4025],[144.287,-37.4345],[144.2255,-37.4235],[144.1485,-37.42],[144.0905,-37.4445],[144.0785,-37.4625],[144.055,-37.47],[144.0385,-37.4855],[143.9375,-37.4755],[143.932,-37.535],[143.9505,-37.55],[143.9415,-37.5725],[143.905,-37.5825],[143.896,-37.6075],[143.9135,-37.627],[143.9145,-37.645],[143.936,-37.6505],[143.923,-37.669],[143.9485,-37.6735],[143.936,-37.71],[143.8825,-37.714]]]},"properties":{"code":"25150","name":"Moorabool"}},
{"type":"Feature","geometry":{"type":"Polygon","coordinates":[[[145.254,-38.2235],[145.23,-38.2205],[145.216,-38.2005],[145.1525,-38.1945],[145.129,-38.2],[145.098,-38.1625],[145.0785,-38.174],[145.062,-38.201],[145.0325,-38.2155],[145.0255,-38.2535],[144.983,-38.296],[144.9945,-38.3045],[144.975,-38.327],[144.9235,-38.349],[144.8595,-38.367],[144.816,-38.3685],[144.7745,-38.3595],[144.7495,-38.342],[144.739,-38.3245],[144.68,-38.305],[144.675,-38.32],[144.73,-38.348],[144.841,-38.4325],[144.8865,-38.477],[144.8845,-38.4905],[144.9245,-38.4975],[144.951,-38.488],[144.9765,-38.4905],[145.0255,-38.4795],[145.0325,-38.4565],[145.05,-38.43],[145.096,-38.4025],[145.1295,-38.3905],[145.187,-38.399],[145.218,-38.394],[145.218,-38.35],[145.194,-38.325],[145.1975,-38.297],[145.221,-38.2845],[145.255,-38.2375],[145.254,-38.2235]]]},"properties":{"code":"25340","name":"Mornington Peninsula"}},
{"type":"Feature","geometry":{"type":"Polygon","coordinates":[[[143.9495,-37.1945],[143.959,-37.2205],[143.992,-37.233],[144.003,-37.2555],[144.0375,-37.2635],[144.061,-37.236],[144.0745,-37.1475],[144.1215,-37.159],[144.1905,-37.166],[144.185,-37.1955],[144.2845,-37.208],[144.292,-37.1635],[144.3745,-37.173],[144.3675,-37.1575],[144.5145,-37.1745],[144.5445,-37.121],[144.5415,-37.115],[144.5345,-37.1],[144.5445,-37.06],[144.4925,-37.0505],[144.506,-36.976],[144.4575,-36.942],[144.4335,-36.942],[144.412,-36.9235],[144.398,-36.9345],[144.397,-36.9545],[144.3005,-36.9425],[144.2975,-36.957],[144.2405,-36.9505],[144.2285,-36.9225],[144.026,-36.898],[143.8915,-36.882],[143.8665,-36.9015],[143.8465,-36.928],[143.8595,-36.949],[143.836,-36.9785],[143.884,-36.9865],[143.8995,-37.0005],[143.8995,-37.021],[143.9735,-37.0295],[144.0125,-37.067],[143.9645,-37.101],[143.9625,-37.1765],[143.9495,-37.1945]]]},"properties":{"code":"25430","name":"Mount Alexander"}},
{"type":"Feature","geometry":{"type":"Polygon","coordinates":[[[141.8695,-38.2645],[141.9295,-38.278],[141.99,-38.304],[142.074,-38.356],[142.148,-38.3895],[142.1985,-38.395],[142.243,-38.3935],[142.2485,-38.3725],[142.269,-38.363],[142.317,-38.36],[142.372,-38.3495],[142.4225,-38.3725],[142.429,-38.3145],[142.465,-38.3065],[142.51,-38.3125],[142.531,-38.3555],[142.554,-38.3725],[142.621,-38.3885],[142.6045,-38.43],[142.609,-38.45],[142.6845,-38.4955],[142.778,-38.563],[142.8075,-38.5715],[142.8805,-38.6085],[142.8665,-38.564],[142.833,-38.5385],[142.843,-38.5125],[142.8735,-38.4945],[142.8475,-38.4805],[142.88,-38.306],[142.8475,-38.306],[142.8255,-38.297],[142.8445,-38.1965],[142.8905,-38.1945],[142.897,-38.165],[142.89,-38.153],[142.896,-38.123],[143.018,-38.1375],[142.992,-38.0795],[143.0225,-38.056],[143.036,-38.0195],[143.038,-37.9965],[143.0525,-37.963],[143.0695,-37.9605],[143.0845,-37.906],[143.0795,-37.8645],[143.106,-37.8335],[143.076,-37.8155],[143.062,-37.825],[143.0315,-37.8145],[143.0355,-37.793],[143.013,-37.787],[143.007,-37.7655],[142.9515,-37.7895],[142.9345,-37.803],[142.8755,-37.8315],[142.8795,-37.8085],[142.842,-37.808],[142.8395,-37.822],[142.7575,-37.8125],[142.7015,-37.8345],[142.665,-37.83],[142.673,-37.8165],[142.6145,-37.8105],[142.5525,-37.8015],[142.5485,-37.8215],[142.5305,-37.843],[142.4665,-37.835],[142.45,-37.9185],[142.4235,-37.909],[142.412,-37.9315],[142.214,-37.9345],[142.162,-37.944],[142.155,-37.952],[142.1145,-37.947],[142.0315,-37.948],[141.9965,-37.959],[141.985,-37.9715],[141.96,-37.973],[141.9155,-37.964],[141.8745,-37.941],[141.833,-37.934],[141.817,-37.9435],[141.8345,-37.9855],[141.8345,-38.01],[141.8195,-38.039],[141.8695,-38.113],[141.8695,-38.1445],[141.851,-38.1445],[141.851,-38.211],[141.8695,-38.2105],[141.8695,-38.2645]]]},"properties":{"code":"25490","name":"Moyne"}},
{"type":"Feature","geometry":{"type":"Polygon","coordinates":[[[145.2225,-37.4725],[145.2395,-37.4875],[145.2945,-37.4985],[145.297,-37.5135],[145.3325,-37.5395],[145.3665,-37.545],[145.3865,-37.5435],[145.4185,-37.5265],[145.438,-37.546],[145.468,-37.55],[145.509,-37.5635],[145.5335,-37.5585],[145.5585,-37.591],[145.578,-37.572],[145.618,-37.5725],[145.676,-37.624],[145.7375,-37.594],[145.7365,-37.568],[145.766,-37.5735],[145.81,-37.5635],[145.82,-37.5345],[145.837,-37.532],[145.859,-37.517],[145.8835,-37.527],[145.8895,-37.5325],[146.186,-37.535],[146.154,-37.529],[146.135,-37.4805],[146.144,-37.4685],[146.0845,-37.4055],[146.056,-37.3605],[146.064,-37.3395],[146.0165,-37.277],[146.0245,-37.2575],[146.0165,-37.2395],[145.9735,-37.2385],[145.9235,-37.213],[145.901,-37.194],[145.8815,-37.196],[145.867,-37.173],[145.872,-37.152],[145.891,-37.1475],[145.892,-37.1275],[145.8805,-37.1135],[145.8395,-37.1125],[145.8045,-37.1035],[145.7785,-37.0865],[145.7595,-37.055],[145.7065,-37.039],[145.6865,-36.985],[145.6595,-36.9775],[145.65,-36.946],[145.6175,-36.9385],[145.5825,-36.9615],[145.532,-36.959],[145.529,-36.994],[145.5,-36.992],[145.4895,-37.023],[145.4455,-37.016],[145.4275,-37.006],[145.4295,-37.0215],[145.393,-37.0435],[145.3925,-37.0765],[145.372,-37.094],[145.321,-37.104],[145.2885,-37.0995],[145.2845,-37.1385],[145.2565,-37.1355],[145.243,-37.144],[145.2195,-37.191],[145.175,-37.205],[145.1665,-37.22],[145.177,-37.236],[145.163,-37.2775],[145.1955,-37.2785],[145.1955,-37.294],[145.2275,-37.2945],[145.252,-37.305],[145.2795,-37.338],[145.266,-37.3725],[145.2655,-37.4195],[145.2365,-37.436],[145.2225,-37.4725]]]},"properties":{"code":"25620","name":"Murrindindi"}},
{"type":"Feature","geometry":{"type":"Polygon","coordinates":[[[145.0675,-37.687],[145.0975,-37.6925],[145.1435,-37.6825],[145.1355,-37.741],[145.212,-37.7295],[145.2405,-37.732],[145.2545,-37.711],[145.2935,-37.712],[145.3125,-37.7155],[145.318,-37.6915],[145.346,-37.6555],[145.358,-37.6185],[145.356,-37.5995],[145.3665,-37.545],[145.3325,-37.5395],[145.297,-37.5135],[145.2945,-37.4985],[145.2395,-37.4875],[145.2115,-37.5195],[145.2055,-37.539],[145.18,-37.5365],[145.165,-37.558],[145.1445,-37.5705],[145.136,-37.62],[145.1095,-37.632],[145.1035,-37.6615],[145.0675,-37.687]]]},"properties":{"code":"25710","name":"Nillumbik"}},
{"type":"Feature","geometry":{"type":"Polygon","coordinates":[[[142.471,-36.7615],[142.483,-36.792],[142.51,-36.8115],[142.5085,-36.8225],[142.557,-36.87],[142.5595,-36.9425],[142.512,-36.949],[142.4805,-36.917],[142.456,-36.9165],[142.4495,-36.875],[142.425,-36.881],[142.398,-36.869],[142.3775,-36.869],[142.3585,-36.9035],[142.358,-36.9265],[142.375,-36.927],[142.376,-36.9655],[142.34,-36.9915],[142.347,-37.014],[142.3805,-37.0155],[142.396,-37.0285],[142.407,-37.0585],[142.3745,-37.0585],[142.3445,-37.0815],[142.333,-37.072],[142.308,-37.0985],[142.2885,-37.0885],[142.271,-37.1075],[142.235,-37.107],[142.235,-37.128],[142.2395,-37.1475],[142.369,-37.229],[142.4035,-37.2375],[142.423,-37.26],[142.455,-37.2655],[142.4655,-37.2815],[142.5165,-37.293],[142.592,-37.2905],[142.5815,-37.27],[142.597,-37.262],[142.595,-37.2175],[142.543,-37.1575],[142.717,-37.1575],[142.7685,-37.143],[142.7835,-37.169],[142.824,-37.1715],[142.838,-37.1915],[142.954,-37.208],[142.9615,-37.167],[142.9935,-37.183],[143.059,-37.187],[143.067,-37.1475],[143.0955,-37.1555],[143.086,-37.125],[143.101,-37.1015],[143.0925,-37.0465],[143.099,-37.0015],[143.087,-36.9895],[143.107,-36.9045],[143.1255,-36.899],[143.1805,-36.905],[143.1815,-36.8975],[143.2395,-36.902],[143.3445,-36.9145],[143.352,-36.9235],[143.3945,-36.934],[143.4095,-36.928],[143.472,-36.937],[143.4675,-36.9115],[143.502,-36.887],[143.51,-36.8485],[143.4985,-36.822],[143.5075,-36.8125],[143.48,-36.768],[143.4635,-36.7555],[143.463,-36.7285],[143.487,-36.6995],[143.503,-36.6635],[143.4865,-36.626],[143.4485,-36.6225],[143.4395,-36.5915],[143.421,-36.557],[143.3355,-36.5135],[143.315,-36.477],[143.2855,-36.4065],[143.2385,-36.4095],[143.1475,-36.4095],[143.139,-36.413],[143.133,-36.4495],[143.045,-36.443],[143.0595,-36.462],[143.0515,-36.4775],[143.02,-36.4825],[142.823,-36.4625],[142.8165,-36.4595],[142.7985,-36.4595],[142.785,-36.498],[142.732,-36.4975],[142.7315,-36.551],[142.7815,-36.5715],[142.8165,-36.5725],[142.8165,-36.5945],[142.7945,-36.6395],[142.764,-36.6565],[142.714,-36.721],[142.712,-36.736],[142.7315,-36.7615],[142.471,-36.7615]]]},"properties":{"code":"25810","name":"Northern Grampians"}},
{"type":"Feature","geometry":{"type":"Polygon","coordinates":[[[144.9135,-37.842],[144.9355,-37.8425],[144.964,-37.856],[144.985,-37.891],[144.997,-37.884],[145.0105,-37.86],[144.984,-37.8505],[144.9755,-37.836],[144.9425,-37.826],[144.9135,-37.842]]]},"properties":{"code":"25900","name":"Port Phillip"}},
{"type":"Feature","geometry":{"type":"Polygon","coordinates":[[[143.1805,-37.7315],[143.248,-37.7435],[143.2975,-37.756],[143.323,-37.7435],[143.3265,-37.715],[143.3515,-37.6865],[143.355,-37.67],[143.4415,-37.6705],[143.4645,-37.659],[143.5295,-37.6655],[143.5365,-37.6485],[143.5865,-37.6535],[143.5955,-37.6445],[143.642,-37.6505],[143.6525,-37.624],[143.662,-37.5725],[143.6685,-37.5385],[143.6005,-37.5205],[143.6135,-37.501],[143.648,-37.3215],[143.665,-37.2365],[143.6365,-37.231],[143.6405,-37.2085],[143.5825,-37.2015],[143.5855,-37.1845],[143.551,-37.1805],[143.5575,-37.156],[143.583,-37.132],[143.552,-37.094],[143.5625,-37.0335],[143.5945,-36.989],[143.576,-36.9815],[143.577,-36.948],[143.5425,-36.949],[143.472,-36.937],[143.4095,-36.928],[143.3945,-36.934],[143.352,-36.9235],[143.3445,-36.9145],[143.2395,-36.902],[143.1815,-36.8975],[143.1805,-36.905],[143.1255,-36.899],[143.107,-36.9045],[143.087,-36.9895],[143.099,-37.0015],[143.0925,-37.0465],[143.101,-37.1015],[143.086,-37.125],[143.0955,-37.1555],[143.131,-37.174],[143.151,-37.171],[143.1805,-37.1885],[143.1925,-37.171],[143.222,-37.1525],[143.242,-37.174],[143.2635,-37.1815],[143.2715,-37.2165],[143.284,-37.2285],[143.284,-37.2605],[143.2915,-37.2805],[143.234,-37.286],[143.2285,-37.3115],[143.2015,-37.3245],[143.2015,-37.3565],[143.2315,-37.3565],[143.2485,-37.365],[143.2365,-37.3845],[143.244,-37.4025],[143.1975,-37.4265],[143.1795,-37.5245],[143.1685,-37.562],[143.1395,-37.587],[143.1085,-37.638],[143.0895,-37.652],[143.074,-37.704],[143.061,-37.718],[143.1805,-37.7315]]]},"properties":{"code":"25990","name":"Pyrenees"}},
{"type":"Feature","geometry":{"type":"Polygon","coordinates":[[[144.6005,-38.288],[144.6185,-38.277],[144.626,-38.2575],[144.6005,-38.288]]]},"properties":{"code":"26080","name":"Queenscliffe"}},
{"type":"Feature","geometry":{"type":"Polygon","coordinates":[[[145.7295,-38.645],[145.7935,-38.688],[145.833,-38.729],[145.8715,-38.7795],[145.915,-38.872],[145.9115,-38.892],[145.9725,-38.897],[146.006,-38.878],[145.997,-38.858],[146.009,-38.8265],[146.0325,-38.8135],[146.063,-38.812],[146.123,-38.8315],[146.184,-38.8695],[146.234,-38.9185],[146.268,-38.9725],[146.2675,-38.991],[146.3425,-39.06],[146.3245,-39.094],[146.3525,-39.1255],[146.368,-39.134],[146.421,-39.126],[146.4375,-39.0935],[146.431,-39.066],[146.478,-39.044],[146.4615,-39.0195],[146.436,-39.0205],[146.4455,-38.996],[146.436,-38.9815],[146.462,-38.931],[146.4875,-38.906],[146.468,-38.8735],[146.476,-38.842],[146.4705,-38.831],[146.479,-38.7935],[146.4685,-38.7815],[146.4385,-38.779],[146.4205,-38.804],[146.417,-38.849],[146.3685,-38.86],[146.336,-38.8805],[146.3235,-38.9035],[146.292,-38.9045],[146.287,-38.867],[146.271,-38.8605],[146.264,-38.827],[146.2695,-38.808],[146.24,-38.811],[146.2225,-38.778],[146.203,-38.7645],[146.1895,-38.7305],[146.1995,-38.716],[146.2675,-38.688],[146.292,-38.6955],[146.331,-38.6875],[146.351,-38.673],[146.381,-38.6855],[146.387,-38.7205],[146.4445,-38.695],[146.4665,-38.7015],[146.5215,-38.689],[146.5255,-38.6195],[146.4615,-38.6075],[146.394,-38.5985],[146.3655,-38.577],[146.3175,-38.562],[146.311,-38.5515],[146.326,-38.529],[146.2905,-38.528],[146.2915,-38.5],[146.255,-38.496],[146.2625,-38.471],[146.2385,-38.468],[146.2235,-38.44],[146.2345,-38.385],[146.2205,-38.3675],[146.2435,-38.356],[146.2505,-38.3265],[146.23,-38.3215],[146.204,-38.317],[146.189,-38.344],[146.162,-38.3405],[146.1225,-38.36],[146.097,-38.326],[146.064,-38.3105],[146.0345,-38.332],[145.9865,-38.3275],[145.977,-38.3195],[145.9405,-38.331],[145.8275,-38.3205],[145.831,-38.3035],[145.8005,-38.2645],[145.773,-38.261],[145.759,-38.276],[145.7355,-38.2745],[145.7325,-38.2895],[145.6125,-38.2855],[145.6055,-38.3325],[145.6445,-38.3425],[145.6545,-38.3595],[145.692,-38.3735],[145.698,-38.3935],[145.686,-38.457],[145.6755,-38.481],[145.701,-38.516],[145.6985,-38.5365],[145.762,-38.5385],[145.757,-38.566],[145.7755,-38.568],[145.768,-38.604],[145.8165,-38.5835],[145.808,-38.6255],[145.8165,-38.6475],[145.7295,-38.645]]]},"properties":{"code":"26170","name":"South Gippsland"}},
{"type":"Feature","geometry":{"type":"Polygon","coordinates":[[[141.8745,-37.941],[141.9155,-37.964],[141.96,-37.973],[141.985,-37.9715],[141.9965,-37.959],[142.0315,-37.948],[142.1145,-37.947],[142.155,-37.952],[142.162,-37.944],[142.214,-37.9345],[142.412,-37.9315],[142.4235,-37.909],[142.45,-37.9185],[142.4665,-37.835],[142.5305,-37.843],[142.5485,-37.8215],[142.5525,-37.8015],[142.6145,-37.8105],[142.6125,-37.7915],[142.59,-37.765],[142.602,-37.6995],[142.6155,-37.6895],[142.619,-37.647],[142.587,-37.627],[142.3645,-37.599],[142.355,-37.588],[142.369,-37.564],[142.3645,-37.5445],[142.3875,-37.4985],[142.4265,-37.468],[142.434,-37.445],[142.475,-37.4055],[142.495,-37.365],[142.5005,-37.32],[142.5165,-37.293],[142.4655,-37.2815],[142.455,-37.2655],[142.423,-37.26],[142.4035,-37.2375],[142.369,-37.229],[142.2395,-37.1475],[142.235,-37.128],[142.2155,-37.1115],[142.164,-37.106],[142.1145,-37.112],[142.108,-37.13],[142.109,-37.1635],[142.0925,-37.171],[142.0795,-37.2235],[141.996,-37.2225],[141.989,-37.2125],[141.937,-37.2065],[141.9115,-37.19],[141.9345,-37.1665],[141.9235,-37.1215],[141.885,-37.1445],[141.853,-37.1475],[141.833,-37.172],[141.805,-37.1695],[141.776,-37.177],[141.7465,-37.1735],[141.727,-37.187],[141.7025,-37.181],[141.6925,-37.165],[141.6685,-37.155],[141.634,-37.164],[141.599,-37.161],[141.576,-37.188],[141.4915,-37.2205],[141.492,-37.251],[141.5235,-37.275],[141.5315,-37.2975],[141.4315,-37.2975],[141.4315,-37.3725],[141.4995,-37.38],[141.4865,-37.4525],[141.5375,-37.458],[141.524,-37.4795],[141.5295,-37.5045],[141.546,-37.538],[141.5145,-37.5605],[141.5445,-37.583],[141.541,-37.612],[141.5695,-37.61],[141.5975,-37.6455],[141.6415,-37.6435],[141.67,-37.678],[141.7235,-37.7165],[141.717,-37.7575],[141.734,-37.808],[141.726,-37.846],[141.732,-37.8955],[141.779,-37.9],[141.79,-37.8885],[141.8315,-37.8925],[141.8285,-37.8685],[141.919,-37.8865],[141.9145,-37.912],[141.8745,-37.941]]]},"properties":{"code":"26260","name":"Southern Grampians"}},
{"type":"Feature","geometry":{"type":"Polygon","coordinates":[[[145.078,-37.887],[145.092,-37.872],[145.069,-37.8745],[145.06,-37.855],[145.0245,-37.8345],[144.988,-37.8295],[144.984,-37.8505],[145.0105,-37.86],[145.0535,-37.8835],[145.078,-37.887]]]},"properties":{"code":"26350","name":"Stonnington"}},
{"type":"Feature","geometry":{"type":"Polygon","coordinates":[[[144.7945,-36.7505],[144.792,-36.7995],[144.7985,-36.8325],[144.8535,-36.8805],[144.91,-36.8585],[144.932,-36.86],[144.933,-36.8355],[144.987,-36.836],[144.9965,-36.8455],[145.044,-36.8535],[145.123,-36.898],[145.127,-36.9415],[145.21,-36.9445],[145.225,-36.918],[145.2605,-36.936],[145.266,-36.9475],[145.2925,-36.952],[145.2865,-36.9945],[145.3185,-37.0135],[145.3405,-36.9835],[145.373,-36.9755],[145.4055,-36.985],[145.4275,-37.006],[145.4455,-37.016],[145.4895,-37.023],[145.5,-36.992],[145.529,-36.994],[145.532,-36.959],[145.5825,-36.9615],[145.6175,-36.9385],[145.65,-36.946],[145.6635,-36.933],[145.7045,-36.9245],[145.747,-36.9235],[145.756,-36.9325],[145.7905,-36.9325],[145.8605,-36.9105],[145.8605,-36.8785],[145.8655,-36.847],[145.8615,-36.8025],[145.83,-36.7865],[145.813,-36.731],[145.825,-36.708],[145.824,-36.683],[145.8395,-36.666],[145.8435,-36.6235],[145.8555,-36.5685],[145.8195,-36.5635],[145.8235,-36.5445],[145.8235,-36.454],[145.797,-36.457],[145.7755,-36.444],[145.74,-36.4325],[145.7315,-36.4425],[145.732,-36.499],[145.6315,-36.499],[145.6315,-36.5635],[145.592,-36.5635],[145.5785,-36.556],[145.3535,-36.556],[145.3025,-36.642],[145.2285,-36.642],[145.21,-36.658],[145.2215,-36.687],[145.1855,-36.6865],[145.1685,-36.6755],[145.1315,-36.6755],[145.0875,-36.6755],[145.0435,-36.6505],[145.0375,-36.672],[145.017,-36.669],[144.9865,-36.6995],[144.932,-36.6995],[144.932,-36.748],[144.7945,-36.7505]]]},"properties":{"code":"26430","name":"Strathbogie"}},
{"type":"Feature","geometry":{"type":"Polygon","coordinates":[[[143.946,-38.5795],[143.973,-38.5665],[143.987,-38.5485],[143.9795,-38.5325],[144.0365,-38.476],[144.1065,-38.468],[144.1315,-38.4355],[144.1795,-38.4295],[144.182,-38.4175],[144.215,-38.4015],[144.25,-38.396],[144.2565,-38.3825],[144.3175,-38.3455],[144.329,-38.3255],[144.371,-38.311],[144.3765,-38.3025],[144.4005,-38.2855],[144.406,-38.2575],[144.2415,-38.238],[144.2545,-38.158],[144.2625,-38.1415],[144.2195,-38.1375],[144.197,-38.1465],[144.144,-38.1135],[144.104,-38.124],[144.089,-38.1095],[144.044,-38.1125],[143.987,-38.1295],[143.9505,-38.1155],[143.926,-38.116],[143.907,-38.105],[143.9005,-38.1385],[143.8575,-38.1335],[143.84,-38.232],[143.834,-38.291],[143.8785,-38.2765],[143.835,-38.5105],[143.847,-38.512],[143.852,-38.5445],[143.8245,-38.5665],[143.946,-38.5795]]]},"properties":{"code":"26490","name":"Surf Coast"}},
{"type":"Feature","geometry":{"type":"Polygon","coordinates":[[[143.288,-35.647],[143.288,-35.575],[143.394,-35.575],[143.3965,-35.5725],[143.6415,-35.5725],[143.6385,-35.5295],[143.7285,-35.5295],[143.709,-35.494],[143.7605,-35.5],[143.8055,-35.5],[143.808,-35.475],[143.791,-35.4665],[143.8155,-35.447],[143.79,-35.4225],[143.764,-35.4235],[143.768,-35.401],[143.7465,-35.3885],[143.7085,-35.392],[143.677,-35.372],[143.6425,-35.401],[143.6295,-35.392],[143.563,-35.318],[143.5845,-35.2795],[143.5655,-35.2355],[143.5795,-35.214],[143.564,-35.2025],[143.5295,-35.22],[143.52,-35.2125],[143.4715,-35.2195],[143.4635,-35.202],[143.3965,-35.193],[143.382,-35.173],[143.391,-35.1465],[143.374,-35.123],[143.347,-35.105],[143.341,-35.089],[143.3335,-35.018],[143.336,-35.003],[143.318,-34.986],[143.3195,-34.9485],[143.341,-34.9405],[143.342,-34.919],[143.3225,-34.892],[143.3525,-34.858],[143.3595,-34.8175],[143.3515,-34.796],[143.3075,-34.78],[143.2835,-34.795],[143.2735,-34.777],[143.1975,-34.728],[143.1465,-34.7145],[143.134,-34.701],[143.09,-34.7015],[143.072,-34.6895],[143.037,-34.701],[143.0135,-34.671],[142.9905,-34.6675],[142.9635,-34.6765],[142.9245,-34.6495],[142.901,-34.6555],[142.893,-34.6795],[142.874,-34.6735],[142.8615,-34.628],[142.8355,-34.611],[142.8035,-34.607],[142.786,-34.5835],[142.788,-34.5585],[142.757,-34.5795],[142.746,-34.603],[142.7215,-34.5925],[142.7035,-34.5975],[142.6975,-34.6405],[142.7065,-34.661],[142.679,-34.6825],[142.697,-34.72],[142.6795,-34.739],[142.6635,-34.7225],[142.6165,-34.738],[142.619,-34.7545],[142.6465,-34.7635],[142.6445,-34.7755],[142.6185,-34.7855],[142.596,-34.773],[142.517,-34.755],[142.5185,-34.864],[142.6355,-34.864],[142.641,-34.884],[142.6975,-34.887],[142.696,-34.9395],[142.697,-35.1145],[142.7425,-35.1145],[142.7365,-35.1445],[142.7345,-35.198],[142.748,-35.1995],[142.794,-35.2475],[142.809,-35.239],[142.8565,-35.239],[143.0035,-35.2495],[143.0105,-35.374],[142.997,-35.374],[142.9975,-35.491],[143.1315,-35.491],[143.1235,-35.515],[143.137,-35.5455],[143.1845,-35.545],[143.2015,-35.562],[143.187,-35.6075],[143.2005,-35.6545],[143.288,-35.655],[143.288,-35.647]]]},"properties":{"code":"26610","name":"Swan Hill"}},
{"type":"Feature","geometry":{"type":"Polygon","coordinates":[[[147.1255,-36.448],[147.1225,-36.4675],[147.107,-36.488],[147.129,-36.5345],[147.126,-36.552],[147.1615,-36.567],[147.175,-36.616],[147.175,-36.64],[147.2,-36.65],[147.2155,-36.671],[147.257,-36.674],[147.3085,-36.69],[147.3125,-36.7315],[147.319,-36.747],[147.3785,-36.7505],[147.4075,-36.7655],[147.406,-36.777],[147.4395,-36.801],[147.464,-36.8015],[147.4715,-36.783],[147.496,-36.7815],[147.53,-36.7675],[147.542,-36.7375],[147.96,-36.6125],[148.1345,-36.7435],[148.139,-36.732],[148.185,-36.692],[148.19,-36.6755],[148.2115,-36.648],[148.2195,-36.6195],[148.2095,-36.5925],[148.165,-36.578],[148.152,-36.561],[148.1245,-36.5505],[148.14,-36.5255],[148.119,-36.4945],[148.1245,-36.4645],[148.0875,-36.452],[148.087,-36.432],[148.058,-36.4005],[148.038,-36.3655],[148.0575,-36.3225],[148.043,-36.3135],[148.027,-36.226],[148.0405,-36.2075],[148.022,-36.1765],[148.0355,-36.147],[147.9925,-36.123],[147.997,-36.105],[147.9805,-36.0865],[147.9915,-36.064],[147.9785,-36.0465],[147.9235,-36.042],[147.912,-36.027],[147.913,-35.9955],[147.8845,-35.999],[147.8495,-35.9895],[147.811,-35.9675],[147.777,-35.9685],[147.7415,-35.9565],[147.7085,-35.9285],[147.6895,-35.9375],[147.6545,-35.944],[147.6385,-35.9615],[147.584,-35.9855],[147.555,-36.003],[147.526,-35.986],[147.4985,-35.9465],[147.464,-35.944],[147.456,-35.958],[147.4045,-35.9435],[147.3835,-35.9725],[147.358,-35.9915],[147.346,-36.024],[147.353,-36.0315],[147.329,-36.0545],[147.311,-36.061],[147.2855,-36.0395],[147.2045,-36.05],[147.1615,-36.031],[147.1365,-36.0285],[147.127,-36.0065],[147.1075,-36.0045],[147.0965,-36.0405],[147.0595,-36.074],[147.0485,-36.104],[147.035,-36.115],[147.0355,-36.1345],[147.0505,-36.163],[147.074,-36.1895],[147.101,-36.219],[147.122,-36.255],[147.1435,-36.2585],[147.17,-36.2905],[147.197,-36.34],[147.1675,-36.359],[147.158,-36.4205],[147.1455,-36.4505],[147.1255,-36.448]]]},"properties":{"code":"26670","name":"Towong"}},
{"type":"Feature","geometry":{"type":"Polygon","coordinates":[[[146.279,-36.925],[146.2805,-36.9345],[146.317,-36.953],[146.3355,-36.953],[146.5575,-37.1025],[146.647,-37.163],[146.6385,-37.1325],[146.6515,-37.12],[146.674,-37.1135],[146.6725,-36.983],[146.6545,-36.97],[146.65,-36.9265],[146.6405,-36.911],[146.644,-36.87],[146.6365,-36.848],[146.6425,-36.813],[146.5665,-36.741],[146.618,-36.699],[146.631,-36.679],[146.6185,-36.664],[146.622,-36.6315],[146.645,-36.614],[146.6475,-36.5905],[146.6705,-36.5685],[146.658,-36.553],[146.668,-36.5325],[146.6425,-36.528],[146.6485,-36.491],[146.672,-36.4915],[146.72,-36.4765],[146.726,-36.459],[146.725,-36.4185],[146.6755,-36.4165],[146.6665,-36.4085],[146.612,-36.396],[146.611,-36.367],[146.6205,-36.352],[146.628,-36.311],[146.6065,-36.308],[146.558,-36.3285],[146.5715,-36.2535],[146.5125,-36.247],[146.5355,-36.2285],[146.525,-36.215],[146.533,-36.179],[146.5235,-36.1715],[146.284,-36.1425],[146.2945,-36.0875],[146.278,-36.0775],[146.202,-36.0695],[146.215,-36.089],[146.2085,-36.126],[146.2385,-36.136],[146.236,-36.165],[146.221,-36.1865],[146.131,-36.187],[146.1315,-36.255],[146.1315,-36.283],[146.147,-36.299],[146.181,-36.2975],[146.181,-36.3375],[146.2195,-36.357],[146.21,-36.42],[146.2245,-36.449],[146.176,-36.473],[146.2095,-36.5025],[146.195,-36.523],[146.2,-36.542],[146.195,-36.5875],[146.2255,-36.5995],[146.2145,-36.648],[146.254,-36.744],[146.24,-36.777],[146.2475,-36.798],[146.251,-36.841],[146.245,-36.874],[146.2595,-36.8905],[146.2555,-36.906],[146.279,-36.925]]]},"properties":{"code":"26700","name":"Wangaratta"}},
{"type":"Feature","geometry":{"type":"Polygon","coordinates":[[[142.4225,-38.3725],[142.4595,-38.397],[142.492,-38.394],[142.5635,-38.422],[142.609,-38.45],[142.6045,-38.43],[142.621,-38.3885],[142.554,-38.3725],[142.531,-38.3555],[142.51,-38.3125],[142.465,-38.3065],[142.429,-38.3145],[142.4225,-38.3725]]]},"properties":{"code":"26730","name":"Warrnambool"}},
{"type":"Feature","geometry":{"type":"MultiPolygon","coordinates":[[[[146.6515,-37.12],[146.6385,-37.1325],[146.647,-37.163],[146.547,-37.369],[146.436,-37.618],[146.454,-37.6165],[146.4745,-37.641],[146.4885,-37.6425],[146.516,-37.679],[146.5045,-37.695],[146.4735,-37.9945],[146.515,-37.9835],[146.523,-37.964],[146.547,-37.9675],[146.563,-37.983],[146.5875,-37.978],[146.6175,-37.9715],[146.653,-38.011],[146.6265,-38.035],[146.6245,-38.049],[146.663,-38.054],[146.651,-38.0735],[146.616,-38.0685],[146.578,-38.1265],[146.601,-38.162],[146.651,-38.153],[146.697,-38.1565],[146.708,-38.172],[146.6785,-38.207],[146.6555,-38.2245],[146.6565,-38.2405],[146.6325,-38.2585],[146.622,-38.293],[146.5995,-38.3095],[146.6025,-38.334],[146.593,-38.3445],[146.579,-38.4145],[146.565,-38.4295],[146.529,-38.431],[146.4725,-38.459],[146.4245,-38.473],[146.3685,-38.512],[146.3675,-38.5335],[146.326,-38.529],[146.311,-38.5515],[146.3175,-38.562],[146.3655,-38.577],[146.394,-38.5985],[146.4615,-38.6075],[146.5255,-38.6195],[146.5215,-38.689],[146.54,-38.6995],[146.5875,-38.6765],[146.635,-38.671],[146.6525,-38.659],[146.693,-38.676],[146.7165,-38.661],[146.7495,-38.661],[146.7685,-38.6485],[146.785,-38.6465],[146.7865,-38.6325],[146.801,-38.6195],[146.8155,-38.612],[146.843,-38.616],[146.8465,-38.6055],[146.873,-38.609],[146.887,-38.62],[146.932,-38.596],[146.976,-38.554],[147.067,-38.475],[147.1755,-38.3895],[147.24,-38.3405],[147.46,-38.1645],[147.5425,-38.104],[147.642,-38.037],[147.706,-37.998],[147.6995,-37.9815],[147.7225,-37.969],[147.7125,-37.9545],[147.661,-37.9765],[147.652,-37.9935],[147.567,-38.055],[147.5145,-38.057],[147.502,-38.0715],[147.4595,-38.072],[147.468,-38.0245],[147.457,-38.0075],[147.406,-38.001],[147.373,-37.966],[147.374,-37.9405],[147.358,-37.917],[147.313,-37.9115],[147.275,-37.921],[147.286,-37.893],[147.269,-37.8715],[147.267,-37.851],[147.2815,-37.7745],[147.241,-37.7675],[147.2485,-37.746],[147.223,-37.744],[147.2035,-37.7175],[147.222,-37.633],[147.196,-37.6265],[147.193,-37.596],[147.2195,-37.575],[147.238,-37.5805],[147.2875,-37.5575],[147.3315,-37.5605],[147.35,-37.5375],[147.3995,-37.543],[147.406,-37.5265],[147.3925,-37.499],[147.407,-37.412],[147.4175,-37.395],[147.438,-37.398],[147.4575,-37.286],[147.44,-37.274],[147.4175,-37.2355],[147.422,-37.221],[147.385,-37.2115],[147.337,-37.2755],[146.8385,-37.205],[146.8235,-37.192],[146.788,-37.1775],[146.771,-37.1505],[146.752,-37.1475],[146.719,-37.159],[146.6845,-37.145],[146.6515,-37.12]]],[[[146.568,-38.7425],[146.5125,-38.7625],[146.5045,-38.7255],[146.471,-38.7285],[146.4645,-38.739],[146.494,-38.7745],[146.551,-38.79],[146.5975,-38.7595],[146.603,-38.7445],[146.568,-38.7425]]],[[[146.6195,-38.702],[146.6265,-38.7245],[146.676,-38.7075],[146.6195,-38.702]]],[[[146.852,-38.6345],[146.8805,-38.6165],[146.8505,-38.6125],[146.8435,-38.6175],[146.803,-38.6205],[146.796,-38.6465],[146.8185,-38.647],[146.852,-38.6345]]]]},"properties":{"code":"26810","name":"Wellington"}},
{"type":"Feature","geometry":{"type":"Polygon","coordinates":[[[140.969,-36.669],[140.9685,-36.734],[140.972,-37.0665],[140.9715,-37.1785],[140.973,-37.358],[140.992,-37.374],[141.0465,-37.402],[141.0975,-37.45],[141.168,-37.42],[141.261,-37.4295],[141.279,-37.393],[141.2485,-37.369],[141.221,-37.3645],[141.221,-37.3485],[141.4315,-37.3725],[141.4315,-37.2975],[141.5315,-37.2975],[141.5235,-37.275],[141.492,-37.251],[141.4915,-37.2205],[141.576,-37.188],[141.599,-37.161],[141.634,-37.164],[141.6685,-37.155],[141.6925,-37.165],[141.7025,-37.181],[141.727,-37.187],[141.7465,-37.1735],[141.776,-37.177],[141.7655,-37.148],[141.781,-37.0455],[141.7865,-36.9885],[141.7795,-36.967],[141.6575,-36.9555],[141.669,-36.8835],[141.7065,-36.884],[141.712,-36.8505],[141.705,-36.841],[141.702,-36.7995],[141.718,-36.801],[141.741,-36.652],[141.816,-36.66],[141.826,-36.6285],[141.8375,-36.5545],[141.7285,-36.5445],[141.727,-36.5575],[141.4735,-36.531],[141.4845,-36.4655],[141.4795,-36.4275],[141.4865,-36.378],[141.497,-36.372],[141.379,-36.3595],[141.4035,-36.2065],[141.2265,-36.1875],[141.249,-36.0635],[141.2545,-35.997],[141.336,-35.998],[141.3525,-36.0085],[141.3795,-36.005],[141.374,-35.9435],[141.354,-35.913],[141.3355,-35.905],[141.3305,-35.7485],[140.963,-35.7485],[140.964,-35.996],[140.9665,-36.257],[140.969,-36.669]]]},"properties":{"code":"26890","name":"West Wimmera"}},
{"type":"Feature","geometry":{"type":"Polygon","coordinates":[[[145.1955,-37.865],[145.2135,-37.841],[145.2135,-37.812],[145.1065,-37.792],[145.095,-37.8535],[145.1955,-37.865]]]},"properties":{"code":"26980","name":"Whitehorse"}},
{"type":"Feature","geometry":{"type":"Polygon","coordinates":[[[144.977,-37.5135],[144.976,-37.5275],[144.953,-37.5475],[144.9655,-37.56],[144.9525,-37.607],[144.9585,-37.6345],[144.9745,-37.647],[144.972,-37.691],[145.058,-37.7],[145.0675,-37.687],[145.1035,-37.6615],[145.1095,-37.632],[145.136,-37.62],[145.1445,-37.5705],[145.165,-37.558],[145.18,-37.5365],[145.2055,-37.539],[145.2115,-37.5195],[145.2395,-37.4875],[145.2225,-37.4725],[145.187,-37.4225],[145.166,-37.413],[145.1045,-37.4125],[145.0795,-37.4265],[145.081,-37.44],[145.055,-37.448],[145.001,-37.4425],[144.994,-37.481],[144.977,-37.5135]]]},"properties":{"code":"27070","name":"Whittlesea"}},
{"type":"Feature","geometry":{"type":"Polygon","coordinates":[[[147.074,-36.1895],[147.0505,-36.163],[147.0355,-36.1345],[147.035,-36.115],[147.016,-36.0895],[146.9725,-36.082],[146.9505,-36.0945],[146.9455,-36.1155],[146.912,-36.106],[146.9005,-36.083],[146.873,-36.0735],[146.8485,-36.0865],[146.826,-36.089],[146.8175,-36.0675],[146.804,-36.0585],[146.777,-36.06],[146.7305,-36.0445],[146.7285,-36.03],[146.7115,-36.046],[146.704,-36.102],[146.7065,-36.1255],[146.734,-36.1225],[146.768,-36.129],[146.7785,-36.155],[146.785,-36.2],[146.802,-36.217],[146.8225,-36.2575],[146.857,-36.253],[146.9055,-36.235],[146.9195,-36.222],[146.951,-36.2305],[146.961,-36.2445],[146.997,-36.227],[147.003,-36.207],[147.0325,-36.205],[147.037,-36.185],[147.074,-36.1895]]]},"properties":{"code":"27170","name":"Wodonga"}},
{"type":"Feature","geometry":{"type":"Polygon","coordinates":[[[144.4775,-37.781],[144.467,-37.839],[144.449,-37.837],[144.444,-37.864],[144.4845,-37.903],[144.4775,-37.9465],[144.4955,-37.9735],[144.5175,-37.981],[144.5415,-37.9715],[144.5915,-38.0045],[144.65,-38.002],[144.6885,-37.9735],[144.699,-37.973],[144.744,-37.9395],[144.799,-37.923],[144.8045,-37.8945],[144.7805,-37.899],[144.7515,-37.8865],[144.769,-37.851],[144.8275,-37.823],[144.8265,-37.817],[144.751,-37.8105],[144.589,-37.793],[144.549,-37.797],[144.5325,-37.7875],[144.4775,-37.781]]]},"properties":{"code":"27260","name":"Wyndham"}},
{"type":"Feature","geometry":{"type":"Polygon","coordinates":[[[144.9885,-37.7765],[144.9615,-37.778],[144.988,-37.8295],[145.0245,-37.8345],[145.0075,-37.801],[145.04,-37.784],[145.036,-37.779],[144.998,-37.7855],[144.9885,-37.7765]]]},"properties":{"code":"27350","name":"Yarra"}},
{"type":"Feature","geometry":{"type":"Polygon","coordinates":[[[145.379,-37.975],[145.39,-37.9245],[145.416,-37.9285],[145.4425,-37.907],[145.4815,-37.8985],[145.5075,-37.9],[145.529,-37.876],[145.5535,-37.874],[145.575,-37.8995],[145.628,-37.904],[145.642,-37.9185],[145.6705,-37.907],[145.6715,-37.8935],[145.7215,-37.885],[145.7305,-37.9035],[145.765,-37.8985],[145.7695,-37.881],[145.8055,-37.872],[145.8085,-37.83],[145.845,-37.7975],[145.895,-37.826],[145.9315,-37.8215],[145.918,-37.786],[145.9435,-37.758],[145.9635,-37.766],[145.9995,-37.7655],[146.044,-37.774],[146.098,-37.758],[146.124,-37.7895],[146.159,-37.762],[146.163,-37.748],[146.134,-37.679],[146.131,-37.644],[146.1655,-37.617],[146.176,-37.585],[146.192,-37.5875],[146.1845,-37.5605],[146.186,-37.535],[145.8895,-37.5325],[145.8835,-37.527],[145.837,-37.532],[145.82,-37.5345],[145.81,-37.5635],[145.766,-37.5735],[145.7365,-37.568],[145.7375,-37.594],[145.676,-37.624],[145.618,-37.5725],[145.578,-37.572],[145.5585,-37.591],[145.5335,-37.5585],[145.509,-37.5635],[145.468,-37.55],[145.438,-37.546],[145.4185,-37.5265],[145.3865,-37.5435],[145.3665,-37.545],[145.356,-37.5995],[145.358,-37.6185],[145.346,-37.6555],[145.318,-37.6915],[145.3125,-37.7155],[145.2935,-37.712],[145.2815,-37.7425],[145.2895,-37.763],[145.307,-37.7765],[145.318,-37.844],[145.341,-37.854],[145.3085,-37.871],[145.297,-37.901],[145.3025,-37.9225],[145.293,-37.965],[145.379,-37.975]]]},"properties":{"code":"27450","name":"Yarra Ranges"}},
{"type":"Feature","geometry":{"type":"Polygon","coordinates":[[[142.166,-36.4325],[142.2435,-36.44],[142.3435,-36.4405],[142.3505,-36.4495],[142.3965,-36.4585],[142.403,-36.497],[142.3825,-36.5745],[142.3865,-36.5985],[142.3725,-36.6115],[142.37,-36.6465],[142.3825,-36.657],[142.399,-36.695],[142.44,-36.7265],[142.4625,-36.7355],[142.471,-36.7615],[142.7315,-36.7615],[142.712,-36.736],[142.714,-36.721],[142.764,-36.6565],[142.7945,-36.6395],[142.8165,-36.5945],[142.8165,-36.5725],[142.7815,-36.5715],[142.7315,-36.551],[142.732,-36.4975],[142.785,-36.498],[142.7985,-36.4595],[142.8165,-36.4595],[142.8165,-36.4375],[142.7985,-36.4375],[142.7985,-36.408],[142.732,-36.405],[142.743,-36.393],[142.7315,-36.3755],[142.7315,-36.2985],[142.743,-36.2645],[142.722,-36.2625],[142.728,-36.2395],[142.725,-36.2095],[142.743,-36.148],[142.729,-36.147],[142.732,-36.1035],[142.681,-36.0965],[142.635,-36.1235],[142.604,-36.1205],[142.6045,-35.998],[142.601,-35.998],[142.601,-35.7365],[142.722,-35.736],[142.7225,-35.4755],[142.5435,-35.476],[142.5435,-35.387],[142.5355,-35.387],[142.536,-35.303],[142.4035,-35.303],[142.364,-35.292],[142.3145,-35.2975],[142.2895,-35.291],[142.2575,-35.3],[142.244,-35.311],[142.2005,-35.315],[142.182,-35.3345],[142.1735,-35.376],[142.207,-35.45],[142.1685,-35.45],[142.167,-35.4785],[142.0815,-35.4645],[141.9975,-35.4635],[141.9975,-35.4985],[141.9975,-35.711],[142.01,-35.74],[142.0085,-35.774],[141.9995,-35.798],[141.997,-35.8675],[142.239,-35.8685],[142.239,-35.998],[142.1685,-35.998],[142.1685,-36.366],[142.166,-36.4325]]]},"properties":{"code":"27630","name":"Yarriambiack"}},
{"type":"Feature","geometry":{"type":"MultiPolygon","coordinates":[[[[145.2735,-38.3615],[145.2765,-38.3915],[145.311,-38.402],[145.349,-38.42],[145.364,-38.4055],[145.3925,-38.3965],[145.411,-38.371],[145.476,-38.3665],[145.5025,-38.353],[145.473,-38.3325],[145.4535,-38.3075],[145.411,-38.3045],[145.3745,-38.314],[145.3475,-38.31],[145.3305,-38.2925],[145.2905,-38.2835],[145.2735,-38.3615]]],[[[147.0635,-36.9965],[147.074,-37.0135],[147.1225,-37],[147.18,-37.0095],[147.192,-36.9885],[147.15,-36.958],[147.121,-36.972],[147.097,-37.002],[147.0635,-36.9965]]],[[[147.2885,-36.8745],[147.2675,-36.841],[147.2465,-36.844],[147.235,-36.8715],[147.245,-36.8835],[147.2885,-36.8745]]],[[[146.421,-37.1025],[146.4345,-37.1365],[146.414,-37.1465],[146.432,-37.165],[146.479,-37.162],[146.5085,-37.1485],[146.5215,-37.1245],[146.5395,-37.11],[146.464,-37.1015],[146.454,-37.112],[146.421,-37.1025]]],[[[145.8835,-37.527],[145.859,-37.517],[145.837,-37.532],[145.8835,-37.527]]]]},"properties":{"code":"29399","name":"Unincorporated Vic"}},
{"type":"Feature","geometry":{"type":"MultiPolygon","coordinates":[[[[141.692,-13.2405],[141.696,-13.2645],[141.682,-13.303],[141.63,-13.3675],[141.6045,-13.436],[141.59,-13.4645],[141.5505,-13.507],[141.5235,-13.572],[141.503,-13.6575],[141.4995,-13.7125],[141.4895,-13.7715],[141.4795,-13.8045],[141.467,-13.864],[141.469,-13.9205],[141.474,-13.941],[141.512,-13.9945],[141.5725,-14.0575],[141.5895,-14.088],[141.599,-14.1165],[141.594,-14.161],[141.6115,-14.193],[141.6265,-14.208],[141.6375,-14.2425],[141.657,-14.2355],[141.6915,-14.267],[141.718,-14.2795],[141.752,-14.2755],[141.783,-14.3045],[141.8105,-14.3215],[141.812,-14.3395],[141.841,-14.3515],[141.857,-14.3745],[141.849,-14.4015],[141.874,-14.4165],[141.8825,-14.4295],[141.954,-14.437],[141.9705,-14.4615],[141.9995,-14.464],[142.008,-14.3515],[141.981,-14.35],[141.9775,-14.1925],[141.992,-13.999],[141.925,-13.8205],[141.9375,-13.7335],[141.9605,-13.7105],[142.0445,-13.5695],[142.114,-13.288],[142.0815,-13.1385],[142.168,-12.7655],[142.109,-12.7405],[142.0695,-12.7875],[142.0085,-12.859],[141.912,-12.7495],[141.9075,-12.7635],[141.87,-12.8735],[141.847,-12.943],[141.744,-12.999],[141.841,-13.307],[141.8135,-13.357],[141.752,-13.357],[141.7535,-13.287],[141.692,-13.2405]]],[[[142.185,-12.6115],[142.172,-12.563],[142.1495,-12.5605],[142.1285,-12.567],[142.185,-12.6115]]],[[[141.765,-12.8095],[141.803,-12.7475],[141.839,-12.6875],[141.82,-12.672],[141.806,-12.678],[141.7955,-12.729],[141.765,-12.8095]]]]},"properties":{"code":"30250","name":"Aurukun"}},
{"type":"Feature","geometry":{"type":"Polygon","coordinates":[[[147.124,-27.898],[147.105,-27.995],[147.069,-27.991],[146.9905,-27.99],[146.949,-28.263],[146.932,-28.2605],[146.9155,-28.354],[146.968,-28.36],[146.96,-28.413],[146.9635,-28.506],[146.9575,-28.5365],[146.938,-28.5595],[146.928,-28.63],[146.9385,-28.631],[146.925,-28.724],[146.8925,-28.7215],[146.885,-28.7675],[146.8635,-28.8545],[146.9525,-28.8615],[146.9355,-28.9915],[146.945,-28.999],[147.7185,-28.999],[147.9455,-28.999],[148.958,-28.999],[148.9725,-28.9785],[149.031,-28.957],[149.0585,-28.911],[149.0565,-28.8995],[149.044,-28.8925],[148.9815,-28.8205],[148.9905,-28.761],[148.975,-28.759],[148.987,-28.6635],[148.9195,-28.657],[148.9355,-28.5605],[148.924,-28.559],[148.9325,-28.4845],[148.9585,-28.2885],[149.0415,-28.186],[149.0745,-28.193],[149.1885,-28.204],[149.189,-28.2],[149.4055,-28.2285],[149.431,-28.07],[149.4455,-28.0715],[149.4575,-27.993],[149.473,-27.889],[149.4955,-27.754],[149.4275,-27.7455],[149.4215,-27.722],[149.427,-27.7025],[149.185,-27.676],[149.19,-27.643],[149.051,-27.6265],[149.0565,-27.589],[149.0315,-27.5815],[149.0025,-27.633],[148.835,-27.6145],[148.8395,-27.577],[148.7825,-27.5705],[148.7745,-27.5845],[148.725,-27.579],[148.7215,-27.602],[148.7425,-27.628],[148.7355,-27.652],[148.7395,-27.693],[148.5845,-27.6755],[148.591,-27.625],[148.51,-27.6165],[148.4845,-27.6055],[148.459,-27.6225],[148.4145,-27.597],[148.2845,-27.6835],[148.246,-27.64],[148.223,-27.656],[148.182,-27.6115],[148.0965,-27.6695],[148.056,-27.624],[148.011,-27.655],[148.0175,-27.6],[147.918,-27.588],[147.916,-27.629],[147.7735,-27.611],[147.7405,-27.637],[147.6485,-27.6255],[147.6365,-27.71],[147.5825,-27.706],[147.561,-27.8445],[147.448,-27.831],[147.438,-27.887],[147.292,-27.868],[147.286,-27.9025],[147.2085,-27.8925],[147.206,-27.907],[147.124,-27.898]]]},"properties":{"code":"30300","name":"Balonne"}},
{"type":"Feature","geometry":{"type":"Polygon","coordinates":[[[148.938,-25.4585],[149.0245,-25.56],[148.9835,-25.5885],[148.995,-25.601],[149.0195,-25.604],[149.0595,-25.6525],[149.0535,-25.6655],[149.016,-25.682],[148.9735,-25.7135],[148.9425,-25.6855],[148.922,-25.7255],[148.924,-25.7405],[148.911,-25.7675],[148.9445,-25.771],[148.961,-25.79],[149.0315,-25.7755],[149.0255,-25.799],[149.0435,-25.822],[149.1085,-25.873],[149.0945,-25.9405],[149.0975,-25.948],[149.138,-25.946],[149.303,-25.966],[149.328,-25.925],[149.3425,-25.921],[149.365,-25.898],[149.4015,-25.8825],[149.4835,-25.892],[149.477,-25.9335],[149.5755,-25.944],[149.5845,-25.8865],[149.649,-25.8945],[149.682,-25.8725],[149.736,-25.8495],[149.767,-25.9045],[149.783,-25.8905],[149.7665,-25.8595],[149.7975,-25.849],[149.823,-25.849],[149.8235,-25.8285],[149.851,-25.8375],[149.9065,-25.817],[149.932,-25.8395],[149.9615,-25.8505],[149.99,-25.847],[150.0215,-25.865],[150.028,-25.8345],[150.052,-25.838],[150.056,-25.813],[150.0855,-25.812],[150.0965,-25.7945],[150.1145,-25.811],[150.141,-25.8225],[150.1805,-25.805],[150.1745,-25.78],[150.279,-25.7965],[150.282,-25.779],[150.3365,-25.7905],[150.341,-25.815],[150.361,-25.8185],[150.3865,-25.806],[150.426,-25.774],[150.434,-25.7335],[150.4185,-25.675],[150.4365,-25.6615],[150.4425,-25.622],[150.4365,-25.6065],[150.401,-25.5935],[150.4125,-25.5675],[150.404,-25.537],[150.3695,-25.476],[150.3755,-25.4615],[150.398,-25.4475],[150.405,-25.4315],[150.396,-25.3905],[150.4145,-25.372],[150.4165,-25.331],[150.4375,-25.3255],[150.4485,-25.303],[150.4435,-25.282],[150.4765,-25.2215],[150.487,-25.195],[150.508,-25.1735],[150.5575,-25.1615],[150.5565,-25.134],[150.57,-25.1155],[150.5565,-25.094],[150.5485,-25.06],[150.548,-25.006],[150.5535,-24.9865],[150.5425,-24.959],[150.558,-24.9235],[150.5585,-24.8995],[150.581,-24.8475],[150.598,-24.8355],[150.6035,-24.801],[150.5865,-24.7315],[150.6115,-24.7115],[150.637,-24.7095],[150.656,-24.693],[150.709,-24.7035],[150.731,-24.698],[150.8545,-24.724],[150.873,-24.722],[150.8845,-24.6775],[150.911,-24.6505],[150.8975,-24.6305],[150.8675,-24.631],[150.819,-24.6035],[150.826,-24.5555],[150.8445,-24.562],[150.8805,-24.552],[150.969,-24.5785],[150.964,-24.5085],[150.9795,-24.4915],[150.983,-24.472],[150.965,-24.4605],[150.9395,-24.4085],[150.9245,-24.4065],[150.9135,-24.423],[150.8785,-24.42],[150.849,-24.3815],[150.8325,-24.371],[150.7825,-24.3625],[150.776,-24.3475],[150.779,-24.306],[150.791,-24.287],[150.7775,-24.275],[150.7995,-24.2545],[150.803,-24.2035],[150.813,-24.1825],[150.78,-24.1465],[150.723,-24.138],[150.7165,-24.108],[150.7205,-24.075],[150.704,-24.059],[150.698,-24.032],[150.702,-23.9875],[150.677,-23.9395],[150.633,-23.9225],[150.618,-23.884],[150.5985,-23.8485],[150.6025,-23.8335],[150.555,-23.8235],[150.5335,-23.8495],[150.4955,-23.845],[150.469,-23.852],[150.448,-23.8235],[150.412,-23.815],[150.3865,-23.8375],[150.371,-23.8335],[150.341,-23.8075],[150.3285,-23.824],[150.3135,-23.813],[150.314,-23.769],[150.285,-23.743],[150.28,-23.724],[150.258,-23.709],[150.249,-23.665],[150.231,-23.6495],[150.189,-23.647],[150.173,-23.654],[150.1245,-23.6515],[150.0905,-23.6615],[150.074,-23.6755],[150.067,-23.7125],[150.012,-23.71],[149.9975,-23.714],[150.005,-23.7405],[149.986,-23.754],[150.0115,-23.796],[150.0135,-23.814],[150.0525,-23.8495],[150.0665,-23.882],[150.051,-23.902],[149.987,-23.8985],[149.9275,-23.889],[149.913,-23.943],[149.8695,-23.966],[149.843,-23.9555],[149.8435,-24.005],[149.8275,-23.997],[149.7935,-24.051],[149.792,-24.0695],[149.834,-24.0925],[149.8345,-24.1335],[149.8415,-24.154],[149.8205,-24.1625],[149.7665,-24.156],[149.6705,-24.1545],[149.652,-24.1655],[149.685,-24.223],[149.679,-24.2375],[149.7025,-24.263],[149.74,-24.3245],[149.7575,-24.3895],[149.7505,-24.399],[149.762,-24.423],[149.7595,-24.4485],[149.7745,-24.489],[149.7875,-24.545],[149.74,-24.54],[149.7255,-24.598],[149.75,-24.6195],[149.7375,-24.635],[149.7345,-24.657],[149.6905,-24.711],[149.6715,-24.7245],[149.65,-24.7515],[149.622,-24.766],[149.605,-24.801],[149.6135,-24.843],[149.612,-24.889],[149.5855,-24.888],[149.5785,-24.781],[149.5605,-24.7735],[149.5335,-24.7765],[149.5255,-24.796],[149.511,-24.8],[149.5,-24.8235],[149.499,-24.844],[149.466,-24.8645],[149.462,-24.8955],[149.447,-24.911],[149.455,-24.9335],[149.461,-24.979],[149.4425,-25.004],[149.4075,-25.0075],[149.4,-24.996],[149.362,-24.978],[149.336,-24.9875],[149.3235,-25.0155],[149.293,-25.002],[149.28,-25.023],[149.2845,-25.053],[149.2745,-25.064],[149.2315,-25.049],[149.2175,-25.0175],[149.184,-25.01],[149.1895,-25.029],[149.1845,-25.0615],[149.1715,-25.071],[149.172,-25.0905],[149.157,-25.1105],[149.1185,-25.1365],[149.0965,-25.1345],[149.0935,-25.1205],[149.0725,-25.111],[149.091,-25.0935],[149.101,-25.0585],[149.0875,-25.0295],[149.092,-25.003],[149.071,-25.002],[149.0575,-24.979],[149.0425,-24.93],[149.049,-24.9125],[149.0325,-24.893],[148.9895,-24.87],[148.9715,-24.848],[148.938,-24.837],[148.8605,-24.8945],[148.876,-24.907],[148.838,-24.9355],[148.8275,-24.9605],[148.8315,-24.975],[148.817,-24.9945],[148.8175,-25.0715],[148.8585,-25.142],[148.863,-25.1835],[148.8815,-25.2045],[148.881,-25.2285],[148.9335,-25.233],[148.925,-25.264],[148.9555,-25.28],[148.9765,-25.3175],[148.955,-25.3235],[148.978,-25.356],[148.9655,-25.3965],[148.953,-25.457],[148.938,-25.4585]]]},"properties":{"code":"30370","name":"Banana"}},
{"type":"Feature","geometry":{"type":"Polygon","coordinates":[[[144.841,-24.032],[144.8525,-24.032],[144.889,-24.057],[144.9295,-24.05],[144.9305,-24.0675],[144.9665,-24.074],[145.0005,-24.1025],[145.012,-24.138],[145.1655,-24.152],[145.1815,-24.1275],[145.429,-24.152],[145.431,-24.133],[145.6275,-24.1535],[145.637,-24.0785],[145.602,-24.074],[145.6115,-24.015],[145.628,-23.9995],[145.699,-24.0075],[145.7075,-23.935],[145.757,-23.9405],[145.772,-23.812],[145.866,-23.8215],[145.955,-23.8275],[145.945,-23.916],[145.956,-23.919],[145.945,-24.007],[146.0065,-24.014],[146.0355,-23.976],[146.0565,-23.965],[146.142,-23.9735],[146.1225,-24.141],[146.2595,-24.1545],[146.2545,-24.198],[146.2625,-24.1985],[146.257,-24.242],[146.3925,-24.255],[146.387,-24.308],[146.414,-24.3245],[146.4265,-24.3515],[146.462,-24.375],[146.5125,-24.3845],[146.514,-24.3955],[146.5505,-24.4395],[146.588,-24.4415],[146.596,-24.417],[146.6415,-24.399],[146.6635,-24.401],[146.6905,-24.375],[146.7125,-24.3775],[146.7295,-24.4185],[146.7595,-24.4035],[146.791,-24.41],[146.805,-24.405],[146.8145,-24.3765],[146.864,-24.369],[146.8735,-24.3375],[146.8995,-24.3285],[146.923,-24.2945],[146.928,-24.2535],[146.9535,-24.207],[146.957,-24.17],[146.99,-24.1615],[147.0285,-24.1405],[147.0505,-24.1185],[147.0735,-24.1175],[147.1105,-24.0935],[147.1415,-24.0855],[147.1565,-24.0925],[147.1835,-24.0855],[147.174,-24.06],[147.1865,-24.036],[147.1835,-24.0065],[147.169,-23.9555],[147.181,-23.9415],[147.2035,-23.94],[147.241,-23.903],[147.2335,-23.8815],[147.239,-23.8625],[147.2275,-23.832],[147.237,-23.8105],[147.2295,-23.7875],[147.2,-23.7735],[147.195,-23.7455],[147.2005,-23.727],[147.1955,-23.6845],[147.2095,-23.676],[147.2005,-23.6545],[147.2,-23.606],[147.218,-23.5955],[147.212,-23.576],[147.2215,-23.5505],[147.2345,-23.552],[147.2745,-23.535],[147.284,-23.525],[147.2735,-23.4695],[147.2605,-23.4695],[147.2505,-23.4475],[147.26,-23.438],[147.265,-23.384],[147.2865,-23.351],[147.162,-23.3395],[147.1585,-23.3265],[147.075,-23.307],[147.079,-23.28],[146.9785,-23.264],[146.9395,-23.2605],[146.9325,-23.3155],[146.8545,-23.3045],[146.875,-23.2755],[146.8845,-23.2205],[146.8745,-23.1955],[146.8535,-23.167],[146.8145,-23.1535],[146.789,-23.1265],[146.7795,-23.0215],[146.753,-22.9845],[146.733,-22.97],[146.7025,-22.962],[146.6635,-22.9215],[146.6645,-22.9065],[146.646,-22.883],[146.611,-22.881],[146.5795,-22.8895],[146.559,-22.8775],[146.5465,-22.8395],[146.5265,-22.8125],[146.5285,-22.793],[146.5485,-22.769],[146.4015,-22.7555],[146.424,-22.5475],[146.4395,-22.549],[146.452,-22.4995],[146.4285,-22.488],[146.3875,-22.5195],[146.3725,-22.5195],[146.347,-22.5],[146.311,-22.4935],[146.2695,-22.5085],[146.2755,-22.4625],[146.109,-22.4455],[146.122,-22.3475],[146.052,-22.3385],[146.0705,-22.2265],[146.0645,-22.186],[146.074,-22.1235],[146.0315,-22.105],[145.8805,-22.0845],[145.8805,-22.0805],[145.7695,-22.0665],[145.77,-22.0485],[145.661,-22.041],[145.6685,-21.932],[145.627,-21.9265],[145.63,-21.893],[145.6405,-21.894],[145.6505,-21.707],[145.6745,-21.708],[145.6785,-21.668],[145.533,-21.6585],[145.5295,-21.702],[145.4345,-21.692],[145.418,-21.846],[145.262,-21.8285],[145.255,-21.794],[145.166,-21.785],[145.153,-21.899],[145.075,-21.8915],[145.0845,-21.9105],[145.082,-21.9425],[144.9565,-21.9305],[144.943,-22.059],[144.801,-22.0455],[144.7965,-22.0985],[144.7525,-22.095],[144.74,-22.2115],[144.717,-22.204],[144.6375,-22.1955],[144.5005,-22.1855],[144.4915,-22.185],[144.418,-22.2865],[144.3575,-22.3485],[144.3195,-22.346],[144.3035,-22.3065],[144.1595,-22.297],[144.1665,-22.2235],[144.02,-22.2135],[144.0195,-22.2185],[143.844,-22.203],[143.833,-22.315],[143.698,-22.417],[143.6935,-22.4115],[143.596,-22.4845],[143.583,-22.505],[143.614,-22.5385],[143.631,-22.5315],[143.7545,-22.5565],[143.776,-22.564],[143.8875,-22.4965],[143.905,-22.5475],[143.9405,-22.588],[143.9585,-22.579],[144.0745,-22.592],[144.083,-22.587],[144.176,-22.5945],[144.1685,-22.624],[144.2405,-22.632],[144.243,-22.6005],[144.474,-22.6245],[144.4755,-22.6055],[144.5035,-22.6075],[144.5,-22.659],[144.556,-22.664],[144.5485,-22.686],[144.5895,-22.6895],[144.583,-22.72],[144.587,-22.7415],[144.5715,-22.764],[144.571,-22.7825],[144.5205,-22.825],[144.5105,-22.846],[144.5115,-22.868],[144.4865,-22.8955],[144.473,-22.922],[144.4705,-22.951],[144.481,-22.9685],[144.662,-22.9885],[144.8645,-23.007],[144.8525,-23.109],[144.9045,-23.1145],[144.893,-23.215],[144.9255,-23.2185],[144.9095,-23.349],[144.884,-23.3465],[144.871,-23.3635],[144.8615,-23.4465],[144.881,-23.4485],[144.8695,-23.524],[144.795,-23.519],[144.7755,-23.6915],[144.8255,-23.697],[144.8145,-23.777],[144.7875,-23.9365],[144.804,-23.938],[144.795,-23.9985],[144.8835,-24.007],[144.841,-24.032]]]},"properties":{"code":"30410","name":"Barcaldine"}},
{"type":"Feature","geometry":{"type":"Polygon","coordinates":[[[140.9095,-25.9965],[140.9995,-25.9965],[140.9995,-26.405],[140.9995,-26.762],[141.123,-26.775],[141.1335,-26.6965],[141.2145,-26.704],[141.219,-26.663],[141.396,-26.6625],[141.5435,-26.6765],[141.584,-26.722],[141.726,-26.734],[141.826,-26.7475],[141.8355,-26.7295],[141.8315,-26.7125],[141.805,-26.6595],[141.813,-26.632],[141.7995,-26.6195],[141.7835,-26.59],[141.7395,-26.5255],[141.7365,-26.4975],[141.7215,-26.483],[141.704,-26.3865],[141.719,-26.3505],[141.7975,-26.3575],[141.798,-26.35],[141.8915,-26.358],[141.891,-26.3665],[142.0585,-26.3815],[142.0745,-26.3855],[142.081,-26.3425],[142.113,-26.28],[142.126,-26.263],[142.1365,-26.225],[142.1615,-26.196],[142.1435,-26.092],[142.173,-25.8555],[142.194,-25.8575],[142.201,-25.8125],[142.236,-25.7915],[142.276,-25.789],[142.322,-25.7665],[142.3755,-25.749],[142.386,-25.738],[142.4085,-25.738],[142.4415,-25.725],[142.4715,-25.6965],[142.4905,-25.669],[142.5155,-25.644],[142.5345,-25.6375],[142.571,-25.6075],[142.7395,-25.6205],[142.7285,-25.6525],[142.9025,-25.669],[142.885,-25.814],[142.972,-25.8225],[142.984,-25.7175],[143.1985,-25.7375],[143.2105,-25.625],[143.364,-25.6385],[143.3885,-25.647],[143.448,-25.652],[143.454,-25.5975],[143.4175,-25.5945],[143.4415,-25.3685],[143.4745,-25.371],[143.593,-25.282],[143.621,-25.3125],[143.638,-25.3045],[143.7345,-25.3615],[143.7665,-25.4005],[143.8035,-25.486],[143.8225,-25.4845],[143.922,-25.494],[144.001,-25.583],[144.0345,-25.5815],[144.071,-25.558],[144.072,-25.5415],[144.0905,-25.5335],[144.1145,-25.4995],[144.1115,-25.4785],[144.125,-25.4645],[144.1215,-25.443],[144.1505,-25.4335],[144.169,-25.3945],[144.1575,-25.358],[144.2165,-25.2645],[144.225,-25.2555],[144.232,-25.231],[144.196,-25.1655],[144.2005,-25.1555],[144.2535,-25.117],[144.182,-25.0365],[144.15,-25.0605],[144.009,-24.902],[144.0155,-24.8965],[143.966,-24.8455],[143.9445,-24.8295],[143.9285,-24.8415],[143.8945,-24.803],[143.882,-24.8355],[143.821,-24.865],[143.7545,-24.9235],[143.7455,-24.9265],[143.7235,-24.9585],[143.7175,-24.9855],[143.695,-25.0095],[143.664,-25.0165],[143.6105,-24.953],[143.575,-24.9745],[143.579,-24.9905],[143.558,-25.0105],[143.4285,-24.872],[143.4335,-24.8495],[143.5135,-24.79],[143.5145,-24.7775],[143.5705,-24.738],[143.606,-24.7325],[143.5355,-24.6425],[143.7205,-24.508],[143.757,-24.547],[143.7695,-24.446],[143.758,-24.4365],[143.6935,-24.4405],[143.7025,-24.3515],[143.7105,-24.352],[143.7165,-24.307],[143.731,-24.2965],[143.744,-24.1865],[143.63,-24.1755],[143.6365,-24.118],[143.463,-24.1015],[143.4595,-24.1305],[143.376,-24.12],[143.3625,-24.1435],[143.3625,-24.17],[143.343,-24.1965],[143.347,-24.226],[143.302,-24.276],[143.2805,-24.282],[143.1,-24.268],[143.0965,-24.2175],[143.104,-24.138],[143.04,-24.1345],[143.069,-23.8785],[142.934,-23.867],[142.95,-23.708],[142.878,-23.702],[142.788,-23.695],[142.631,-23.677],[142.455,-23.666],[142.457,-23.617],[142.3955,-23.614],[142.3975,-23.586],[142.1595,-23.5705],[142.145,-23.701],[142.1005,-24.095],[142.0525,-24.1335],[142.024,-24.1675],[141.9195,-24.0575],[141.806,-24.155],[141.9645,-24.311],[141.922,-24.3435],[141.93,-24.3525],[141.8635,-24.403],[141.9705,-24.52],[141.956,-24.534],[141.9305,-24.5375],[141.9015,-24.556],[141.8785,-24.56],[141.858,-24.5855],[141.8115,-24.6195],[141.7735,-24.625],[141.763,-24.633],[141.731,-24.6365],[141.523,-24.5835],[141.43,-24.4835],[141.3755,-24.483],[141.361,-24.629],[141.239,-24.725],[141.2425,-24.686],[141.0845,-24.674],[140.9615,-24.6735],[140.8385,-24.669],[140.837,-24.692],[140.8835,-24.695],[140.8745,-24.842],[140.813,-24.8385],[140.8025,-24.986],[140.879,-24.9925],[140.859,-25.2215],[140.726,-25.212],[140.699,-25.205],[140.6765,-25.4645],[140.774,-25.473],[140.8245,-25.5255],[140.8415,-25.4875],[140.8635,-25.4805],[140.8805,-25.466],[140.914,-25.5275],[140.8965,-25.681],[140.9225,-25.6825],[140.921,-25.7145],[140.9375,-25.716],[140.9095,-25.9965]]]},"properties":{"code":"30450","name":"Barcoo"}},
{"type":"Feature","geometry":{"type":"Polygon","coordinates":[[[144.6855,-24.649],[144.6815,-24.679],[144.7165,-24.6825],[144.6985,-24.831],[144.804,-24.8405],[144.796,-24.913],[144.8605,-24.919],[144.8575,-24.947],[144.845,-24.9845],[144.8745,-25.0195],[144.8985,-25.0385],[144.9125,-25.032],[144.96,-25.032],[144.9955,-25.0075],[144.9845,-25.0625],[144.9695,-25.185],[144.939,-25.198],[144.931,-25.213],[144.8695,-25.258],[144.964,-25.263],[144.9835,-25.2685],[145.0615,-25.276],[145.0525,-25.333],[145.1225,-25.34],[145.2835,-25.3585],[145.2715,-25.4525],[145.2535,-25.4505],[145.25,-25.4785],[145.288,-25.483],[145.296,-25.465],[145.326,-25.4465],[145.35,-25.4495],[145.396,-25.4715],[145.407,-25.495],[145.441,-25.4925],[145.4625,-25.5035],[145.55,-25.5095],[145.5385,-25.6035],[145.528,-25.624],[145.508,-25.6225],[145.4925,-25.7465],[145.584,-25.7545],[145.599,-25.739],[145.605,-25.7165],[145.634,-25.6875],[145.638,-25.6595],[145.6605,-25.6415],[145.6655,-25.616],[145.678,-25.609],[145.749,-25.616],[145.7415,-25.674],[145.746,-25.692],[145.92,-25.714],[145.9455,-25.7205],[145.969,-25.701],[145.964,-25.638],[145.968,-25.6355],[145.935,-25.565],[145.942,-25.4995],[145.9385,-25.4875],[145.9765,-25.4875],[145.971,-25.569],[146.0975,-25.583],[146.1725,-25.5885],[146.183,-25.5055],[146.193,-25.498],[146.2105,-25.3915],[146.2005,-25.39],[146.216,-25.2745],[146.3695,-25.291],[146.3655,-25.319],[146.51,-25.335],[146.4955,-25.304],[146.5655,-25.3085],[146.574,-25.2475],[146.568,-25.2395],[146.5755,-25.1745],[146.586,-25.1695],[146.758,-25.188],[146.7385,-25.348],[146.743,-25.3535],[146.844,-25.279],[146.8795,-25.221],[146.8985,-25.208],[146.9385,-25.2095],[146.946,-25.148],[147.001,-25.153],[147.0075,-25.112],[147.0075,-25.075],[147.031,-25.0775],[147.048,-25.0655],[147.0935,-25.069],[147.059,-24.9965],[147.0765,-24.992],[147.097,-25.002],[147.109,-24.9955],[147.1195,-24.9675],[147.1355,-24.9585],[147.159,-24.9655],[147.161,-24.982],[147.1815,-24.993],[147.206,-24.9915],[147.221,-24.9805],[147.238,-24.9865],[147.283,-24.95],[147.2765,-24.9255],[147.2965,-24.896],[147.1365,-24.883],[147.139,-24.849],[147.0895,-24.8465],[147.0915,-24.814],[146.9035,-24.805],[146.8825,-24.7625],[146.9095,-24.744],[146.921,-24.7165],[146.942,-24.7045],[146.935,-24.6775],[146.8995,-24.6465],[146.883,-24.601],[146.857,-24.5935],[146.834,-24.6245],[146.8,-24.6205],[146.78,-24.636],[146.774,-24.663],[146.7405,-24.6505],[146.7375,-24.628],[146.7215,-24.626],[146.6825,-24.606],[146.667,-24.591],[146.681,-24.579],[146.646,-24.5235],[146.64,-24.5],[146.626,-24.494],[146.62,-24.467],[146.588,-24.4415],[146.5505,-24.4395],[146.514,-24.3955],[146.5125,-24.3845],[146.462,-24.375],[146.4265,-24.3515],[146.414,-24.3245],[146.387,-24.308],[146.3925,-24.255],[146.257,-24.242],[146.2625,-24.1985],[146.2545,-24.198],[146.2595,-24.1545],[146.1225,-24.141],[146.142,-23.9735],[146.0565,-23.965],[146.0355,-23.976],[146.0065,-24.014],[145.945,-24.007],[145.956,-23.919],[145.945,-23.916],[145.955,-23.8275],[145.866,-23.8215],[145.772,-23.812],[145.757,-23.9405],[145.7075,-23.935],[145.699,-24.0075],[145.628,-23.9995],[145.6115,-24.015],[145.602,-24.074],[145.637,-24.0785],[145.6275,-24.1535],[145.431,-24.133],[145.429,-24.152],[145.1815,-24.1275],[145.1655,-24.152],[145.012,-24.138],[145.0005,-24.1025],[144.9665,-24.074],[144.9305,-24.0675],[144.9295,-24.05],[144.889,-24.057],[144.8525,-24.032],[144.841,-24.032],[144.8035,-24.067],[144.789,-24.22],[144.7005,-24.21],[144.672,-24.4935],[144.6555,-24.633],[144.6875,-24.636],[144.6855,-24.649]]]},"properties":{"code":"30760","name":"Blackall Tambo"}},
{"type":"Feature","geometry":{"type":"Polygon","coordinates":[[[137.9985,-23.521],[138.4645,-23.555],[138.592,-23.4625],[138.669,-23.54],[138.8255,-23.5455],[138.921,-23.4765],[138.8995,-23.4485],[139.0765,-23.307],[139.1225,-23.352],[139.175,-23.31],[139.339,-23.474],[139.2955,-23.51],[139.476,-23.521],[139.4635,-23.6715],[139.636,-23.679],[139.8925,-23.6935],[139.8775,-23.672],[139.8625,-23.6295],[139.8895,-23.614],[139.936,-23.577],[139.9305,-23.548],[139.938,-23.487],[140.1545,-23.5055],[140.3555,-23.526],[140.342,-23.4185],[140.413,-23.346],[140.5725,-23.2315],[140.6625,-23.1575],[140.7195,-23.1885],[140.7595,-23.223],[140.8295,-23.17],[140.822,-23.1615],[140.947,-23.068],[140.9245,-23.0445],[141.0465,-22.9475],[141.0225,-22.9235],[140.989,-22.913],[140.999,-22.8985],[141.1225,-22.8045],[141.1145,-22.7745],[141.123,-22.749],[141.1175,-22.7025],[141.103,-22.69],[141.091,-22.618],[141.134,-22.6215],[141.1455,-22.6335],[141.199,-22.5975],[141.0795,-22.4655],[141.246,-22.3355],[141.2535,-22.3215],[141.183,-22.2495],[140.925,-22.235],[140.929,-22.1815],[140.887,-22.1645],[140.843,-22.162],[140.823,-22.1985],[140.7875,-22.248],[140.7775,-22.252],[140.7605,-22.289],[140.7345,-22.321],[140.707,-22.335],[140.6385,-22.255],[140.6525,-22.244],[140.6195,-22.2095],[140.5645,-22.1695],[140.5315,-22.1355],[140.4145,-22.234],[140.37,-22.2905],[140.367,-22.374],[140.2585,-22.367],[140.258,-22.339],[140.041,-22.327],[140.0605,-22.286],[140.0625,-22.2545],[139.885,-22.243],[139.8415,-22.171],[139.758,-22.163],[139.7505,-22.2285],[139.628,-22.2205],[139.623,-22.2905],[139.4905,-22.2815],[139.4925,-22.242],[139.3895,-22.234],[139.4945,-22.1445],[139.3175,-21.9865],[139.3525,-21.9585],[139.268,-21.872],[139.323,-21.726],[139.2325,-21.6325],[139.242,-21.5405],[139.2365,-21.5025],[139.374,-21.3945],[139.377,-21.2725],[139.5355,-21.276],[139.5415,-21.1625],[139.553,-21.0305],[139.5535,-20.901],[139.475,-20.899],[139.3955,-20.893],[139.4005,-20.9375],[139.3965,-20.9675],[139.129,-20.96],[139.041,-20.8645],[138.9865,-20.9085],[138.9905,-20.913],[138.8885,-20.9985],[138.744,-21.1235],[138.685,-21.147],[138.53,-21.315],[138.49,-21.313],[138.364,-21.1765],[138.4195,-21.1295],[138.3155,-21.021],[138.3425,-20.9985],[138.178,-20.9985],[138.16,-21.2035],[137.997,-21.1945],[137.997,-21.493],[137.9975,-21.929],[137.998,-22.612],[137.998,-22.7865],[137.9985,-23.0625],[137.9985,-23.521]]]},"properties":{"code":"30900","name":"Boulia"}},
{"type":"Feature","geometry":{"type":"MultiPolygon","coordinates":[[[[152.7485,-27.319],[152.7195,-27.3235],[152.684,-27.349],[152.708,-27.352],[152.737,-27.3735],[152.747,-27.407],[152.747,-27.443],[152.738,-27.4645],[152.7425,-27.48],[152.73,-27.4955],[152.744,-27.514],[152.74,-27.5615],[152.767,-27.556],[152.809,-27.5575],[152.8525,-27.5425],[152.849,-27.5645],[152.889,-27.5905],[152.906,-27.5435],[152.922,-27.5425],[152.9275,-27.5295],[152.9295,-27.5275],[152.9385,-27.5255],[152.9595,-27.5325],[152.966,-27.515],[152.9705,-27.5045],[152.977,-27.506],[153.011,-27.469],[153.0515,-27.464],[153.0465,-27.443],[153.0835,-27.4455],[153.11,-27.44],[153.145,-27.41],[153.1585,-27.38],[153.1385,-27.361],[153.0825,-27.3335],[153.067,-27.3085],[153.066,-27.2815],[153.041,-27.2795],[153.0145,-27.2885],[152.994,-27.334],[152.979,-27.348],[152.984,-27.3845],[152.9495,-27.4085],[152.928,-27.3945],[152.897,-27.4175],[152.8725,-27.414],[152.861,-27.4225],[152.837,-27.419],[152.814,-27.402],[152.7755,-27.4015],[152.7625,-27.372],[152.7675,-27.335],[152.7485,-27.319]]],[[[153.2355,-27.3375],[153.254,-27.3505],[153.267,-27.3315],[153.247,-27.321],[153.2355,-27.3375]]],[[[153.3685,-27.1545],[153.372,-27.181],[153.3655,-27.201],[153.377,-27.2355],[153.3975,-27.273],[153.422,-27.333],[153.4345,-27.318],[153.424,-27.303],[153.4175,-27.2745],[153.418,-27.2165],[153.424,-27.1725],[153.445,-27.092],[153.4685,-27.0285],[153.4545,-27.0235],[153.412,-27.0395],[153.3895,-27.043],[153.3615,-27.061],[153.3695,-27.11],[153.3615,-27.1345],[153.3685,-27.1545]]],[[[152.901,-27.603],[152.9205,-27.6055],[152.9415,-27.6265],[152.997,-27.654],[153.0375,-27.6605],[153.0955,-27.645],[153.106,-27.593],[153.1235,-27.5875],[153.156,-27.592],[153.176,-27.6065],[153.186,-27.498],[153.197,-27.474],[153.1695,-27.426],[153.1795,-27.3855],[153.202,-27.353],[153.189,-27.3455],[153.1565,-27.3925],[153.1425,-27.4215],[153.114,-27.441],[153.0905,-27.45],[153.0505,-27.445],[153.0575,-27.468],[153.03,-27.482],[153.014,-27.47],[152.996,-27.4875],[153.006,-27.506],[152.9945,-27.524],[152.9725,-27.506],[152.968,-27.5155],[152.975,-27.5395],[152.9455,-27.528],[152.9295,-27.5285],[152.922,-27.543],[152.9065,-27.544],[152.8955,-27.575],[152.901,-27.603]]]]},"properties":{"code":"31000","name":"Brisbane"}},
{"type":"Feature","geometry":{"type":"Polygon","coordinates":[[[140.9995,-28.999],[141.2,-28.999],[141.591,-28.999],[142,-28.999],[142.3,-28.999],[142.6,-28.999],[143.001,-28.999],[143.4,-28.999],[143.7505,-28.999],[144.1,-28.999],[144.393,-28.999],[144.4805,-28.999],[144.463,-28.948],[144.4945,-28.9305],[144.5825,-28.9075],[144.587,-28.8625],[144.634,-28.8115],[144.691,-28.791],[144.612,-28.74],[144.641,-28.723],[144.6685,-28.5805],[144.596,-28.5675],[144.628,-28.425],[144.6345,-28.4225],[144.644,-28.3555],[144.563,-28.3465],[144.5735,-28.2695],[144.5875,-28.2635],[144.726,-28.2785],[144.819,-28.2905],[144.83,-28.217],[144.775,-28.211],[144.78,-28.1735],[144.635,-28.16],[144.6495,-28.056],[144.5915,-28.05],[144.601,-27.974],[144.4205,-27.9555],[144.4225,-27.9395],[144.2925,-27.926],[144.308,-27.8865],[144.3165,-27.846],[144.296,-27.844],[144.322,-27.652],[144.124,-27.6415],[143.9685,-27.627],[143.8355,-27.456],[143.7195,-27.3685],[143.7205,-27.3985],[143.5805,-27.38],[143.5865,-27.3235],[143.515,-27.3165],[143.5175,-27.2955],[143.394,-27.283],[143.3875,-27.2955],[143.3205,-27.2895],[143.322,-27.2755],[143.158,-27.262],[142.866,-27.234],[142.883,-27.1585],[142.888,-27.117],[142.8555,-27.1135],[142.6915,-26.9915],[142.422,-26.79],[142.362,-26.7835],[142.2595,-26.7915],[142.2525,-26.7855],[142.054,-26.765],[141.9975,-26.766],[141.826,-26.7475],[141.726,-26.734],[141.584,-26.722],[141.5435,-26.6765],[141.396,-26.6625],[141.219,-26.663],[141.2145,-26.704],[141.1335,-26.6965],[141.123,-26.775],[140.9995,-26.762],[140.9995,-27.1905],[140.9995,-27.8745],[140.9995,-28.363],[140.9995,-28.999]]]},"properties":{"code":"31750","name":"Bulloo"}},
{"type":"Feature","geometry":{"type":"Polygon","coordinates":[[[152.046,-24.527],[151.9985,-24.5155],[151.969,-24.58],[151.9885,-24.5915],[151.9855,-24.6115],[151.966,-24.6245],[151.959,-24.64],[151.984,-24.6445],[151.9945,-24.6565],[151.991,-24.681],[151.9605,-24.6765],[151.9625,-24.701],[151.932,-24.708],[151.923,-24.7385],[151.8905,-24.746],[151.884,-24.7685],[151.849,-24.7865],[151.8145,-24.766],[151.7985,-24.7445],[151.751,-24.736],[151.7435,-24.7655],[151.7205,-24.736],[151.677,-24.6955],[151.645,-24.7145],[151.617,-24.711],[151.5935,-24.7],[151.569,-24.71],[151.5525,-24.6985],[151.531,-24.6965],[151.5145,-24.67],[151.5325,-24.6605],[151.5425,-24.6175],[151.524,-24.6],[151.505,-24.5935],[151.4905,-24.566],[151.4865,-24.541],[151.4705,-24.5365],[151.4635,-24.56],[151.433,-24.5915],[151.4105,-24.5965],[151.407,-24.6155],[151.374,-24.61],[151.342,-24.6495],[151.3525,-24.6835],[151.3455,-24.726],[151.412,-24.695],[151.4245,-24.698],[151.4405,-24.729],[151.453,-24.7755],[151.428,-24.7805],[151.426,-24.8145],[151.4335,-24.8355],[151.451,-24.846],[151.4905,-24.8505],[151.5455,-24.8325],[151.576,-24.8835],[151.567,-24.9375],[151.5305,-24.9455],[151.524,-24.963],[151.5305,-24.9815],[151.556,-25.0095],[151.5565,-25.0475],[151.564,-25.0535],[151.5445,-25.096],[151.571,-25.1025],[151.59,-25.0985],[151.622,-25.1125],[151.6495,-25.116],[151.653,-25.0915],[151.7005,-25.093],[151.743,-25.074],[151.7735,-25.1105],[151.7835,-25.1155],[151.786,-25.1565],[151.8275,-25.1825],[151.8485,-25.1835],[151.8485,-25.16],[151.86,-25.1425],[151.878,-25.1525],[151.902,-25.1415],[151.924,-25.159],[151.8975,-25.2105],[151.9035,-25.229],[151.8815,-25.2435],[151.8805,-25.276],[151.865,-25.3055],[151.861,-25.337],[151.8785,-25.3565],[151.916,-25.3545],[151.9475,-25.296],[151.9735,-25.2795],[152.0035,-25.293],[152.0255,-25.273],[152.049,-25.2875],[152.076,-25.3205],[152.0905,-25.3135],[152.106,-25.328],[152.167,-25.336],[152.1705,-25.3655],[152.1995,-25.3945],[152.2185,-25.3875],[152.234,-25.4],[152.254,-25.402],[152.2735,-25.4315],[152.2985,-25.41],[152.32,-25.4075],[152.3345,-25.3825],[152.3545,-25.366],[152.3845,-25.356],[152.406,-25.3345],[152.4155,-25.2905],[152.4505,-25.2285],[152.467,-25.2155],[152.495,-25.2095],[152.5245,-25.215],[152.548,-25.205],[152.543,-25.1855],[152.578,-25.167],[152.615,-25.1735],[152.633,-25.152],[152.577,-25.119],[152.5605,-25.102],[152.5405,-25.0605],[152.514,-25.023],[152.4915,-24.9805],[152.4855,-24.946],[152.4945,-24.9165],[152.479,-24.8405],[152.456,-24.8025],[152.421,-24.7755],[152.4135,-24.758],[152.3775,-24.731],[152.3535,-24.741],[152.297,-24.7235],[152.25,-24.695],[152.2325,-24.676],[152.2,-24.6535],[152.1545,-24.6315],[152.0985,-24.5735],[152.06,-24.518],[152.046,-24.527]]]},"properties":{"code":"31820","name":"Bundaberg"}},
{"type":"Feature","geometry":{"type":"Polygon","coordinates":[[[146.93,-19.783],[146.923,-19.859],[146.9285,-19.8665],[146.9165,-19.8975],[146.8835,-19.894],[146.93,-19.9755],[146.912,-20.009],[146.8895,-20.0145],[146.885,-20.0355],[146.9045,-20.051],[146.903,-20.0675],[146.934,-20.071],[146.9565,-20.087],[146.974,-20.123],[147.015,-20.142],[147.0015,-20.1645],[147.0025,-20.195],[147.0325,-20.186],[147.0505,-20.1715],[147.088,-20.2],[147.116,-20.239],[147.12,-20.2635],[147.1435,-20.2775],[147.175,-20.3095],[147.191,-20.3395],[147.195,-20.372],[147.217,-20.3835],[147.3475,-20.397],[147.321,-20.3715],[147.3005,-20.3215],[147.3,-20.3055],[147.3115,-20.262],[147.3085,-20.2155],[147.2945,-20.161],[147.275,-20.126],[147.294,-20.0645],[147.2735,-20.0285],[147.3005,-20.0145],[147.3025,-20.033],[147.321,-20.053],[147.3605,-20.059],[147.3875,-20.0685],[147.3915,-20.088],[147.467,-20.096],[147.4915,-19.8715],[147.51,-19.8735],[147.5085,-19.851],[147.5375,-19.833],[147.536,-19.816],[147.5765,-19.8025],[147.602,-19.7995],[147.6635,-19.811],[147.6305,-19.788],[147.6015,-19.7575],[147.587,-19.725],[147.602,-19.6905],[147.6155,-19.673],[147.5985,-19.645],[147.5855,-19.6485],[147.565,-19.563],[147.5465,-19.527],[147.487,-19.4655],[147.4745,-19.433],[147.463,-19.3865],[147.441,-19.421],[147.4105,-19.426],[147.3885,-19.4175],[147.3605,-19.4195],[147.304,-19.4075],[147.282,-19.421],[147.247,-19.4325],[147.2345,-19.4185],[147.2155,-19.4235],[147.185,-19.412],[147.1345,-19.407],[147.1195,-19.411],[147.111,-19.4435],[147.043,-19.4295],[147.0365,-19.472],[147.0125,-19.475],[147.0105,-19.492],[147.031,-19.5205],[147.0305,-19.5525],[147.021,-19.5785],[147.003,-19.5965],[147.0305,-19.625],[147.0205,-19.714],[146.9865,-19.7615],[146.9685,-19.7625],[146.9575,-19.775],[146.93,-19.783]]]},"properties":{"code":"31900","name":"Burdekin"}},
{"type":"Feature","geometry":{"type":"Polygon","coordinates":[[[137.9955,-18.1785],[138.2375,-18.1945],[138.213,-18.499],[138.1925,-18.7775],[138.316,-18.7845],[138.3125,-18.818],[138.4745,-18.825],[138.529,-18.882],[138.605,-18.817],[138.6285,-18.8405],[138.6855,-18.841],[138.734,-18.7515],[138.719,-18.7285],[138.76,-18.687],[138.7685,-18.673],[138.916,-18.8305],[138.987,-18.7695],[139.077,-18.867],[139.02,-18.8845],[138.987,-18.907],[139.0485,-18.9645],[139.157,-18.875],[139.224,-18.915],[139.184,-18.976],[139.196,-18.983],[139.158,-19.041],[139.188,-19.0825],[139.2085,-19.0845],[139.205,-19.1395],[139.551,-19.1665],[139.5415,-19.2935],[139.516,-19.292],[139.5145,-19.438],[139.785,-19.46],[139.7775,-19.5785],[139.8855,-19.5845],[139.887,-19.554],[140.0665,-19.567],[140.074,-19.525],[140.041,-19.4525],[140.045,-19.4395],[140.03,-19.4095],[140.041,-19.375],[140.0265,-19.363],[140.0285,-19.344],[140.0055,-19.3295],[140.003,-19.29],[140.016,-19.277],[139.9925,-19.2415],[139.97,-19.22],[139.957,-19.1935],[139.9575,-19.162],[139.9335,-19.148],[139.931,-19.114],[139.94,-19.0915],[139.9415,-19.0555],[139.9315,-19.032],[139.9115,-19.0265],[139.8805,-18.996],[139.89,-18.98],[139.859,-18.968],[139.851,-18.946],[139.8255,-18.934],[139.824,-18.915],[139.805,-18.8945],[139.82,-18.8835],[139.819,-18.861],[139.797,-18.8455],[139.8005,-18.829],[139.778,-18.798],[139.7805,-18.7775],[139.7645,-18.763],[139.7795,-18.745],[139.784,-18.7165],[139.764,-18.6985],[139.7755,-18.668],[139.8045,-18.6405],[139.8055,-18.624],[139.835,-18.594],[139.845,-18.574],[139.8475,-18.5235],[139.865,-18.502],[139.8775,-18.4215],[139.873,-18.379],[139.88,-18.3535],[139.868,-18.32],[139.8785,-18.3055],[139.8765,-18.2645],[139.885,-18.247],[139.878,-18.2185],[139.894,-18.196],[139.8805,-18.1745],[139.8865,-18.156],[139.8465,-18.1165],[139.845,-18.0885],[139.816,-18.06],[139.819,-18.03],[139.8145,-17.977],[139.7895,-17.958],[139.812,-17.9465],[139.8175,-17.9335],[139.7835,-17.909],[139.759,-17.9215],[139.751,-17.912],[139.773,-17.8725],[139.7675,-17.8585],[139.7465,-17.8485],[139.763,-17.824],[139.757,-17.7965],[139.7755,-17.785],[139.7845,-17.7625],[139.773,-17.7495],[139.7935,-17.7125],[139.7795,-17.6945],[139.815,-17.683],[139.7865,-17.6715],[139.7765,-17.6445],[139.8185,-17.637],[139.812,-17.613],[139.7945,-17.6045],[139.794,-17.5795],[139.7525,-17.576],[139.718,-17.548],[139.6505,-17.537],[139.6155,-17.517],[139.592,-17.4835],[139.548,-17.467],[139.532,-17.439],[139.5125,-17.4305],[139.477,-17.401],[139.4175,-17.3745],[139.3415,-17.3745],[139.3095,-17.3625],[139.2375,-17.32],[139.208,-17.282],[139.1715,-17.2095],[139.155,-17.164],[139.141,-17.073],[139.158,-17.03],[139.1095,-17.0095],[139.086,-17.0115],[139.08,-17.0905],[138.8705,-16.939],[138.875,-16.8755],[138.837,-16.864],[138.823,-16.853],[138.786,-16.8435],[138.7525,-16.8265],[138.674,-16.7965],[138.6555,-16.777],[138.6265,-16.768],[138.607,-16.7745],[138.54,-16.782],[138.494,-16.7795],[138.477,-16.7835],[138.4505,-16.773],[138.428,-16.7775],[138.3715,-16.743],[138.3335,-16.7385],[138.315,-16.743],[138.289,-16.7335],[138.2665,-16.7175],[138.195,-16.6965],[138.154,-16.668],[138.1165,-16.648],[138.06,-16.598],[138.042,-16.574],[137.9945,-16.5385],[137.995,-17.155],[137.995,-17.6115],[137.9955,-18.1785]],[[138.878,-18.0185],[138.851,-18.003],[138.8575,-17.973],[138.8515,-17.959],[138.8,-17.9335],[138.75,-17.933],[138.7185,-17.928],[138.674,-17.9025],[138.6325,-17.8965],[138.6015,-17.8995],[138.585,-17.894],[138.591,-17.7545],[138.6005,-17.4695],[138.738,-17.471],[138.751,-17.485],[138.8355,-17.521],[138.9025,-17.526],[138.8865,-17.841],[138.878,-18.0185]]]},"properties":{"code":"31950","name":"Burke"}},
{"type":"Feature","geometry":{"type":"Polygon","coordinates":[[[145.835,-17.4975],[145.8605,-17.506],[145.8935,-17.4895],[145.9035,-17.4765],[145.9215,-17.5005],[145.947,-17.4935],[145.9555,-17.4455],[146.0365,-17.4495],[146.047,-17.4225],[146.0725,-17.4035],[146.073,-17.394],[146.047,-17.38],[146.021,-17.347],[146.009,-17.323],[145.9955,-17.2735],[145.9735,-17.246],[145.9645,-17.203],[145.9645,-17.1705],[145.9245,-17.1655],[145.9115,-17.133],[145.8825,-17.0935],[145.856,-17.033],[145.853,-17.0035],[145.8655,-16.951],[145.849,-16.9305],[145.8545,-16.919],[145.837,-16.898],[145.8535,-16.8795],[145.84,-16.878],[145.823,-16.899],[145.7955,-16.9095],[145.781,-16.9225],[145.765,-16.9075],[145.775,-16.87],[145.7445,-16.8445],[145.722,-16.8005],[145.6855,-16.778],[145.674,-16.76],[145.672,-16.739],[145.653,-16.7305],[145.629,-16.7055],[145.617,-16.716],[145.6315,-16.7245],[145.649,-16.7615],[145.654,-16.803],[145.666,-16.82],[145.66,-16.846],[145.649,-16.8575],[145.654,-16.875],[145.6735,-16.894],[145.65,-16.9455],[145.6515,-16.9775],[145.6305,-17.0045],[145.6355,-17.032],[145.615,-17.049],[145.6325,-17.0725],[145.6225,-17.0895],[145.6525,-17.1245],[145.6705,-17.1715],[145.7045,-17.1745],[145.704,-17.212],[145.7205,-17.232],[145.7565,-17.2485],[145.7725,-17.2475],[145.7855,-17.2795],[145.8005,-17.2965],[145.7875,-17.3215],[145.781,-17.3535],[145.821,-17.394],[145.8235,-17.421],[145.84,-17.454],[145.835,-17.4975]]]},"properties":{"code":"32080","name":"Cairns"}},
{"type":"Feature","geometry":{"type":"Polygon","coordinates":[[[139.794,-17.5795],[139.7945,-17.6045],[139.812,-17.613],[139.8185,-17.637],[139.7765,-17.6445],[139.7865,-17.6715],[139.815,-17.683],[139.7795,-17.6945],[139.7935,-17.7125],[139.773,-17.7495],[139.7845,-17.7625],[139.7755,-17.785],[139.757,-17.7965],[139.763,-17.824],[139.7465,-17.8485],[139.7675,-17.8585],[139.773,-17.8725],[139.751,-17.912],[139.759,-17.9215],[139.7835,-17.909],[139.8175,-17.9335],[139.812,-17.9465],[139.7895,-17.958],[139.8145,-17.977],[139.819,-18.03],[139.816,-18.06],[139.845,-18.0885],[139.8465,-18.1165],[139.8865,-18.156],[139.8805,-18.1745],[139.894,-18.196],[139.878,-18.2185],[139.885,-18.247],[139.8765,-18.2645],[139.8785,-18.3055],[139.868,-18.32],[139.88,-18.3535],[139.873,-18.379],[139.8775,-18.4215],[139.865,-18.502],[139.8475,-18.5235],[139.845,-18.574],[139.835,-18.594],[139.8055,-18.624],[139.8045,-18.6405],[139.7755,-18.668],[139.764,-18.6985],[139.784,-18.7165],[139.7795,-18.745],[139.7645,-18.763],[139.7805,-18.7775],[139.778,-18.798],[139.8005,-18.829],[139.797,-18.8455],[139.819,-18.861],[139.82,-18.8835],[139.805,-18.8945],[139.824,-18.915],[139.8255,-18.934],[139.851,-18.946],[139.859,-18.968],[139.89,-18.98],[139.8805,-18.996],[139.9115,-19.0265],[139.998,-19.0325],[139.999,-19.0235],[140.306,-19.045],[140.3025,-19.0875],[140.5095,-19.1015],[140.515,-19.0485],[140.6335,-19.0565],[140.67,-19.0985],[140.711,-19.0665],[140.8175,-19.1875],[140.9065,-19.1165],[140.9215,-19.1355],[141.1065,-19.148],[141.0955,-19.199],[141.3095,-19.2255],[141.359,-19.239],[141.4185,-19.243],[141.4115,-19.3135],[141.6105,-19.331],[141.6415,-19.307],[141.6815,-19.3285],[141.692,-19.3575],[141.753,-19.305],[141.8105,-19.369],[141.908,-19.372],[141.9045,-19.4105],[142.0365,-19.422],[142.0345,-19.4425],[142.1595,-19.455],[142.168,-19.383],[142.3745,-19.4],[142.401,-19.1225],[142.348,-19.119],[142.346,-19.147],[142.2365,-19.136],[142.235,-19.1495],[142.1595,-19.142],[142.1765,-18.972],[142.129,-18.9695],[142.1265,-18.9935],[141.9415,-18.9785],[141.931,-19.0895],[141.7715,-19.078],[141.7615,-19.192],[141.7445,-19.1915],[141.7155,-19.179],[141.6965,-19.1595],[141.636,-19.1555],[141.6155,-19.1425],[141.62,-19.1145],[141.636,-18.967],[141.668,-18.9695],[141.692,-18.7135],[141.6225,-18.7075],[141.364,-18.6815],[141.37,-18.6255],[141.315,-18.6205],[141.303,-18.6055],[141.2915,-18.5665],[141.285,-18.5055],[141.2975,-18.4995],[141.294,-18.4675],[141.305,-18.448],[141.3005,-18.4265],[141.2805,-18.416],[141.2815,-18.391],[141.2545,-18.364],[141.2385,-18.3365],[141.223,-18.33],[141.2185,-18.292],[141.181,-18.2135],[141.138,-18.189],[141.143,-18.157],[141.132,-18.123],[141.1445,-18.1135],[141.1915,-18.1195],[141.2,-18.0155],[141.284,-18.023],[141.2815,-18.0465],[141.395,-18.057],[141.4,-18.004],[141.3885,-18.0065],[141.393,-17.935],[141.466,-17.939],[141.468,-17.9105],[141.3045,-17.899],[141.317,-17.7365],[141.3575,-17.744],[141.362,-17.7555],[141.3935,-17.753],[141.404,-17.7635],[141.433,-17.7495],[141.438,-17.68],[141.378,-17.6765],[141.382,-17.608],[141.4065,-17.61],[141.4215,-17.444],[141.5725,-17.4585],[141.5765,-17.4205],[141.7285,-17.433],[141.7255,-17.4695],[141.8365,-17.4825],[141.7855,-17.4225],[141.8975,-17.331],[142.0125,-17.471],[142.058,-17.4345],[142.1785,-17.566],[142.265,-17.494],[142.267,-17.492],[142.246,-17.462],[142.221,-17.4445],[142.175,-17.4325],[142.3405,-17.286],[142.4015,-17.3555],[142.5405,-17.1755],[142.522,-17.1755],[142.4615,-17.1225],[142.456,-17.1085],[142.4215,-17.0875],[142.508,-16.972],[142.5465,-16.558],[142.596,-16.1905],[142.637,-16.1325],[142.699,-16.173],[142.742,-16.112],[142.711,-16.0795],[142.68,-16.0695],[142.649,-16.05],[142.622,-16.017],[142.6305,-15.9545],[142.696,-15.8965],[142.7045,-15.7505],[142.77,-15.7545],[142.78,-15.613],[142.881,-15.621],[142.893,-15.478],[142.9495,-15.4825],[142.9615,-15.341],[142.664,-15.3145],[142.65,-15.4605],[142.24,-15.423],[142.093,-15.1905],[142.0245,-15.379],[141.9685,-15.3555],[141.94,-15.3975],[141.9955,-15.4535],[141.9725,-15.569],[141.639,-15.541],[141.604,-15.5355],[141.593,-15.5205],[141.556,-15.531],[141.5355,-15.507],[141.507,-15.5145],[141.485,-15.499],[141.469,-15.5325],[141.4485,-15.609],[141.424,-15.7265],[141.4155,-15.838],[141.4095,-15.8715],[141.393,-15.913],[141.3735,-15.917],[141.3925,-15.951],[141.4105,-16.026],[141.4305,-16.062],[141.422,-16.105],[141.4005,-16.1435],[141.354,-16.214],[141.3465,-16.23],[141.3435,-16.2705],[141.3175,-16.3525],[141.287,-16.4255],[141.305,-16.46],[141.2965,-16.496],[141.274,-16.5425],[141.255,-16.555],[141.233,-16.588],[141.221,-16.656],[141.2045,-16.692],[141.1845,-16.7205],[141.141,-16.769],[141.1145,-16.7915],[141.0805,-16.8065],[141.0785,-16.8365],[141.065,-16.87],[141.011,-16.9405],[140.9735,-16.97],[140.958,-16.998],[140.947,-17.0405],[140.957,-17.091],[140.9455,-17.1585],[140.913,-17.232],[140.907,-17.289],[140.9,-17.301],[140.8935,-17.3495],[140.8795,-17.3855],[140.8275,-17.4585],[140.7695,-17.4775],[140.7355,-17.512],[140.71,-17.51],[140.671,-17.5365],[140.6305,-17.575],[140.588,-17.597],[140.566,-17.6015],[140.5165,-17.6305],[140.462,-17.649],[140.448,-17.6415],[140.4135,-17.664],[140.378,-17.6795],[140.309,-17.689],[140.2195,-17.706],[140.207,-17.7025],[140.0935,-17.7225],[140.019,-17.718],[139.983,-17.705],[139.9525,-17.678],[139.941,-17.66],[139.9415,-17.6375],[139.9235,-17.6235],[139.8775,-17.6095],[139.847,-17.596],[139.822,-17.5705],[139.794,-17.5795]]]},"properties":{"code":"32250","name":"Carpentaria"}},
{"type":"Feature","geometry":{"type":"MultiPolygon","coordinates":[[[[145.835,-17.4975],[145.834,-17.5085],[145.716,-17.497],[145.7215,-17.5215],[145.74,-17.551],[145.7075,-17.557],[145.6975,-17.652],[145.692,-17.6635],[145.661,-17.6785],[145.641,-17.707],[145.6515,-17.727],[145.577,-17.741],[145.5725,-17.783],[145.642,-17.8025],[145.658,-17.82],[145.652,-17.8365],[145.6555,-17.864],[145.672,-17.87],[145.685,-17.9025],[145.686,-17.9255],[145.674,-17.948],[145.66,-17.9485],[145.6255,-18.0005],[145.623,-18.021],[145.6495,-18.0275],[145.642,-18.0815],[145.6675,-18.103],[145.6895,-18.092],[145.7075,-18.1105],[145.6985,-18.1505],[145.685,-18.1685],[145.706,-18.1765],[145.735,-18.157],[145.7515,-18.1565],[145.7845,-18.181],[145.78,-18.1995],[145.807,-18.247],[145.8005,-18.264],[145.815,-18.2855],[145.8095,-18.3045],[145.7865,-18.304],[145.718,-18.357],[145.7435,-18.373],[145.7575,-18.396],[145.769,-18.3995],[145.807,-18.386],[145.8255,-18.407],[145.8795,-18.4075],[145.9295,-18.3695],[145.9475,-18.3645],[145.962,-18.3945],[145.9835,-18.397],[146.0365,-18.388],[146.074,-18.4035],[146.085,-18.401],[146.1015,-18.4325],[146.1045,-18.4535],[146.1215,-18.508],[146.1835,-18.5325],[146.207,-18.5165],[146.23,-18.4895],[146.215,-18.4725],[146.1895,-18.474],[146.193,-18.445],[146.1705,-18.448],[146.159,-18.397],[146.1365,-18.368],[146.103,-18.3485],[146.0495,-18.2825],[146.0265,-18.2625],[146.018,-18.2355],[146.0075,-18.173],[146.008,-18.1205],[146.03,-18.0835],[146.038,-18.051],[146.0565,-18.0275],[146.0725,-17.995],[146.0925,-17.975],[146.1005,-17.888],[146.1145,-17.8575],[146.1,-17.831],[146.106,-17.8175],[146.092,-17.804],[146.0955,-17.788],[146.1125,-17.771],[146.1045,-17.728],[146.1135,-17.693],[146.1315,-17.664],[146.149,-17.6485],[146.136,-17.607],[146.1155,-17.5785],[146.091,-17.5595],[146.0695,-17.5225],[146.078,-17.478],[146.0645,-17.4465],[146.0725,-17.4035],[146.047,-17.4225],[146.0365,-17.4495],[145.9555,-17.4455],[145.947,-17.4935],[145.9215,-17.5005],[145.9035,-17.4765],[145.8935,-17.4895],[145.8605,-17.506],[145.835,-17.4975]]],[[[146.157,-18.177],[146.176,-18.181],[146.182,-18.157],[146.1605,-18.152],[146.157,-18.177]]],[[[146.247,-18.2955],[146.1965,-18.278],[146.1655,-18.2615],[146.1485,-18.245],[146.108,-18.2335],[146.0705,-18.2475],[146.1005,-18.284],[146.12,-18.299],[146.1515,-18.313],[146.1765,-18.3545],[146.2015,-18.3825],[146.2075,-18.4045],[146.201,-18.4375],[146.222,-18.477],[146.2505,-18.489],[146.2895,-18.4875],[146.305,-18.4935],[146.3265,-18.485],[146.3285,-18.448],[146.3535,-18.4165],[146.3385,-18.4105],[146.339,-18.384],[146.3315,-18.3625],[146.306,-18.355],[146.29,-18.3255],[146.2755,-18.3175],[146.276,-18.301],[146.2965,-18.2495],[146.2925,-18.236],[146.2505,-18.237],[146.221,-18.228],[146.2335,-18.2535],[146.2305,-18.2725],[146.247,-18.2955]]],[[[146.172,-17.965],[146.173,-17.946],[146.1465,-17.9265],[146.1385,-17.938],[146.172,-17.965]]]]},"properties":{"code":"32260","name":"Cassowary Coast"}},
{"type":"Feature","geometry":{"type":"Polygon","coordinates":[[[147.2865,-23.351],[147.265,-23.384],[147.26,-23.438],[147.2505,-23.4475],[147.2605,-23.4695],[147.2735,-23.4695],[147.284,-23.525],[147.2745,-23.535],[147.2345,-23.552],[147.2215,-23.5505],[147.212,-23.576],[147.218,-23.5955],[147.2,-23.606],[147.2005,-23.6545],[147.2095,-23.676],[147.1955,-23.6845],[147.2005,-23.727],[147.195,-23.7455],[147.2,-23.7735],[147.2295,-23.7875],[147.237,-23.8105],[147.2275,-23.832],[147.239,-23.8625],[147.2335,-23.8815],[147.241,-23.903],[147.2035,-23.94],[147.181,-23.9415],[147.169,-23.9555],[147.1835,-24.0065],[147.1865,-24.036],[147.174,-24.06],[147.1835,-24.0855],[147.1565,-24.0925],[147.1415,-24.0855],[147.1105,-24.0935],[147.0735,-24.1175],[147.0505,-24.1185],[147.0285,-24.1405],[146.99,-24.1615],[146.957,-24.17],[146.9535,-24.207],[146.928,-24.2535],[146.923,-24.2945],[146.8995,-24.3285],[146.8735,-24.3375],[146.864,-24.369],[146.8145,-24.3765],[146.805,-24.405],[146.791,-24.41],[146.7595,-24.4035],[146.7295,-24.4185],[146.7125,-24.3775],[146.6905,-24.375],[146.6635,-24.401],[146.6415,-24.399],[146.596,-24.417],[146.588,-24.4415],[146.62,-24.467],[146.626,-24.494],[146.64,-24.5],[146.646,-24.5235],[146.681,-24.579],[146.667,-24.591],[146.6825,-24.606],[146.7215,-24.626],[146.7375,-24.628],[146.7405,-24.6505],[146.774,-24.663],[146.78,-24.636],[146.8,-24.6205],[146.834,-24.6245],[146.857,-24.5935],[146.883,-24.601],[146.8995,-24.6465],[146.935,-24.6775],[146.942,-24.7045],[146.921,-24.7165],[146.9095,-24.744],[146.8825,-24.7625],[146.9035,-24.805],[147.0915,-24.814],[147.0895,-24.8465],[147.139,-24.849],[147.1365,-24.883],[147.2965,-24.896],[147.3185,-24.8725],[147.37,-24.877],[147.381,-24.871],[147.4195,-24.8815],[147.486,-24.876],[147.4965,-24.847],[147.5425,-24.8175],[147.5605,-24.8345],[147.5785,-24.836],[147.592,-24.818],[147.6475,-24.797],[147.6445,-24.777],[147.702,-24.7605],[147.7305,-24.733],[147.763,-24.729],[147.8245,-24.735],[147.828,-24.752],[147.854,-24.7795],[147.886,-24.794],[147.9195,-24.825],[147.916,-24.846],[147.938,-24.8615],[147.952,-24.883],[147.973,-24.8815],[147.995,-24.8995],[148.0135,-24.8985],[148.0295,-24.9115],[148.0575,-24.9155],[148.0755,-24.943],[148.076,-24.976],[148.085,-25.002],[148.099,-25.0185],[148.1165,-25.023],[148.1345,-25.0435],[148.1605,-25.084],[148.1815,-25.0795],[148.2135,-25.0865],[148.2345,-25.1005],[148.236,-25.1145],[148.276,-25.153],[148.2945,-25.166],[148.293,-25.182],[148.3065,-25.204],[148.3475,-25.22],[148.352,-25.229],[148.4,-25.246],[148.453,-25.2545],[148.4765,-25.2455],[148.5385,-25.2455],[148.5665,-25.2495],[148.6,-25.273],[148.643,-25.284],[148.6665,-25.311],[148.6825,-25.2835],[148.7085,-25.2775],[148.7275,-25.288],[148.7455,-25.2795],[148.759,-25.3105],[148.7265,-25.3425],[148.719,-25.387],[148.726,-25.401],[148.762,-25.4175],[148.776,-25.435],[148.8335,-25.46],[148.9005,-25.4725],[148.938,-25.4585],[148.953,-25.457],[148.9655,-25.3965],[148.978,-25.356],[148.955,-25.3235],[148.9765,-25.3175],[148.9555,-25.28],[148.925,-25.264],[148.9335,-25.233],[148.881,-25.2285],[148.8815,-25.2045],[148.863,-25.1835],[148.8585,-25.142],[148.8175,-25.0715],[148.817,-24.9945],[148.8315,-24.975],[148.8275,-24.9605],[148.838,-24.9355],[148.876,-24.907],[148.8605,-24.8945],[148.938,-24.837],[148.9715,-24.848],[148.9895,-24.87],[149.0325,-24.893],[149.049,-24.9125],[149.0425,-24.93],[149.0575,-24.979],[149.071,-25.002],[149.092,-25.003],[149.0875,-25.0295],[149.101,-25.0585],[149.091,-25.0935],[149.0725,-25.111],[149.0935,-25.1205],[149.0965,-25.1345],[149.1185,-25.1365],[149.157,-25.1105],[149.172,-25.0905],[149.1715,-25.071],[149.1845,-25.0615],[149.1895,-25.029],[149.184,-25.01],[149.2175,-25.0175],[149.2315,-25.049],[149.2745,-25.064],[149.2845,-25.053],[149.28,-25.023],[149.293,-25.002],[149.3235,-25.0155],[149.336,-24.9875],[149.362,-24.978],[149.4,-24.996],[149.4075,-25.0075],[149.4425,-25.004],[149.461,-24.979],[149.455,-24.9335],[149.447,-24.911],[149.462,-24.8955],[149.466,-24.8645],[149.499,-24.844],[149.5,-24.8235],[149.511,-24.8],[149.5255,-24.796],[149.5335,-24.7765],[149.5605,-24.7735],[149.5785,-24.781],[149.5855,-24.888],[149.612,-24.889],[149.6135,-24.843],[149.605,-24.801],[149.622,-24.766],[149.65,-24.7515],[149.6715,-24.7245],[149.6905,-24.711],[149.7345,-24.657],[149.7375,-24.635],[149.75,-24.6195],[149.7255,-24.598],[149.74,-24.54],[149.7875,-24.545],[149.7745,-24.489],[149.7595,-24.4485],[149.762,-24.423],[149.7505,-24.399],[149.7575,-24.3895],[149.74,-24.3245],[149.7025,-24.263],[149.679,-24.2375],[149.685,-24.223],[149.652,-24.1655],[149.6705,-24.1545],[149.7665,-24.156],[149.8205,-24.1625],[149.8415,-24.154],[149.8345,-24.1335],[149.834,-24.0925],[149.792,-24.0695],[149.7935,-24.051],[149.8275,-23.997],[149.8435,-24.005],[149.843,-23.9555],[149.8695,-23.966],[149.913,-23.943],[149.9275,-23.889],[149.987,-23.8985],[150.051,-23.902],[150.0665,-23.882],[150.0525,-23.8495],[150.0135,-23.814],[150.0115,-23.796],[149.986,-23.754],[149.98,-23.745],[149.943,-23.7265],[149.938,-23.71],[149.9105,-23.69],[149.9035,-23.6675],[149.8915,-23.6655],[149.9015,-23.601],[149.8935,-23.5835],[149.865,-23.5775],[149.815,-23.593],[149.767,-23.6275],[149.752,-23.6215],[149.74,-23.571],[149.801,-23.541],[149.7625,-23.4765],[149.7565,-23.4795],[149.7225,-23.497],[149.731,-23.509],[149.7255,-23.529],[149.703,-23.5365],[149.6905,-23.5295],[149.6665,-23.535],[149.664,-23.519],[149.645,-23.503],[149.623,-23.512],[149.6115,-23.4685],[149.727,-23.427],[149.735,-23.435],[149.745,-23.419],[149.7665,-23.4055],[149.755,-23.3345],[149.741,-23.3215],[149.711,-23.3245],[149.7175,-23.3025],[149.715,-23.2765],[149.721,-23.251],[149.678,-23.2145],[149.6895,-23.194],[149.699,-23.1435],[149.711,-23.114],[149.71,-23.096],[149.688,-23.094],[149.6725,-23.082],[149.637,-23.0745],[149.617,-23.0935],[149.503,-23.124],[149.4815,-23.113],[149.492,-23.084],[149.486,-23.058],[149.4425,-23.0335],[149.428,-23.0055],[149.4115,-22.988],[149.4215,-22.962],[149.4145,-22.9165],[149.401,-22.8965],[149.384,-22.896],[149.3685,-22.878],[149.3285,-22.8775],[149.33,-22.8985],[149.3145,-22.905],[149.302,-22.9285],[149.2865,-22.9405],[149.287,-22.956],[149.234,-22.9825],[149.229,-23.003],[149.2025,-23.047],[149.18,-23.048],[149.125,-23.0625],[149.1115,-23.056],[149.0815,-23.0615],[149.0395,-23.0615],[149.0255,-23.0815],[148.9795,-23.0925],[148.9735,-23.1245],[148.987,-23.143],[149.0055,-23.15],[149.0065,-23.1665],[148.9855,-23.1945],[148.968,-23.196],[148.9475,-23.218],[148.945,-23.2435],[148.927,-23.2445],[148.914,-23.265],[148.8805,-23.248],[148.856,-23.266],[148.8455,-23.2905],[148.867,-23.3155],[148.8685,-23.3515],[148.851,-23.368],[148.8245,-23.379],[148.7775,-23.3525],[148.7765,-23.372],[148.7475,-23.379],[148.7365,-23.3485],[148.7045,-23.3645],[148.7115,-23.3875],[148.6805,-23.406],[148.675,-23.4245],[148.7045,-23.4315],[148.6785,-23.4495],[148.654,-23.476],[148.634,-23.4785],[148.634,-23.5095],[148.6185,-23.536],[148.5695,-23.553],[148.5375,-23.556],[148.5255,-23.5505],[148.523,-23.505],[148.573,-23.469],[148.5505,-23.407],[148.5705,-23.3795],[148.5505,-23.347],[148.5025,-23.3305],[148.512,-23.289],[148.5825,-23.234],[148.565,-23.222],[148.6245,-23.149],[148.579,-23.1175],[148.5625,-23.116],[148.588,-23.0715],[148.5995,-23.003],[148.585,-23.0005],[148.582,-22.973],[148.554,-22.9745],[148.5525,-22.942],[148.541,-22.9195],[148.542,-22.8775],[148.458,-22.8675],[148.325,-22.95],[148.2805,-22.886],[148.297,-22.8545],[148.3685,-22.795],[148.3705,-22.7655],[148.343,-22.7255],[148.2635,-22.739],[148.239,-22.74],[148.2355,-22.772],[148.176,-22.7905],[148.15,-22.7795],[148.1435,-22.765],[148.1095,-22.7665],[148.064,-22.7395],[148.061,-22.71],[148.0505,-22.699],[148.023,-22.693],[148.0085,-22.6615],[147.9935,-22.677],[147.994,-22.6935],[147.929,-22.7185],[147.9195,-22.7175],[147.9075,-22.749],[147.8445,-22.785],[147.821,-22.783],[147.794,-22.8005],[147.756,-22.855],[147.737,-22.8615],[147.7025,-22.886],[147.7,-22.909],[147.6635,-22.913],[147.6405,-22.9265],[147.626,-22.919],[147.617,-22.8935],[147.605,-22.8925],[147.588,-22.9225],[147.5825,-22.9605],[147.555,-22.9775],[147.553,-23.009],[147.504,-22.986],[147.497,-23.001],[147.52,-23.0285],[147.484,-23.0465],[147.487,-23.079],[147.464,-23.092],[147.4415,-23.12],[147.3945,-23.1475],[147.3835,-23.1655],[147.3515,-23.1865],[147.278,-23.196],[147.261,-23.21],[147.261,-23.2445],[147.2735,-23.271],[147.2875,-23.279],[147.28,-23.299],[147.2865,-23.351]],[[149.497,-23.56],[149.5025,-23.523],[149.532,-23.5275],[149.527,-23.5635],[149.497,-23.56]],[[149.76,-23.676],[149.718,-23.6695],[149.723,-23.641],[149.7635,-23.637],[149.7745,-23.656],[149.76,-23.676]],[[149.32,-24.619],[149.322,-24.6045],[149.3595,-24.6115],[149.3715,-24.5915],[149.4095,-24.6075],[149.382,-24.6405],[149.3245,-24.634],[149.32,-24.619]],[[149.495,-23.988],[149.5105,-24],[149.504,-24.0195],[149.5065,-24.0575],[149.5025,-24.1615],[149.4765,-24.1915],[149.4685,-24.2135],[149.397,-24.2325],[149.371,-24.2305],[149.3515,-24.2],[149.3765,-24.1655],[149.404,-24.1445],[149.3995,-24.124],[149.495,-23.988]]]},"properties":{"code":"32270","name":"Central Highlands (Qld)"}},
{"type":"Feature","geometry":{"type":"Polygon","coordinates":[[[146.167,-18.9355],[146.154,-18.923],[146.1265,-18.9235],[146.1115,-18.933],[146.0825,-18.9215],[146.063,-18.905],[146.0425,-18.919],[146.023,-18.919],[146.009,-18.905],[146.0075,-18.886],[145.966,-18.8795],[145.938,-18.8605],[145.9355,-18.883],[145.8645,-18.876],[145.838,-18.8615],[145.8195,-18.8425],[145.775,-18.817],[145.791,-18.804],[145.792,-18.7605],[145.802,-18.749],[145.8165,-18.6175],[145.792,-18.6065],[145.7955,-18.5775],[145.8325,-18.5985],[145.844,-18.5925],[145.8335,-18.5675],[145.815,-18.5515],[145.814,-18.531],[145.791,-18.501],[145.772,-18.5235],[145.76,-18.5145],[145.779,-18.492],[145.7445,-18.4665],[145.738,-18.453],[145.728,-18.466],[145.708,-18.471],[145.7145,-18.4885],[145.4995,-18.4625],[145.494,-18.577],[145.3905,-18.565],[145.384,-18.5705],[145.297,-18.464],[145.3025,-18.4555],[145.26,-18.4275],[145.268,-18.355],[145.1665,-18.347],[145.156,-18.3645],[145.14,-18.3575],[145.134,-18.385],[145.1615,-18.3905],[145.1645,-18.415],[145.183,-18.432],[145.184,-18.495],[145.17,-18.5265],[145.139,-18.564],[145.1195,-18.556],[145.1015,-18.5685],[145.0535,-18.549],[145.0475,-18.5135],[144.981,-18.507],[144.9725,-18.477],[144.953,-18.4815],[144.947,-18.498],[144.922,-18.5015],[144.9205,-18.519],[144.878,-18.518],[144.8805,-18.4975],[144.8365,-18.493],[144.838,-18.437],[144.8515,-18.4],[144.855,-18.3695],[144.827,-18.372],[144.7925,-18.3585],[144.76,-18.3565],[144.741,-18.3185],[144.687,-18.3135],[144.66,-18.565],[144.6515,-18.6265],[144.764,-18.6385],[144.787,-18.6615],[144.7415,-18.7025],[144.745,-18.722],[144.7775,-18.7405],[144.8025,-18.7445],[144.8085,-18.7695],[144.7455,-18.818],[144.7905,-18.871],[144.7075,-18.936],[144.698,-18.996],[144.7155,-19.017],[144.7745,-19.148],[144.7945,-19.162],[144.8325,-19.161],[144.772,-19.2055],[144.751,-19.1805],[144.6235,-19.2965],[144.618,-19.3195],[144.5985,-19.318],[144.5915,-19.3795],[144.4745,-19.3705],[144.468,-19.4475],[144.451,-19.4415],[144.3515,-19.424],[144.345,-19.5015],[144.3025,-19.4975],[144.2955,-19.5665],[144.285,-19.5735],[144.355,-19.5825],[144.4255,-19.611],[144.3955,-19.9345],[144.4185,-19.951],[144.431,-19.9765],[144.4785,-19.975],[144.4915,-19.9535],[144.559,-19.953],[144.58,-19.9875],[144.6205,-19.992],[144.622,-19.9695],[144.667,-20.0285],[144.6635,-20.0585],[144.7755,-20.0665],[144.772,-20.129],[144.8135,-20.169],[144.84,-20.205],[144.825,-20.233],[144.8205,-20.262],[144.8325,-20.2865],[144.8205,-20.3325],[144.909,-20.3725],[144.9055,-20.4075],[144.9155,-20.423],[144.9095,-20.438],[144.9315,-20.4585],[144.9735,-20.4775],[145.0015,-20.495],[145.0065,-20.5305],[145.036,-20.569],[145.0975,-20.6195],[145.0975,-20.628],[145.1895,-20.634],[145.184,-20.732],[145.1635,-20.9705],[145.2275,-20.975],[145.2195,-21.0655],[145.173,-21.062],[145.181,-21.0915],[145.2175,-21.1215],[145.221,-21.172],[145.2565,-21.1745],[145.2435,-21.2775],[145.256,-21.2805],[145.2495,-21.315],[145.2905,-21.426],[145.262,-21.458],[145.3565,-21.4675],[145.358,-21.454],[145.465,-21.4615],[145.453,-21.566],[145.5395,-21.575],[145.533,-21.6585],[145.6785,-21.668],[145.6745,-21.708],[145.6505,-21.707],[145.6405,-21.894],[145.63,-21.893],[145.627,-21.9265],[145.6685,-21.932],[145.661,-22.041],[145.77,-22.0485],[145.7695,-22.0665],[145.8805,-22.0805],[145.8805,-22.0845],[146.0315,-22.105],[146.0395,-22.0235],[146.067,-22.0265],[146.072,-21.997],[146.2015,-22.0075],[146.2115,-21.9085],[146.1185,-21.901],[146.1265,-21.8135],[146.069,-21.809],[146.084,-21.6095],[146.0935,-21.51],[146.1325,-21.514],[146.1505,-21.5],[146.3465,-21.518],[146.3405,-21.57],[146.396,-21.663],[146.4465,-21.668],[146.484,-21.6805],[146.493,-21.5885],[146.4925,-21.5665],[146.6565,-21.5825],[146.6515,-21.6095],[146.756,-21.6365],[146.834,-21.643],[146.8345,-21.5745],[146.852,-21.5455],[146.87,-21.5265],[146.866,-21.5125],[146.904,-21.469],[146.9095,-21.441],[146.882,-21.411],[146.8735,-21.3935],[146.883,-21.362],[146.9045,-21.3505],[146.918,-21.3255],[146.9635,-21.295],[146.9605,-21.252],[146.9495,-21.2395],[146.8855,-21.2175],[146.867,-21.194],[146.882,-21.1735],[146.8625,-21.138],[146.8615,-21.119],[146.849,-21.101],[146.861,-21.064],[146.8605,-21.031],[146.8835,-20.9975],[146.8535,-20.919],[146.866,-20.886],[146.8565,-20.871],[146.863,-20.8475],[146.852,-20.813],[146.91,-20.7865],[146.9205,-20.7575],[146.96,-20.742],[146.9655,-20.7145],[146.965,-20.676],[146.986,-20.6585],[146.973,-20.6345],[146.976,-20.6195],[147.012,-20.606],[147.0425,-20.631],[147.058,-20.626],[147.0735,-20.649],[147.0865,-20.652],[147.1055,-20.637],[147.124,-20.6375],[147.1485,-20.652],[147.163,-20.643],[147.1785,-20.6065],[147.2095,-20.587],[147.2145,-20.5765],[147.2415,-20.5845],[147.2795,-20.5525],[147.285,-20.5245],[147.301,-20.4975],[147.2905,-20.4725],[147.298,-20.4475],[147.339,-20.427],[147.3475,-20.397],[147.217,-20.3835],[147.195,-20.372],[147.191,-20.3395],[147.175,-20.3095],[147.1435,-20.2775],[147.12,-20.2635],[147.116,-20.239],[147.088,-20.2],[147.0505,-20.1715],[147.0325,-20.186],[147.0025,-20.195],[147.0015,-20.1645],[147.015,-20.142],[146.974,-20.123],[146.9565,-20.087],[146.934,-20.071],[146.903,-20.0675],[146.9045,-20.051],[146.885,-20.0355],[146.8895,-20.0145],[146.912,-20.009],[146.93,-19.9755],[146.8835,-19.894],[146.9165,-19.8975],[146.9285,-19.8665],[146.923,-19.859],[146.93,-19.783],[146.85,-19.7555],[146.833,-19.7585],[146.8425,-19.721],[146.7225,-19.709],[146.54,-19.6865],[146.5515,-19.667],[146.5555,-19.6125],[146.541,-19.5855],[146.5435,-19.551],[146.583,-19.514],[146.577,-19.461],[146.561,-19.4515],[146.5675,-19.434],[146.529,-19.3945],[146.499,-19.3765],[146.47,-19.3735],[146.4595,-19.319],[146.4255,-19.3],[146.4035,-19.2355],[146.421,-19.2205],[146.412,-19.1945],[146.3945,-19.1865],[146.3845,-19.164],[146.3875,-19.145],[146.3735,-19.1205],[146.355,-19.1175],[146.3245,-19.124],[146.3105,-19.1085],[146.3065,-19.0845],[146.2705,-19.0465],[146.2365,-19.042],[146.2475,-19.0245],[146.239,-19.013],[146.175,-19.013],[146.1475,-18.959],[146.147,-18.941],[146.167,-18.9355]]]},"properties":{"code":"32310","name":"Charters Towers"}},
{"type":"Feature","geometry":{"type":"Polygon","coordinates":[[[151.977,-26.297],[151.959,-26.2875],[151.9705,-26.269],[151.94,-26.2565],[151.921,-26.2575],[151.9145,-26.281],[151.8875,-26.3025],[151.9675,-26.3115],[151.977,-26.297]]]},"properties":{"code":"32330","name":"Cherbourg"}},
{"type":"Feature","geometry":{"type":"Polygon","coordinates":[[[139.5535,-20.901],[139.553,-21.0305],[139.5415,-21.1625],[139.5355,-21.276],[139.377,-21.2725],[139.374,-21.3945],[139.2365,-21.5025],[139.242,-21.5405],[139.2325,-21.6325],[139.323,-21.726],[139.268,-21.872],[139.3525,-21.9585],[139.3175,-21.9865],[139.4945,-22.1445],[139.3895,-22.234],[139.4925,-22.242],[139.4905,-22.2815],[139.623,-22.2905],[139.628,-22.2205],[139.7505,-22.2285],[139.758,-22.163],[139.8415,-22.171],[139.885,-22.243],[140.0625,-22.2545],[140.0605,-22.286],[140.041,-22.327],[140.258,-22.339],[140.2585,-22.367],[140.367,-22.374],[140.37,-22.2905],[140.4145,-22.234],[140.5315,-22.1355],[140.5645,-22.1695],[140.6195,-22.2095],[140.6525,-22.244],[140.6385,-22.255],[140.707,-22.335],[140.7345,-22.321],[140.7605,-22.289],[140.7775,-22.252],[140.7875,-22.248],[140.823,-22.1985],[140.843,-22.162],[140.887,-22.1645],[140.929,-22.1815],[140.925,-22.235],[141.183,-22.2495],[141.1985,-22.055],[141.2945,-22.062],[141.2845,-21.989],[141.3095,-21.9395],[141.063,-21.9285],[141.0635,-21.9025],[140.994,-21.894],[140.981,-22.053],[140.9135,-22.0475],[140.8825,-22.048],[140.9095,-21.9685],[140.9125,-21.9385],[140.855,-21.9345],[140.8565,-21.9135],[140.881,-21.8725],[140.8605,-21.869],[140.865,-21.8095],[140.89,-21.8115],[140.9235,-21.773],[140.926,-21.734],[140.9215,-21.6985],[140.95,-21.625],[140.952,-21.602],[140.9265,-21.556],[140.8935,-21.5265],[140.8645,-21.48],[140.8435,-21.427],[140.8,-21.4195],[140.8075,-21.3545],[140.8565,-21.359],[140.859,-21.322],[140.876,-21.323],[140.8825,-21.225],[140.809,-21.22],[140.805,-21.1945],[140.833,-21.1115],[140.834,-21.097],[140.8645,-21.099],[140.873,-20.9915],[140.828,-20.989],[140.8495,-20.9485],[140.83,-20.913],[140.8385,-20.907],[140.8315,-20.8735],[140.8505,-20.846],[140.8745,-20.8245],[140.8965,-20.8185],[140.93,-20.7535],[140.9525,-20.7355],[140.951,-20.697],[140.9665,-20.631],[141.078,-20.645],[141.083,-20.5905],[141.04,-20.5435],[141.038,-20.5125],[141.024,-20.484],[141.0135,-20.4295],[141.0175,-20.387],[141.059,-20.368],[141.0645,-20.334],[141.0795,-20.3145],[140.941,-20.3005],[140.9095,-20.2925],[140.997,-20.2235],[140.9,-20.111],[140.8655,-20.123],[140.7835,-20.0235],[140.8995,-19.932],[140.875,-19.9285],[140.8865,-19.764],[140.8185,-19.7595],[140.8215,-19.709],[140.7395,-19.667],[140.7505,-19.657],[140.7495,-19.629],[140.859,-19.6405],[140.8645,-19.635],[140.9425,-19.64],[140.9465,-19.582],[141.0145,-19.557],[141.0075,-19.5265],[141.04,-19.4945],[141.022,-19.469],[141.02,-19.4455],[141.03,-19.4365],[141.001,-19.409],[140.9755,-19.3285],[140.983,-19.3065],[140.971,-19.2815],[140.979,-19.266],[140.9965,-19.262],[140.9895,-19.242],[140.9525,-19.1805],[140.939,-19.173],[140.943,-19.151],[140.9215,-19.1355],[140.9065,-19.1165],[140.8175,-19.1875],[140.711,-19.0665],[140.67,-19.0985],[140.6335,-19.0565],[140.515,-19.0485],[140.5095,-19.1015],[140.3025,-19.0875],[140.306,-19.045],[139.999,-19.0235],[139.998,-19.0325],[139.9115,-19.0265],[139.9315,-19.032],[139.9415,-19.0555],[139.94,-19.0915],[139.931,-19.114],[139.9335,-19.148],[139.9575,-19.162],[139.957,-19.1935],[139.97,-19.22],[139.9925,-19.2415],[140.016,-19.277],[140.003,-19.29],[140.0055,-19.3295],[140.0285,-19.344],[140.0265,-19.363],[140.041,-19.375],[140.03,-19.4095],[140.045,-19.4395],[140.041,-19.4525],[140.074,-19.525],[140.0665,-19.567],[139.887,-19.554],[139.8855,-19.5845],[139.7775,-19.5785],[139.785,-19.46],[139.5145,-19.438],[139.486,-19.4355],[139.47,-19.7195],[139.5325,-19.7245],[139.514,-19.8235],[139.726,-19.848],[139.7285,-19.7935],[139.7965,-19.7965],[139.806,-19.808],[139.804,-19.974],[139.7935,-19.9735],[139.7805,-20.1885],[139.7315,-20.185],[139.7415,-20.203],[139.733,-20.2145],[139.735,-20.2375],[139.7995,-20.225],[139.858,-20.2325],[139.9265,-20.2115],[139.9705,-20.213],[139.9835,-20.233],[139.9815,-20.265],[139.958,-20.2835],[139.944,-20.3075],[139.946,-20.3515],[139.9525,-20.373],[139.9435,-20.3955],[140.013,-20.421],[140.023,-20.4365],[140.0165,-20.5075],[140.033,-20.535],[140.0025,-20.53],[139.9705,-20.5005],[139.9505,-20.4675],[139.909,-20.4555],[139.902,-20.4395],[139.878,-20.436],[139.8815,-20.4695],[139.867,-20.5005],[139.8695,-20.525],[139.8875,-20.545],[139.8835,-20.563],[139.909,-20.5905],[139.909,-20.623],[139.8945,-20.635],[139.8005,-20.6315],[139.7985,-20.6705],[139.7435,-20.6665],[139.737,-20.7795],[139.7305,-20.7795],[139.7235,-20.906],[139.5535,-20.901]]]},"properties":{"code":"32450","name":"Cloncurry"}},
{"type":"Feature","geometry":{"type":"MultiPolygon","coordinates":[[[[143.362,-12.791],[143.381,-12.752],[143.39,-12.715],[143.3995,-12.698],[143.406,-12.657],[143.437,-12.622],[143.413,-12.5935],[143.3935,-12.5955],[143.354,-12.564],[143.3365,-12.566],[143.3015,-12.545],[143.2985,-12.5305],[143.275,-12.509],[143.2775,-12.4525],[143.2705,-12.437],[143.2665,-12.395],[143.23,-12.382],[143.214,-12.362],[143.193,-12.3505],[143.092,-12.343],[143.0775,-12.331],[143.0815,-12.289],[143.094,-12.253],[143.086,-12.248],[143.097,-12.2195],[143.0875,-12.198],[143.093,-12.1575],[143.112,-12.122],[143.1345,-12.0905],[143.1855,-11.991],[143.21,-11.975],[143.2345,-11.9845],[143.2455,-11.9735],[143.218,-11.959],[143.1725,-11.975],[143.1485,-11.9415],[143.1475,-11.9195],[143.106,-11.897],[143.04,-11.9335],[142.9975,-11.936],[142.9705,-11.931],[142.946,-11.9005],[142.9095,-11.89],[142.9,-11.872],[142.876,-11.868],[142.8565,-11.8455],[142.853,-11.7905],[142.8625,-11.747],[142.8595,-11.721],[142.8595,-11.636],[142.8525,-11.6205],[142.8525,-11.588],[142.8355,-11.5605],[142.8395,-11.4925],[142.827,-11.479],[142.8325,-11.435],[142.8685,-11.3845],[142.8635,-11.3585],[142.821,-11.2935],[142.8025,-11.2915],[142.783,-11.2225],[142.7955,-11.1875],[142.7985,-11.1535],[142.788,-11.1285],[142.786,-11.074],[142.767,-11.057],[142.749,-11.027],[142.746,-10.9985],[142.4015,-10.9985],[142.3925,-11.02],[142.3655,-11.0435],[142.3735,-11.0875],[142.372,-11.12],[142.355,-11.1525],[142.3725,-11.1965],[142.1255,-11.224],[142.126,-11.312],[142.117,-11.374],[142.0975,-11.445],[142.0675,-11.525],[142.0515,-11.555],[142.043,-11.5915],[142.016,-11.673],[142.003,-11.731],[142.002,-11.7535],[141.9775,-11.777],[141.962,-11.821],[141.95,-11.885],[141.942,-11.9455],[141.9415,-11.9735],[141.9715,-11.98],[142.0015,-12.014],[142.012,-12.039],[141.994,-12.0595],[142.0085,-12.076],[142.02,-12.07],[142.0375,-12.033],[142.042,-11.9905],[142.0595,-11.982],[142.0875,-11.9965],[142.065,-12.0075],[142.071,-12.04],[142.0425,-12.0635],[142.0465,-12.1125],[142.022,-12.0805],[142.006,-12.093],[142.0115,-12.122],[142.004,-12.128],[141.986,-12.059],[141.9685,-12.066],[141.9495,-12.0855],[141.9675,-12.1525],[141.961,-12.1805],[141.9245,-12.168],[141.9135,-12.1645],[141.8485,-12.194],[141.849,-12.241],[141.846,-12.3185],[141.7385,-12.291],[141.738,-12.305],[141.845,-12.333],[141.841,-12.3835],[141.799,-12.4315],[141.7765,-12.4665],[141.73,-12.441],[141.706,-12.4535],[141.683,-12.455],[141.6575,-12.4415],[141.5915,-12.564],[141.624,-12.582],[141.643,-12.574],[141.6455,-12.52],[141.696,-12.534],[141.702,-12.5195],[141.7005,-12.4955],[141.715,-12.497],[141.7705,-12.534],[141.796,-12.576],[141.8375,-12.5925],[141.8735,-12.5885],[141.8935,-12.5915],[141.894,-12.602],[141.89,-12.64],[141.8655,-12.6425],[141.86,-12.665],[141.874,-12.6735],[141.863,-12.6935],[141.839,-12.6875],[141.803,-12.7475],[141.8005,-12.836],[141.753,-12.8315],[141.7355,-12.8575],[141.71,-12.879],[141.686,-12.8835],[141.6495,-12.9185],[141.6285,-12.916],[141.6015,-12.952],[141.583,-12.9965],[141.6135,-13.03],[141.619,-13.0715],[141.614,-13.092],[141.6215,-13.1115],[141.6295,-13.1595],[141.648,-13.1745],[141.658,-13.204],[141.68,-13.2175],[141.692,-13.2405],[141.7535,-13.287],[141.752,-13.357],[141.8135,-13.357],[141.841,-13.307],[141.744,-12.999],[141.847,-12.943],[141.801,-12.914],[141.827,-12.874],[141.87,-12.8735],[141.9075,-12.7635],[141.912,-12.7495],[142.0085,-12.859],[142.0695,-12.7875],[142.0545,-12.7675],[142.05,-12.7425],[142.014,-12.7385],[142.0005,-12.7755],[141.964,-12.711],[142.0955,-12.6855],[142.162,-12.6355],[142.185,-12.6115],[142.1285,-12.567],[142.086,-12.563],[142.0235,-12.576],[142.007,-12.5995],[141.993,-12.587],[141.9555,-12.5845],[141.941,-12.565],[141.969,-12.542],[141.967,-12.5705],[141.9965,-12.5725],[142.0415,-12.4985],[142.0425,-12.4395],[142.0405,-12.2795],[142.0755,-12.279],[142.22,-12.2785],[142.129,-12.3915],[142.1635,-12.3955],[142.197,-12.375],[142.266,-12.3765],[142.304,-12.405],[142.309,-12.441],[142.322,-12.438],[142.3505,-12.4705],[142.374,-12.485],[142.387,-12.5095],[142.4105,-12.5195],[142.4145,-12.5025],[142.444,-12.488],[142.469,-12.498],[142.4865,-12.486],[142.5695,-12.6165],[142.5655,-12.662],[142.201,-12.639],[142.179,-12.731],[142.168,-12.7655],[142.0815,-13.1385],[142.114,-13.288],[142.0445,-13.5695],[141.9605,-13.7105],[141.9375,-13.7335],[141.925,-13.8205],[141.992,-13.999],[141.9775,-14.1925],[141.981,-14.35],[142.008,-14.3515],[141.9995,-14.464],[141.994,-14.4995],[142.0355,-14.7085],[142.1155,-14.8215],[142.1415,-14.9045],[142.134,-14.9855],[142.126,-15.1005],[142.093,-15.1905],[142.24,-15.423],[142.65,-15.4605],[142.664,-15.3145],[142.9615,-15.341],[142.9495,-15.4825],[142.893,-15.478],[142.881,-15.621],[142.78,-15.613],[142.77,-15.7545],[142.7045,-15.7505],[142.696,-15.8965],[142.6305,-15.9545],[142.622,-16.017],[142.649,-16.05],[142.68,-16.0695],[142.711,-16.0795],[142.7305,-16.0895],[142.7455,-16.0785],[142.772,-16.0745],[142.792,-16.081],[142.837,-16.08],[142.8745,-16.0865],[142.9045,-16.0845],[142.9245,-16.077],[142.9555,-16.0765],[142.986,-16.0835],[143.004,-16.095],[143.0205,-16.092],[143.0425,-16.113],[143.1045,-16.102],[143.113,-16.105],[143.1685,-16.1015],[143.1845,-16.0965],[143.223,-16.1075],[143.2755,-16.0925],[143.3405,-16.055],[143.366,-16.0445],[143.39,-16.0425],[143.412,-16.056],[143.437,-16.046],[143.4655,-16.055],[143.4655,-16.0685],[143.5015,-16.0865],[143.5335,-16.0905],[143.5635,-16.079],[143.632,-16.0755],[143.66,-16.1195],[143.7125,-16.1335],[143.7255,-16.154],[143.7645,-16.161],[143.809,-16.154],[143.822,-16.1375],[143.844,-16.1365],[143.8695,-16.1165],[143.893,-16.1185],[143.915,-16.1365],[143.95,-16.1085],[144.006,-16.1285],[144.041,-16.147],[144.07,-16.1305],[144.098,-16.1335],[144.1165,-16.1495],[144.121,-16.183],[144.1365,-16.187],[144.146,-16.216],[144.176,-16.2625],[144.2065,-16.264],[144.2225,-16.282],[144.2255,-16.3165],[144.2525,-16.342],[144.2765,-16.3235],[144.3015,-16.3375],[144.3445,-16.286],[144.3865,-16.315],[144.415,-16.35],[144.4505,-16.3315],[144.5,-16.3555],[144.525,-16.3405],[144.5145,-16.309],[144.5295,-16.2985],[144.546,-16.3035],[144.577,-16.29],[144.582,-16.299],[144.6275,-16.322],[144.6425,-16.317],[144.679,-16.3325],[144.6895,-16.324],[144.69,-16.298],[144.6975,-16.2655],[144.7315,-16.2605],[144.7615,-16.2625],[144.785,-16.3025],[144.815,-16.343],[144.819,-16.3565],[144.8395,-16.3645],[144.8735,-16.3285],[144.889,-16.348],[144.917,-16.335],[144.9345,-16.3445],[144.9605,-16.339],[144.9935,-16.315],[144.976,-16.2795],[145.0115,-16.225],[145.021,-16.221],[144.985,-16.175],[145.009,-16.146],[145.044,-16.163],[145.06,-16.1385],[145.085,-16.117],[145.0905,-16.094],[145.091,-16.0445],[145.0715,-16.027],[145.0685,-16.004],[145.078,-15.9815],[145.073,-15.9675],[145.121,-15.9475],[145.1455,-15.9275],[145.163,-15.9235],[145.1775,-15.9325],[145.206,-15.933],[145.2155,-15.9215],[145.2465,-15.9175],[145.255,-15.933],[145.2825,-15.903],[145.2945,-15.93],[145.319,-15.936],[145.3255,-15.943],[145.333,-15.9465],[145.363,-15.922],[145.3555,-15.903],[145.366,-15.863],[145.377,-15.8395],[145.358,-15.8305],[145.3525,-15.8045],[145.3685,-15.762],[145.3615,-15.7195],[145.3175,-15.653],[145.3145,-15.613],[145.3265,-15.604],[145.3175,-15.5655],[145.3035,-15.5515],[145.286,-15.5585],[145.2695,-15.536],[145.277,-15.5075],[145.271,-15.473],[145.2385,-15.4435],[145.215,-15.415],[145.155,-15.415],[145.1005,-15.4185],[145.102,-15.403],[145.1455,-15.399],[145.149,-15.362],[145.1235,-15.36],[145.1205,-15.3945],[145.081,-15.3915],[145.065,-15.3815],[145.0325,-15.376],[145.041,-15.342],[145.058,-15.344],[145.061,-15.312],[145.0365,-15.309],[145.028,-15.294],[145.031,-15.269],[145.057,-15.2715],[145.08,-15.26],[145.0865,-15.143],[145.1165,-15.15],[145.1325,-15.1445],[145.1775,-15.141],[145.1835,-15.1195],[145.1625,-15.1175],[145.1655,-15.085],[145.1395,-15.095],[145.1365,-15.057],[145.161,-15.059],[145.169,-14.985],[145.129,-14.981],[145.1445,-14.8395],[145.141,-14.832],[145.106,-14.8195],[145.0905,-14.803],[145.0225,-14.794],[145.0075,-14.7765],[145.003,-14.752],[144.97,-14.7485],[144.9535,-14.7365],[144.9435,-14.6665],[144.9275,-14.667],[144.9225,-14.638],[144.9105,-14.6145],[144.8835,-14.6095],[144.839,-14.6145],[144.8085,-14.5985],[144.7815,-14.593],[144.775,-14.546],[144.763,-14.553],[144.715,-14.557],[144.6845,-14.553],[144.656,-14.504],[144.625,-14.4865],[144.619,-14.4715],[144.624,-14.42],[144.6405,-14.3805],[144.627,-14.361],[144.589,-14.363],[144.58,-14.308],[144.596,-14.2605],[144.5745,-14.236],[144.559,-14.2295],[144.5385,-14.201],[144.5235,-14.17],[144.4955,-14.1645],[144.465,-14.2275],[144.4295,-14.263],[144.399,-14.2715],[144.378,-14.289],[144.3465,-14.302],[144.314,-14.3085],[144.2925,-14.298],[144.269,-14.2955],[144.2445,-14.264],[144.2325,-14.269],[144.2165,-14.254],[144.1955,-14.2615],[144.2005,-14.3125],[144.1945,-14.339],[144.142,-14.4045],[144.1275,-14.405],[144.095,-14.445],[144.0605,-14.466],[144.0185,-14.481],[143.984,-14.489],[143.961,-14.4865],[143.949,-14.4955],[143.9295,-14.484],[143.903,-14.486],[143.861,-14.4745],[143.8055,-14.432],[143.7645,-14.3755],[143.7445,-14.3325],[143.725,-14.254],[143.706,-14.2175],[143.6985,-14.185],[143.702,-14.127],[143.696,-14.1115],[143.692,-14.0665],[143.678,-14.0115],[143.6365,-13.982],[143.6205,-13.96],[143.6005,-13.9085],[143.5915,-13.859],[143.5715,-13.828],[143.5475,-13.8035],[143.531,-13.752],[143.542,-13.7225],[143.547,-13.643],[143.561,-13.585],[143.586,-13.544],[143.579,-13.509],[143.5855,-13.473],[143.597,-13.442],[143.596,-13.414],[143.58,-13.422],[143.563,-13.4155],[143.5395,-13.421],[143.5205,-13.4375],[143.4945,-13.4275],[143.4975,-13.4515],[143.3165,-13.4855],[143.3105,-13.479],[143.3275,-13.44],[143.3645,-13.4025],[143.3645,-13.3795],[143.3805,-13.3595],[143.3895,-13.3315],[143.3795,-13.309],[143.356,-13.2875],[143.318,-13.278],[143.344,-13.265],[143.344,-13.248],[143.2575,-13.241],[143.241,-13.251],[143.2515,-13.138],[143.23,-13.132],[143.1765,-13.139],[143.153,-13.146],[143.139,-13.1395],[143.1095,-13.1505],[143.0885,-13.1465],[143.057,-13.125],[143.0075,-13.1295],[142.98,-13.116],[142.8935,-12.993],[142.958,-12.947],[142.9495,-12.927],[142.961,-12.903],[142.947,-12.881],[142.919,-12.862],[142.9165,-12.838],[142.8835,-12.8055],[142.8995,-12.785],[142.9265,-12.7825],[142.921,-12.762],[142.9315,-12.728],[142.92,-12.7045],[142.9435,-12.691],[143.028,-12.698],[143.046,-12.66],[143.076,-12.6375],[143.0695,-12.612],[143.0875,-12.565],[143.115,-12.5755],[143.1425,-12.569],[143.162,-12.5565],[143.177,-12.5705],[143.1795,-12.6055],[143.197,-12.6175],[143.202,-12.6445],[143.2225,-12.678],[143.2065,-12.695],[143.188,-12.728],[143.2025,-12.76],[143.216,-12.7685],[143.22,-12.804],[143.232,-12.828],[143.2295,-12.8525],[143.2355,-12.873],[143.2825,-12.8335],[143.3145,-12.837],[143.3095,-12.814],[143.296,-12.797],[143.303,-12.773],[143.3195,-12.7915],[143.3295,-12.7705],[143.3545,-12.78],[143.362,-12.791]]],[[[145.4455,-14.668],[145.468,-14.6815],[145.4745,-14.6615],[145.4555,-14.6465],[145.4455,-14.668]]],[[[144.2515,-14.169],[144.232,-14.1755],[144.24,-14.192],[144.2835,-14.1955],[144.2735,-14.159],[144.2515,-14.169]]],[[[144.236,-14.136],[144.226,-14.15],[144.239,-14.1635],[144.2525,-14.1465],[144.236,-14.136]]],[[[141.716,-12.2335],[141.7305,-12.232],[141.751,-12.245],[141.7735,-12.238],[141.7995,-12.2465],[141.8135,-12.2415],[141.7425,-12.2235],[141.7255,-12.2295],[141.716,-12.2335]]],[[[141.846,-12.665],[141.852,-12.6385],[141.8275,-12.6485],[141.846,-12.665]]]]},"properties":{"code":"32500","name":"Cook"}},
{"type":"Feature","geometry":{"type":"Polygon","coordinates":[[[142.3745,-19.4],[142.3975,-19.3885],[142.6045,-19.403],[142.592,-19.5465],[142.6095,-19.548],[142.602,-19.62],[142.6005,-19.6355],[142.7935,-19.652],[143.0285,-19.673],[143.2495,-19.69],[143.275,-19.6965],[143.306,-19.6395],[143.333,-19.621],[143.342,-19.6055],[143.383,-19.6125],[143.3945,-19.597],[143.394,-19.5765],[143.413,-19.5645],[143.444,-19.566],[143.4665,-19.54],[143.5095,-19.516],[143.5075,-19.484],[143.4865,-19.4855],[143.451,-19.4475],[143.452,-19.4185],[143.4435,-19.4055],[143.439,-19.3745],[143.423,-19.357],[143.418,-19.328],[143.3895,-19.309],[143.3805,-19.2785],[143.3955,-19.2695],[143.4055,-19.2465],[143.382,-19.1955],[143.3675,-19.1835],[143.329,-19.1935],[143.2905,-19.161],[143.291,-19.1305],[143.2715,-19.0905],[143.2605,-19.0555],[143.222,-19.051],[143.2205,-19.0315],[143.193,-18.9965],[143.166,-18.99],[143.1415,-18.936],[143.102,-18.9205],[143.0175,-18.922],[142.987,-18.934],[142.962,-18.9265],[142.916,-18.8845],[142.91,-18.8535],[142.878,-18.809],[142.894,-18.7535],[142.892,-18.72],[142.876,-18.6975],[142.842,-18.676],[142.844,-18.656],[142.8345,-18.635],[142.858,-18.615],[142.8525,-18.586],[142.829,-18.583],[142.8015,-18.565],[142.782,-18.5765],[142.7835,-18.547],[142.7635,-18.535],[142.747,-18.514],[142.7105,-18.5175],[142.6915,-18.528],[142.6485,-18.5135],[142.644,-18.482],[142.634,-18.4585],[142.619,-18.4575],[142.5845,-18.432],[142.559,-18.4325],[142.514,-18.404],[142.522,-18.381],[142.522,-18.3515],[142.4845,-18.315],[142.492,-18.26],[142.468,-18.2435],[142.4655,-18.218],[142.6255,-18.081],[142.5805,-18.0305],[142.5045,-17.9495],[142.474,-17.9135],[142.4985,-17.8935],[142.4825,-17.8755],[142.3825,-17.8715],[142.244,-17.713],[142.265,-17.494],[142.1785,-17.566],[142.058,-17.4345],[142.0125,-17.471],[141.8975,-17.331],[141.7855,-17.4225],[141.8365,-17.4825],[141.7255,-17.4695],[141.7285,-17.433],[141.5765,-17.4205],[141.5725,-17.4585],[141.4215,-17.444],[141.4065,-17.61],[141.382,-17.608],[141.378,-17.6765],[141.438,-17.68],[141.433,-17.7495],[141.404,-17.7635],[141.3935,-17.753],[141.362,-17.7555],[141.3575,-17.744],[141.317,-17.7365],[141.3045,-17.899],[141.468,-17.9105],[141.466,-17.939],[141.393,-17.935],[141.3885,-18.0065],[141.4,-18.004],[141.395,-18.057],[141.2815,-18.0465],[141.284,-18.023],[141.2,-18.0155],[141.1915,-18.1195],[141.1445,-18.1135],[141.132,-18.123],[141.143,-18.157],[141.138,-18.189],[141.181,-18.2135],[141.2185,-18.292],[141.223,-18.33],[141.2385,-18.3365],[141.2545,-18.364],[141.2815,-18.391],[141.2805,-18.416],[141.3005,-18.4265],[141.305,-18.448],[141.294,-18.4675],[141.2975,-18.4995],[141.285,-18.5055],[141.2915,-18.5665],[141.303,-18.6055],[141.315,-18.6205],[141.37,-18.6255],[141.364,-18.6815],[141.6225,-18.7075],[141.692,-18.7135],[141.668,-18.9695],[141.636,-18.967],[141.62,-19.1145],[141.6155,-19.1425],[141.636,-19.1555],[141.6965,-19.1595],[141.7155,-19.179],[141.7445,-19.1915],[141.7615,-19.192],[141.7715,-19.078],[141.931,-19.0895],[141.9415,-18.9785],[142.1265,-18.9935],[142.129,-18.9695],[142.1765,-18.972],[142.1595,-19.142],[142.235,-19.1495],[142.2365,-19.136],[142.346,-19.147],[142.348,-19.119],[142.401,-19.1225],[142.3745,-19.4]]]},"properties":{"code":"32600","name":"Croydon"}},
{"type":"Feature","geometry":{"type":"Polygon","coordinates":[[[137.9985,-23.521],[137.999,-23.872],[137.999,-23.976],[137.999,-25.14],[137.999,-25.5465],[137.999,-25.997],[138.9895,-25.9965],[139.2255,-25.9965],[139.838,-25.9965],[140.356,-25.9965],[140.9095,-25.9965],[140.9375,-25.716],[140.921,-25.7145],[140.9225,-25.6825],[140.8965,-25.681],[140.914,-25.5275],[140.8805,-25.466],[140.8635,-25.4805],[140.8415,-25.4875],[140.8245,-25.5255],[140.774,-25.473],[140.6765,-25.4645],[140.699,-25.205],[140.726,-25.212],[140.859,-25.2215],[140.879,-24.9925],[140.8025,-24.986],[140.813,-24.8385],[140.8745,-24.842],[140.8835,-24.695],[140.837,-24.692],[140.8385,-24.669],[140.9615,-24.6735],[141.0845,-24.674],[141.2425,-24.686],[141.239,-24.725],[141.361,-24.629],[141.3755,-24.483],[141.43,-24.4835],[141.523,-24.5835],[141.731,-24.6365],[141.763,-24.633],[141.7735,-24.625],[141.8115,-24.6195],[141.858,-24.5855],[141.8785,-24.56],[141.9015,-24.556],[141.9305,-24.5375],[141.956,-24.534],[141.9705,-24.52],[141.8635,-24.403],[141.93,-24.3525],[141.922,-24.3435],[141.9645,-24.311],[141.806,-24.155],[141.9195,-24.0575],[142.024,-24.1675],[142.0525,-24.1335],[142.1005,-24.095],[142.145,-23.701],[141.989,-23.6925],[141.988,-23.7065],[141.829,-23.692],[141.6805,-23.691],[141.6795,-23.7055],[141.531,-23.6895],[141.456,-23.605],[141.388,-23.5335],[141.377,-23.5275],[141.2615,-23.4045],[141.2415,-23.3855],[141.155,-23.291],[141.047,-23.375],[141.0315,-23.384],[140.8295,-23.17],[140.7595,-23.223],[140.7195,-23.1885],[140.6625,-23.1575],[140.5725,-23.2315],[140.413,-23.346],[140.342,-23.4185],[140.3555,-23.526],[140.1545,-23.5055],[139.938,-23.487],[139.9305,-23.548],[139.936,-23.577],[139.8895,-23.614],[139.8625,-23.6295],[139.8775,-23.672],[139.8925,-23.6935],[139.636,-23.679],[139.4635,-23.6715],[139.476,-23.521],[139.2955,-23.51],[139.339,-23.474],[139.175,-23.31],[139.1225,-23.352],[139.0765,-23.307],[138.8995,-23.4485],[138.921,-23.4765],[138.8255,-23.5455],[138.669,-23.54],[138.592,-23.4625],[138.4645,-23.555],[137.9985,-23.521]]]},"properties":{"code":"32750","name":"Diamantina"}},
{"type":"Feature","geometry":{"type":"MultiPolygon","coordinates":[[[[138.878,-18.0185],[138.8865,-17.841],[138.9025,-17.526],[138.8355,-17.521],[138.751,-17.485],[138.738,-17.471],[138.6005,-17.4695],[138.591,-17.7545],[138.585,-17.894],[138.6015,-17.8995],[138.6325,-17.8965],[138.674,-17.9025],[138.7185,-17.928],[138.75,-17.933],[138.8,-17.9335],[138.8515,-17.959],[138.8575,-17.973],[138.851,-18.003],[138.878,-18.0185]]],[[[138.875,-16.8755],[138.8705,-16.939],[139.08,-17.0905],[139.086,-17.0115],[139.1095,-17.0095],[139.087,-16.9985],[139.077,-16.9775],[139.043,-16.95],[139.0345,-16.9255],[139.0385,-16.9125],[139,-16.892],[138.979,-16.8875],[138.945,-16.889],[138.916,-16.876],[138.8985,-16.884],[138.875,-16.8755]]]]},"properties":{"code":"32770","name":"Doomadgee"}},
{"type":"Feature","geometry":{"type":"Polygon","coordinates":[[[145.021,-16.221],[145.0545,-16.241],[145.055,-16.2595],[145.0795,-16.268],[145.0965,-16.2645],[145.1335,-16.2865],[145.1365,-16.3295],[145.145,-16.351],[145.169,-16.3595],[145.1905,-16.394],[145.214,-16.4],[145.209,-16.42],[145.266,-16.472],[145.2585,-16.4845],[145.274,-16.5125],[145.298,-16.538],[145.307,-16.531],[145.3545,-16.5565],[145.3855,-16.5105],[145.404,-16.5125],[145.433,-16.552],[145.449,-16.5995],[145.447,-16.6435],[145.459,-16.649],[145.502,-16.6405],[145.524,-16.6465],[145.5135,-16.6645],[145.5515,-16.6925],[145.617,-16.716],[145.629,-16.7055],[145.582,-16.6875],[145.5665,-16.646],[145.523,-16.601],[145.522,-16.587],[145.47,-16.5145],[145.466,-16.4775],[145.43,-16.4755],[145.4135,-16.466],[145.4075,-16.4315],[145.42,-16.388],[145.412,-16.376],[145.418,-16.3385],[145.4495,-16.291],[145.477,-16.275],[145.481,-16.2405],[145.4705,-16.236],[145.4695,-16.211],[145.445,-16.201],[145.4455,-16.156],[145.4595,-16.1265],[145.459,-16.112],[145.475,-16.0805],[145.464,-16.0635],[145.4635,-16.036],[145.4505,-16.009],[145.4345,-15.998],[145.428,-15.973],[145.4045,-15.9405],[145.381,-15.9235],[145.363,-15.922],[145.333,-15.9465],[145.3255,-15.943],[145.3425,-15.96],[145.313,-15.9835],[145.2875,-15.9815],[145.319,-15.936],[145.2945,-15.93],[145.2825,-15.903],[145.255,-15.933],[145.2465,-15.9175],[145.2155,-15.9215],[145.206,-15.933],[145.1775,-15.9325],[145.163,-15.9235],[145.1455,-15.9275],[145.121,-15.9475],[145.073,-15.9675],[145.078,-15.9815],[145.0685,-16.004],[145.0715,-16.027],[145.091,-16.0445],[145.0905,-16.094],[145.085,-16.117],[145.06,-16.1385],[145.044,-16.163],[145.009,-16.146],[144.985,-16.175],[145.021,-16.221]]]},"properties":{"code":"32810","name":"Douglas"}},
{"type":"Feature","geometry":{"type":"Polygon","coordinates":[[[143.5075,-19.484],[143.5355,-19.472],[143.5655,-19.4855],[143.5905,-19.5075],[143.619,-19.56],[143.6465,-19.584],[143.682,-19.597],[143.715,-19.5855],[143.7755,-19.606],[143.8245,-19.6305],[143.852,-19.637],[143.925,-19.631],[143.9555,-19.6195],[144.004,-19.6215],[144.014,-19.615],[144.054,-19.5705],[144.1035,-19.5795],[144.1395,-19.5655],[144.172,-19.5765],[144.18,-19.5945],[144.2065,-19.604],[144.2265,-19.6185],[144.255,-19.5855],[144.285,-19.5735],[144.2955,-19.5665],[144.3025,-19.4975],[144.345,-19.5015],[144.3515,-19.424],[144.451,-19.4415],[144.468,-19.4475],[144.4745,-19.3705],[144.5915,-19.3795],[144.5985,-19.318],[144.618,-19.3195],[144.6235,-19.2965],[144.751,-19.1805],[144.772,-19.2055],[144.8325,-19.161],[144.7945,-19.162],[144.7745,-19.148],[144.7155,-19.017],[144.698,-18.996],[144.7075,-18.936],[144.7905,-18.871],[144.7455,-18.818],[144.8085,-18.7695],[144.8025,-18.7445],[144.7775,-18.7405],[144.745,-18.722],[144.7415,-18.7025],[144.787,-18.6615],[144.764,-18.6385],[144.6515,-18.6265],[144.66,-18.565],[144.687,-18.3135],[144.741,-18.3185],[144.752,-18.216],[144.734,-18.1755],[144.6855,-18.1245],[144.656,-18.1015],[144.6205,-18.058],[144.6035,-18.047],[144.5035,-18.0375],[144.472,-18.012],[144.456,-18.0555],[144.4155,-18.02],[144.3955,-17.985],[144.3595,-17.972],[144.343,-17.946],[144.303,-17.968],[144.1425,-17.9545],[143.9705,-17.756],[143.9765,-17.681],[143.8335,-17.67],[143.82,-17.659],[143.748,-17.639],[143.739,-17.653],[143.71,-17.645],[143.6845,-17.628],[143.683,-17.613],[143.6525,-17.626],[143.6325,-17.642],[143.593,-17.615],[143.5815,-17.622],[143.573,-17.647],[143.547,-17.6575],[143.5235,-17.6555],[143.5125,-17.6355],[143.4575,-17.6115],[143.434,-17.5845],[143.421,-17.585],[143.3815,-17.5505],[143.342,-17.554],[143.3285,-17.524],[143.298,-17.5295],[143.255,-17.513],[143.211,-17.521],[143.205,-17.553],[143.172,-17.5605],[143.127,-17.559],[143.109,-17.565],[143.0735,-17.544],[143.0665,-17.554],[143.019,-17.537],[143.015,-17.545],[142.9765,-17.5465],[142.9715,-17.584],[142.934,-17.591],[142.8925,-17.6165],[142.8215,-17.631],[142.7925,-17.6475],[142.733,-17.645],[142.677,-17.636],[142.6475,-17.651],[142.631,-17.645],[142.5935,-17.6425],[142.5265,-17.654],[142.5135,-17.662],[142.4945,-17.657],[142.4535,-17.6345],[142.42,-17.6025],[142.4055,-17.579],[142.387,-17.53],[142.3585,-17.5035],[142.332,-17.504],[142.3095,-17.4895],[142.281,-17.5],[142.267,-17.492],[142.265,-17.494],[142.244,-17.713],[142.3825,-17.8715],[142.4825,-17.8755],[142.4985,-17.8935],[142.474,-17.9135],[142.5045,-17.9495],[142.5805,-18.0305],[142.6255,-18.081],[142.4655,-18.218],[142.468,-18.2435],[142.492,-18.26],[142.4845,-18.315],[142.522,-18.3515],[142.522,-18.381],[142.514,-18.404],[142.559,-18.4325],[142.5845,-18.432],[142.619,-18.4575],[142.634,-18.4585],[142.644,-18.482],[142.6485,-18.5135],[142.6915,-18.528],[142.7105,-18.5175],[142.747,-18.514],[142.7635,-18.535],[142.7835,-18.547],[142.782,-18.5765],[142.8015,-18.565],[142.829,-18.583],[142.8525,-18.586],[142.858,-18.615],[142.8345,-18.635],[142.844,-18.656],[142.842,-18.676],[142.876,-18.6975],[142.892,-18.72],[142.894,-18.7535],[142.878,-18.809],[142.91,-18.8535],[142.916,-18.8845],[142.962,-18.9265],[142.987,-18.934],[143.0175,-18.922],[143.102,-18.9205],[143.1415,-18.936],[143.166,-18.99],[143.193,-18.9965],[143.2205,-19.0315],[143.222,-19.051],[143.2605,-19.0555],[143.2715,-19.0905],[143.291,-19.1305],[143.2905,-19.161],[143.329,-19.1935],[143.3675,-19.1835],[143.382,-19.1955],[143.4055,-19.2465],[143.3955,-19.2695],[143.3805,-19.2785],[143.3895,-19.309],[143.418,-19.328],[143.423,-19.357],[143.439,-19.3745],[143.4435,-19.4055],[143.452,-19.4185],[143.451,-19.4475],[143.4865,-19.4855],[143.5075,-19.484]]]},"properties":{"code":"33100","name":"Etheridge"}},
{"type":"Feature","geometry":{"type":"Polygon","coordinates":[[[143.682,-19.597],[143.659,-19.833],[143.6415,-20.0285],[143.6095,-20.0255],[143.597,-20.1455],[143.6255,-20.148],[143.711,-20.229],[143.74,-20.206],[143.79,-20.263],[143.71,-20.325],[143.783,-20.407],[143.7715,-20.431],[143.7015,-20.4825],[143.6295,-20.4825],[143.6145,-20.4955],[143.582,-20.499],[143.5575,-20.5215],[143.5155,-20.5425],[143.5005,-20.5735],[143.483,-20.5885],[143.4775,-20.6065],[143.5335,-20.611],[143.541,-20.6175],[143.5285,-20.7355],[143.499,-20.7825],[143.4475,-20.7775],[143.4345,-20.8285],[143.338,-20.8205],[143.298,-21.1475],[143.261,-21.144],[143.25,-21.186],[143.2365,-21.311],[143.3595,-21.322],[143.332,-21.577],[143.33,-21.6115],[143.358,-21.616],[143.45,-21.623],[143.6495,-21.641],[143.631,-21.7975],[143.782,-21.814],[143.782,-21.811],[143.9295,-21.82],[144.0445,-21.8305],[144.039,-21.8945],[144.0925,-21.899],[144.1115,-21.9065],[144.186,-21.9135],[144.1805,-21.9895],[144.2635,-21.9975],[144.2685,-22.048],[144.417,-22.0615],[144.4135,-22.098],[144.403,-22.1135],[144.398,-22.157],[144.502,-22.165],[144.5005,-22.1855],[144.6375,-22.1955],[144.717,-22.204],[144.74,-22.2115],[144.7525,-22.095],[144.7965,-22.0985],[144.801,-22.0455],[144.943,-22.059],[144.9565,-21.9305],[145.082,-21.9425],[145.0845,-21.9105],[145.075,-21.8915],[145.153,-21.899],[145.166,-21.785],[145.255,-21.794],[145.262,-21.8285],[145.418,-21.846],[145.4345,-21.692],[145.5295,-21.702],[145.533,-21.6585],[145.5395,-21.575],[145.453,-21.566],[145.465,-21.4615],[145.358,-21.454],[145.3565,-21.4675],[145.262,-21.458],[145.2905,-21.426],[145.2495,-21.315],[145.256,-21.2805],[145.2435,-21.2775],[145.2565,-21.1745],[145.221,-21.172],[145.2175,-21.1215],[145.181,-21.0915],[145.173,-21.062],[145.2195,-21.0655],[145.2275,-20.975],[145.1635,-20.9705],[145.184,-20.732],[145.1895,-20.634],[145.0975,-20.628],[145.0975,-20.6195],[145.036,-20.569],[145.0065,-20.5305],[145.0015,-20.495],[144.9735,-20.4775],[144.9315,-20.4585],[144.9095,-20.438],[144.9155,-20.423],[144.9055,-20.4075],[144.909,-20.3725],[144.8205,-20.3325],[144.8325,-20.2865],[144.8205,-20.262],[144.825,-20.233],[144.84,-20.205],[144.8135,-20.169],[144.772,-20.129],[144.7755,-20.0665],[144.6635,-20.0585],[144.667,-20.0285],[144.622,-19.9695],[144.6205,-19.992],[144.58,-19.9875],[144.559,-19.953],[144.4915,-19.9535],[144.4785,-19.975],[144.431,-19.9765],[144.4185,-19.951],[144.3955,-19.9345],[144.4255,-19.611],[144.355,-19.5825],[144.285,-19.5735],[144.255,-19.5855],[144.2265,-19.6185],[144.2065,-19.604],[144.18,-19.5945],[144.172,-19.5765],[144.1395,-19.5655],[144.1035,-19.5795],[144.054,-19.5705],[144.014,-19.615],[144.004,-19.6215],[143.9555,-19.6195],[143.925,-19.631],[143.852,-19.637],[143.8245,-19.6305],[143.7755,-19.606],[143.715,-19.5855],[143.682,-19.597]]]},"properties":{"code":"33200","name":"Flinders (Qld)"}},
{"type":"Feature","geometry":{"type":"MultiPolygon","coordinates":[[[[152.548,-25.205],[152.5245,-25.215],[152.495,-25.2095],[152.467,-25.2155],[152.4505,-25.2285],[152.4155,-25.2905],[152.406,-25.3345],[152.3845,-25.356],[152.3545,-25.366],[152.3345,-25.3825],[152.32,-25.4075],[152.2985,-25.41],[152.2735,-25.4315],[152.2605,-25.462],[152.2735,-25.483],[152.27,-25.522],[152.215,-25.513],[152.1935,-25.519],[152.1655,-25.5475],[152.1645,-25.5745],[152.1115,-25.5985],[152.112,-25.627],[152.0925,-25.632],[152.041,-25.6195],[152.038,-25.643],[152.011,-25.6675],[152.0155,-25.704],[151.9825,-25.715],[151.9955,-25.737],[151.9975,-25.771],[152.0295,-25.7875],[152.033,-25.8525],[152.059,-25.8865],[152.1005,-25.8675],[152.1335,-25.873],[152.1465,-25.8835],[152.232,-25.893],[152.331,-25.907],[152.341,-25.8935],[152.3455,-25.863],[152.39,-25.863],[152.4225,-25.872],[152.421,-25.883],[152.4635,-25.8935],[152.475,-25.9055],[152.5455,-25.913],[152.5485,-25.9295],[152.567,-25.943],[152.6005,-25.9475],[152.6145,-25.957],[152.621,-25.9815],[152.655,-25.986],[152.665,-25.9795],[152.6725,-25.938],[152.6885,-25.9405],[152.708,-25.9165],[152.733,-25.9125],[152.7515,-25.886],[152.713,-25.8455],[152.7355,-25.8425],[152.991,-25.882],[152.9935,-25.881],[153.026,-25.8485],[153.0205,-25.8295],[152.971,-25.7945],[152.976,-25.771],[152.9365,-25.7435],[152.9195,-25.741],[152.9125,-25.7235],[152.9225,-25.711],[152.893,-25.69],[152.9075,-25.676],[152.896,-25.6555],[152.897,-25.629],[152.8775,-25.614],[152.8815,-25.552],[152.9025,-25.542],[152.9095,-25.526],[152.9,-25.4955],[152.9265,-25.4695],[152.9465,-25.461],[152.9535,-25.4325],[152.9345,-25.4315],[152.92,-25.453],[152.897,-25.4555],[152.8545,-25.472],[152.8695,-25.446],[152.8965,-25.434],[152.897,-25.42],[152.9205,-25.419],[152.91,-25.3755],[152.918,-25.3635],[152.902,-25.3145],[152.9145,-25.2935],[152.9035,-25.2825],[152.8525,-25.283],[152.8335,-25.276],[152.828,-25.248],[152.8055,-25.263],[152.7775,-25.269],[152.7275,-25.267],[152.668,-25.246],[152.6415,-25.2185],[152.615,-25.1835],[152.595,-25.1875],[152.5695,-25.1815],[152.5485,-25.188],[152.548,-25.205]]],[[[153.0485,-25.3265],[153.0515,-25.3455],[153.034,-25.382],[153.008,-25.4115],[152.9865,-25.4495],[152.9865,-25.5105],[152.953,-25.55],[152.9435,-25.585],[152.965,-25.6035],[152.9705,-25.635],[152.99,-25.689],[152.9905,-25.718],[153.0115,-25.761],[153.029,-25.7865],[153.049,-25.796],[153.0775,-25.7925],[153.0895,-25.7575],[153.0805,-25.7215],[153.077,-25.68],[153.084,-25.6385],[153.099,-25.586],[153.127,-25.5115],[153.203,-25.338],[153.2655,-25.2105],[153.325,-25.0805],[153.3505,-25.0315],[153.3505,-24.965],[153.325,-24.964],[153.2965,-24.943],[153.2705,-24.8935],[153.261,-24.8515],[153.2595,-24.812],[153.2665,-24.6995],[153.2495,-24.6975],[153.2135,-24.715],[153.1835,-24.7375],[153.1225,-24.804],[153.1765,-24.839],[153.23,-24.9195],[153.234,-24.937],[153.229,-24.981],[153.197,-25.036],[153.1635,-25.0805],[153.129,-25.113],[153.0705,-25.1575],[153.0305,-25.1755],[152.9995,-25.2085],[152.996,-25.2265],[153.04,-25.23],[153.0475,-25.257],[153.04,-25.2765],[153.0485,-25.3265]]],[[[152.914,-25.526],[152.945,-25.514],[152.956,-25.495],[152.9315,-25.4825],[152.9075,-25.5055],[152.914,-25.526]]]]},"properties":{"code":"33220","name":"Fraser Coast"}},
{"type":"Feature","geometry":{"type":"MultiPolygon","coordinates":[[[[152.046,-24.527],[152.045,-24.5025],[152.008,-24.4375],[151.9835,-24.374],[151.9675,-24.32],[151.9535,-24.2875],[151.941,-24.2365],[151.883,-24.1755],[151.831,-24.167],[151.8045,-24.146],[151.7875,-24.123],[151.768,-24.06],[151.7685,-24.021],[151.7475,-24.0135],[151.745,-24.032],[151.726,-24.03],[151.689,-24.006],[151.673,-23.9895],[151.646,-23.9785],[151.6105,-23.9795],[151.6125,-24.0075],[151.6615,-24.038],[151.669,-24.052],[151.6635,-24.084],[151.6385,-24.07],[151.613,-24.0435],[151.578,-24.046],[151.5595,-24.0555],[151.5555,-24.088],[151.5255,-24.0895],[151.5275,-24.064],[151.5075,-24.0405],[151.544,-24.0295],[151.501,-24.013],[151.4675,-23.9945],[151.4375,-23.9945],[151.4415,-24.016],[151.4775,-24.045],[151.4425,-24.057],[151.425,-24.046],[151.4355,-24.0265],[151.427,-23.9875],[151.4045,-23.966],[151.356,-23.9365],[151.3345,-23.9065],[151.3185,-23.874],[151.32,-23.8595],[151.2805,-23.8555],[151.271,-23.8355],[151.252,-23.832],[151.2305,-23.816],[151.1935,-23.825],[151.1725,-23.8155],[151.1645,-23.7955],[151.167,-23.7745],[151.1445,-23.768],[151.1595,-23.7475],[151.122,-23.672],[151.044,-23.6255],[151.0265,-23.572],[150.974,-23.557],[150.9715,-23.591],[150.9585,-23.6005],[150.959,-23.5535],[150.933,-23.5445],[150.886,-23.5735],[150.8685,-23.577],[150.861,-23.612],[150.8325,-23.606],[150.824,-23.616],[150.8305,-23.6415],[150.819,-23.6515],[150.8185,-23.684],[150.8115,-23.7035],[150.7725,-23.741],[150.7585,-23.7625],[150.718,-23.758],[150.706,-23.778],[150.6795,-23.7845],[150.656,-23.8025],[150.646,-23.8385],[150.628,-23.842],[150.6025,-23.8335],[150.5985,-23.8485],[150.618,-23.884],[150.633,-23.9225],[150.677,-23.9395],[150.702,-23.9875],[150.698,-24.032],[150.704,-24.059],[150.7205,-24.075],[150.7165,-24.108],[150.723,-24.138],[150.78,-24.1465],[150.813,-24.1825],[150.803,-24.2035],[150.7995,-24.2545],[150.7775,-24.275],[150.791,-24.287],[150.779,-24.306],[150.776,-24.3475],[150.7825,-24.3625],[150.8325,-24.371],[150.849,-24.3815],[150.8785,-24.42],[150.9135,-24.423],[150.9245,-24.4065],[150.9395,-24.4085],[150.965,-24.4605],[150.983,-24.472],[150.993,-24.4425],[150.993,-24.4095],[151.005,-24.3945],[151.0445,-24.3945],[151.0455,-24.413],[151.072,-24.438],[151.09,-24.441],[151.115,-24.4745],[151.138,-24.4555],[151.169,-24.479],[151.154,-24.513],[151.153,-24.5375],[151.169,-24.5495],[151.2215,-24.5295],[151.2285,-24.537],[151.2185,-24.586],[151.2375,-24.6535],[151.2555,-24.6625],[151.292,-24.6575],[151.323,-24.644],[151.342,-24.6495],[151.374,-24.61],[151.407,-24.6155],[151.4105,-24.5965],[151.433,-24.5915],[151.4635,-24.56],[151.4705,-24.5365],[151.4865,-24.541],[151.4905,-24.566],[151.505,-24.5935],[151.524,-24.6],[151.5425,-24.6175],[151.5325,-24.6605],[151.5145,-24.67],[151.531,-24.6965],[151.5525,-24.6985],[151.569,-24.71],[151.5935,-24.7],[151.617,-24.711],[151.645,-24.7145],[151.677,-24.6955],[151.7205,-24.736],[151.7435,-24.7655],[151.751,-24.736],[151.7985,-24.7445],[151.8145,-24.766],[151.849,-24.7865],[151.884,-24.7685],[151.8905,-24.746],[151.923,-24.7385],[151.932,-24.708],[151.9625,-24.701],[151.9605,-24.6765],[151.991,-24.681],[151.9945,-24.6565],[151.984,-24.6445],[151.959,-24.64],[151.966,-24.6245],[151.9855,-24.6115],[151.9885,-24.5915],[151.969,-24.58],[151.9985,-24.5155],[152.046,-24.527]]],[[[151.273,-23.7635],[151.265,-23.778],[151.2825,-23.793],[151.2905,-23.7615],[151.3025,-23.7475],[151.2865,-23.684],[151.2395,-23.643],[151.2255,-23.6095],[151.2255,-23.566],[151.2355,-23.531],[151.235,-23.4935],[151.1995,-23.5105],[151.1585,-23.51],[151.123,-23.4905],[151.101,-23.4885],[151.06,-23.449],[151.043,-23.4565],[151.019,-23.452],[151.01,-23.4765],[150.99,-23.4805],[150.994,-23.5155],[151.0125,-23.5535],[151.0325,-23.5705],[151.0465,-23.621],[151.1205,-23.6615],[151.142,-23.6935],[151.1865,-23.77],[151.2155,-23.797],[151.273,-23.7635]]],[[[151.364,-23.8585],[151.38,-23.8805],[151.394,-23.8645],[151.3735,-23.8125],[151.326,-23.7755],[151.3365,-23.8245],[151.361,-23.825],[151.364,-23.8585]]]]},"properties":{"code":"33360","name":"Gladstone"}},
{"type":"Feature","geometry":{"type":"MultiPolygon","coordinates":[[[[153.2925,-27.692],[153.2865,-27.6945],[153.2565,-27.692],[153.236,-27.703],[153.22,-27.735],[153.201,-27.74],[153.1925,-27.7805],[153.17,-27.7995],[153.1835,-27.82],[153.173,-27.8345],[153.189,-27.855],[153.1805,-27.895],[153.2155,-27.903],[153.2065,-27.949],[153.225,-27.956],[153.22,-27.9765],[153.2035,-27.9785],[153.218,-28.008],[153.239,-28.011],[153.2285,-28.055],[153.2135,-28.0805],[153.2275,-28.0975],[153.2025,-28.117],[153.184,-28.193],[153.2075,-28.253],[153.233,-28.265],[153.2465,-28.2465],[153.277,-28.234],[153.305,-28.2395],[153.33,-28.237],[153.339,-28.2505],[153.3645,-28.2475],[153.3895,-28.235],[153.4055,-28.211],[153.4685,-28.1625],[153.486,-28.157],[153.531,-28.175],[153.552,-28.1645],[153.5245,-28.1665],[153.478,-28.1255],[153.449,-28.08],[153.4375,-28.0405],[153.4295,-27.9745],[153.4105,-27.955],[153.4085,-27.912],[153.3925,-27.877],[153.4015,-27.863],[153.386,-27.828],[153.371,-27.816],[153.3735,-27.7995],[153.3845,-27.7845],[153.425,-27.7795],[153.436,-27.7445],[153.415,-27.742],[153.406,-27.7345],[153.402,-27.72],[153.3915,-27.707],[153.3565,-27.7115],[153.348,-27.695],[153.328,-27.697],[153.3035,-27.7145],[153.2925,-27.692]]],[[[153.4195,-27.8825],[153.435,-27.8125],[153.409,-27.8225],[153.4095,-27.8575],[153.4195,-27.8825]]],[[[153.386,-27.786],[153.391,-27.7955],[153.3735,-27.8095],[153.3945,-27.819],[153.4115,-27.789],[153.386,-27.786]]]]},"properties":{"code":"33430","name":"Gold Coast"}},
{"type":"Feature","geometry":{"type":"Polygon","coordinates":[[[150.484,-28.6625],[150.514,-28.6625],[150.534,-28.672],[150.5825,-28.6565],[150.6005,-28.6715],[150.633,-28.677],[150.6425,-28.665],[150.67,-28.654],[150.7015,-28.6555],[150.727,-28.636],[150.752,-28.6345],[150.815,-28.6575],[150.8195,-28.667],[150.85,-28.6745],[150.8905,-28.6955],[150.905,-28.6875],[150.931,-28.706],[150.9335,-28.7235],[150.9525,-28.7365],[150.9795,-28.7325],[151.026,-28.755],[151.025,-28.794],[151.0415,-28.798],[151.039,-28.8365],[151.059,-28.8465],[151.0825,-28.8345],[151.1035,-28.8365],[151.132,-28.86],[151.161,-28.8655],[151.171,-28.8775],[151.1995,-28.8845],[151.215,-28.9045],[151.2745,-28.9385],[151.2805,-28.964],[151.272,-28.9725],[151.283,-29.0025],[151.286,-29.065],[151.275,-29.0765],[151.279,-29.099],[151.301,-29.114],[151.318,-29.1385],[151.312,-29.161],[151.3385,-29.179],[151.366,-29.174],[151.3955,-29.1775],[151.41,-29.154],[151.425,-29.149],[151.458,-29.117],[151.463,-29.0985],[151.487,-29.0875],[151.495,-29.0305],[151.505,-29.0095],[151.458,-28.999],[151.444,-29.032],[151.4475,-29.0595],[151.4195,-29.0635],[151.399,-29.0535],[151.361,-29.047],[151.351,-29.03],[151.366,-29.02],[151.363,-29.0025],[151.378,-28.9925],[151.3785,-28.928],[151.388,-28.9015],[151.3825,-28.8745],[151.4025,-28.8315],[151.4225,-28.8075],[151.4535,-28.7595],[151.4775,-28.7465],[151.4875,-28.723],[151.5255,-28.6785],[151.5315,-28.6545],[151.5715,-28.6085],[151.582,-28.586],[151.605,-28.5755],[151.6015,-28.5585],[151.64,-28.524],[151.6465,-28.4925],[151.6395,-28.453],[151.6785,-28.4285],[151.6815,-28.4085],[151.702,-28.392],[151.6935,-28.3515],[151.7065,-28.326],[151.6785,-28.301],[151.653,-28.3015],[151.6295,-28.274],[151.588,-28.274],[151.5455,-28.2875],[151.509,-28.2585],[151.503,-28.2335],[151.477,-28.2075],[151.483,-28.1945],[151.441,-28.152],[151.397,-28.1675],[151.3765,-28.154],[151.3425,-28.177],[151.3095,-28.1725],[151.2735,-28.1925],[151.1705,-28.182],[151.173,-28.167],[151.1255,-28.1765],[151.0545,-28.1625],[151.0375,-28.141],[151.049,-28.124],[151.0555,-28.094],[150.8565,-28.069],[150.8255,-28.054],[150.832,-28.0305],[150.805,-28.015],[150.795,-27.9925],[150.7355,-27.971],[150.735,-27.9485],[150.7025,-27.9345],[150.6775,-27.919],[150.674,-27.9035],[150.6465,-27.895],[150.645,-27.8505],[150.621,-27.811],[150.6035,-27.806],[150.575,-27.7795],[150.521,-27.7725],[150.489,-27.788],[150.458,-27.7605],[150.439,-27.7685],[150.41,-27.7465],[150.383,-27.7645],[150.335,-27.7615],[150.3265,-27.8085],[150.274,-27.803],[150.2765,-27.8515],[150.246,-27.852],[150.2485,-27.9075],[150.2235,-27.8945],[150.1565,-27.9225],[150.1365,-27.9105],[150.117,-27.9635],[150.0695,-27.958],[150.066,-27.9855],[149.932,-27.967],[149.7865,-28.0065],[149.632,-27.987],[149.6275,-28.0145],[149.4575,-27.993],[149.4455,-28.0715],[149.431,-28.07],[149.4055,-28.2285],[149.189,-28.2],[149.1885,-28.204],[149.0745,-28.193],[149.0415,-28.186],[148.9585,-28.2885],[148.9325,-28.4845],[148.924,-28.559],[148.9355,-28.5605],[148.9195,-28.657],[148.987,-28.6635],[148.975,-28.759],[148.9905,-28.761],[148.9815,-28.8205],[149.044,-28.8925],[149.0565,-28.8995],[149.0545,-28.886],[149.08,-28.858],[149.08,-28.8435],[149.0975,-28.832],[149.128,-28.8355],[149.151,-28.8075],[149.1865,-28.7945],[149.1885,-28.7755],[149.219,-28.763],[149.2325,-28.7495],[149.2795,-28.732],[149.2965,-28.71],[149.316,-28.711],[149.329,-28.699],[149.3635,-28.689],[149.388,-28.6945],[149.431,-28.638],[149.43,-28.6265],[149.456,-28.5955],[149.508,-28.5755],[149.5565,-28.579],[149.5725,-28.572],[149.5975,-28.579],[149.611,-28.601],[149.63,-28.595],[149.6475,-28.6125],[149.697,-28.6315],[149.7095,-28.613],[149.7435,-28.618],[149.8305,-28.604],[149.8745,-28.607],[149.8895,-28.619],[149.9085,-28.6105],[149.9435,-28.614],[149.979,-28.6085],[150.0305,-28.5805],[150.0445,-28.587],[150.077,-28.5835],[150.1655,-28.554],[150.17,-28.5605],[150.2135,-28.5735],[150.235,-28.555],[150.2675,-28.5405],[150.293,-28.5375],[150.32,-28.557],[150.3295,-28.572],[150.35,-28.575],[150.3625,-28.589],[150.37,-28.621],[150.3915,-28.634],[150.416,-28.6355],[150.442,-28.6645],[150.46,-28.669],[150.484,-28.6625]]]},"properties":{"code":"33610","name":"Goondiwindi"}},
{"type":"Feature","geometry":{"type":"Polygon","coordinates":[[[152.1675,-26.4755],[152.2065,-26.5085],[152.231,-26.5075],[152.2335,-26.492],[152.253,-26.4845],[152.259,-26.47],[152.2845,-26.4525],[152.3145,-26.48],[152.371,-26.4625],[152.4025,-26.474],[152.412,-26.4645],[152.443,-26.4605],[152.4385,-26.486],[152.444,-26.506],[152.4355,-26.524],[152.4405,-26.557],[152.457,-26.581],[152.52,-26.5885],[152.5115,-26.5675],[152.554,-26.5725],[152.575,-26.584],[152.6255,-26.582],[152.6605,-26.597],[152.681,-26.584],[152.7285,-26.537],[152.745,-26.5495],[152.767,-26.5375],[152.762,-26.5105],[152.745,-26.4995],[152.789,-26.4695],[152.7955,-26.4325],[152.7935,-26.407],[152.769,-26.394],[152.7655,-26.3725],[152.772,-26.3455],[152.7925,-26.3515],[152.797,-26.325],[152.8275,-26.239],[152.831,-26.216],[152.85,-26.2185],[152.853,-26.1985],[152.8765,-26.2015],[152.8925,-26.2165],[152.9225,-26.1985],[152.9575,-26.19],[152.972,-26.165],[152.974,-26.137],[153.0965,-26.155],[153.113,-26.1035],[153.1495,-26.0125],[153.1855,-25.939],[153.164,-25.9495],[153.138,-25.945],[153.1085,-25.922],[153.09,-25.897],[153.075,-25.8405],[153.055,-25.827],[153.0475,-25.862],[153.0595,-25.877],[153.0585,-25.9],[153.0265,-25.915],[153.0455,-25.9285],[153.039,-25.9605],[153.011,-25.9805],[153.0035,-25.953],[153.027,-25.939],[153.0075,-25.921],[153.0175,-25.895],[152.9935,-25.881],[152.991,-25.882],[152.7355,-25.8425],[152.713,-25.8455],[152.7515,-25.886],[152.733,-25.9125],[152.708,-25.9165],[152.6885,-25.9405],[152.6725,-25.938],[152.665,-25.9795],[152.655,-25.986],[152.621,-25.9815],[152.6145,-25.957],[152.6005,-25.9475],[152.567,-25.943],[152.5485,-25.9295],[152.5455,-25.913],[152.475,-25.9055],[152.4635,-25.8935],[152.421,-25.883],[152.4225,-25.872],[152.39,-25.863],[152.3455,-25.863],[152.341,-25.8935],[152.331,-25.907],[152.232,-25.893],[152.1465,-25.8835],[152.1335,-25.873],[152.1005,-25.8675],[152.059,-25.8865],[152.033,-25.8525],[152.0295,-25.7875],[151.9975,-25.771],[151.9865,-25.779],[151.986,-25.8015],[151.9485,-25.851],[151.9285,-25.8675],[151.901,-25.8695],[151.893,-25.8485],[151.863,-25.8055],[151.829,-25.7945],[151.8105,-25.7635],[151.7785,-25.7745],[151.762,-25.7995],[151.773,-25.852],[151.78,-25.9185],[151.753,-25.9375],[151.7645,-25.9495],[151.8145,-25.956],[151.8065,-26.006],[151.8115,-26.0205],[151.832,-26.023],[151.8395,-26.0095],[151.939,-26.0205],[151.9475,-26.043],[151.9355,-26.092],[151.9845,-26.099],[151.9565,-26.1285],[151.975,-26.1335],[151.976,-26.1735],[151.9905,-26.1755],[152.0105,-26.199],[152.005,-26.217],[152.04,-26.2455],[152.0615,-26.243],[152.066,-26.2755],[152.0785,-26.285],[152.073,-26.322],[152.05,-26.354],[152.009,-26.3495],[152.004,-26.3755],[152.0665,-26.3815],[152.0725,-26.3595],[152.0965,-26.3735],[152.12,-26.3785],[152.121,-26.3925],[152.1485,-26.4015],[152.167,-26.4165],[152.174,-26.438],[152.1675,-26.4755]]]},"properties":{"code":"33620","name":"Gympie"}},
{"type":"Feature","geometry":{"type":"MultiPolygon","coordinates":[[[[146.167,-18.9355],[146.192,-18.9435],[146.211,-18.923],[146.265,-18.95],[146.2875,-18.9525],[146.293,-18.9345],[146.3235,-18.9285],[146.2905,-18.893],[146.2785,-18.869],[146.2755,-18.824],[146.2855,-18.762],[146.302,-18.705],[146.321,-18.6625],[146.3195,-18.6455],[146.3375,-18.612],[146.345,-18.554],[146.3285,-18.5205],[146.3135,-18.522],[146.295,-18.508],[146.262,-18.4945],[146.23,-18.4895],[146.207,-18.5165],[146.1835,-18.5325],[146.1215,-18.508],[146.1045,-18.4535],[146.1015,-18.4325],[146.085,-18.401],[146.074,-18.4035],[146.0365,-18.388],[145.9835,-18.397],[145.962,-18.3945],[145.9475,-18.3645],[145.9295,-18.3695],[145.8795,-18.4075],[145.8255,-18.407],[145.807,-18.386],[145.769,-18.3995],[145.7575,-18.396],[145.755,-18.4385],[145.738,-18.453],[145.7445,-18.4665],[145.779,-18.492],[145.76,-18.5145],[145.772,-18.5235],[145.791,-18.501],[145.814,-18.531],[145.815,-18.5515],[145.8335,-18.5675],[145.844,-18.5925],[145.8325,-18.5985],[145.7955,-18.5775],[145.792,-18.6065],[145.8165,-18.6175],[145.802,-18.749],[145.792,-18.7605],[145.791,-18.804],[145.775,-18.817],[145.8195,-18.8425],[145.838,-18.8615],[145.8645,-18.876],[145.9355,-18.883],[145.938,-18.8605],[145.966,-18.8795],[146.0075,-18.886],[146.009,-18.905],[146.023,-18.919],[146.0425,-18.919],[146.063,-18.905],[146.0825,-18.9215],[146.1115,-18.933],[146.1265,-18.9235],[146.154,-18.923],[146.167,-18.9355]]],[[[146.4855,-18.6165],[146.504,-18.599],[146.481,-18.5825],[146.4855,-18.6165]]]]},"properties":{"code":"33800","name":"Hinchinbrook"}},
{"type":"Feature","geometry":{"type":"Polygon","coordinates":[[[145.2385,-15.4435],[145.248,-15.4165],[145.288,-15.376],[145.298,-15.344],[145.2835,-15.324],[145.3135,-15.2905],[145.354,-15.264],[145.329,-15.2485],[145.3115,-15.261],[145.271,-15.2585],[145.262,-15.25],[145.2385,-15.1965],[145.2345,-15.143],[145.249,-15.1105],[145.289,-15.0435],[145.3475,-14.9845],[145.352,-14.953],[145.3145,-14.953],[145.2975,-14.9635],[145.281,-14.955],[145.2645,-14.927],[145.2225,-14.8845],[145.2185,-14.869],[145.2295,-14.835],[145.1775,-14.843],[145.141,-14.832],[145.1445,-14.8395],[145.129,-14.981],[145.169,-14.985],[145.161,-15.059],[145.1365,-15.057],[145.1395,-15.095],[145.1655,-15.085],[145.1625,-15.1175],[145.1835,-15.1195],[145.1775,-15.141],[145.1325,-15.1445],[145.1165,-15.15],[145.0865,-15.143],[145.08,-15.26],[145.057,-15.2715],[145.031,-15.269],[145.028,-15.294],[145.0365,-15.309],[145.061,-15.312],[145.058,-15.344],[145.041,-15.342],[145.0325,-15.376],[145.065,-15.3815],[145.081,-15.3915],[145.1205,-15.3945],[145.1235,-15.36],[145.149,-15.362],[145.1455,-15.399],[145.102,-15.403],[145.1005,-15.4185],[145.155,-15.415],[145.215,-15.415],[145.2385,-15.4435]]]},"properties":{"code":"33830","name":"Hope Vale"}},
{"type":"Feature","geometry":{"type":"Polygon","coordinates":[[[152.73,-27.4955],[152.7055,-27.508],[152.6825,-27.531],[152.6515,-27.533],[152.648,-27.551],[152.618,-27.546],[152.5705,-27.545],[152.5645,-27.5695],[152.514,-27.5665],[152.5045,-27.596],[152.488,-27.6035],[152.458,-27.6625],[152.439,-27.65],[152.4235,-27.6545],[152.411,-27.6815],[152.4135,-27.701],[152.405,-27.749],[152.3895,-27.7695],[152.409,-27.796],[152.392,-27.8175],[152.4025,-27.8635],[152.4195,-27.8655],[152.4285,-27.8405],[152.4435,-27.845],[152.451,-27.802],[152.4675,-27.783],[152.4945,-27.7835],[152.499,-27.7585],[152.5195,-27.761],[152.5295,-27.7175],[152.598,-27.7265],[152.6075,-27.737],[152.656,-27.7385],[152.6675,-27.75],[152.7045,-27.7495],[152.7075,-27.7585],[152.758,-27.7675],[152.7605,-27.7855],[152.8025,-27.7985],[152.804,-27.825],[152.8245,-27.794],[152.8035,-27.7855],[152.808,-27.7585],[152.857,-27.7575],[152.883,-27.7475],[152.8905,-27.7035],[152.9235,-27.7075],[152.9415,-27.6265],[152.9205,-27.6055],[152.901,-27.603],[152.889,-27.5905],[152.849,-27.5645],[152.8525,-27.5425],[152.809,-27.5575],[152.767,-27.556],[152.74,-27.5615],[152.744,-27.514],[152.73,-27.4955]]]},"properties":{"code":"33960","name":"Ipswich"}},
{"type":"Feature","geometry":{"type":"MultiPolygon","coordinates":[[[[146.904,-21.469],[146.866,-21.5125],[146.87,-21.5265],[146.852,-21.5455],[146.8345,-21.5745],[146.834,-21.643],[146.756,-21.6365],[146.6515,-21.6095],[146.6565,-21.5825],[146.4925,-21.5665],[146.493,-21.5885],[146.484,-21.6805],[146.4465,-21.668],[146.396,-21.663],[146.3405,-21.57],[146.3465,-21.518],[146.1505,-21.5],[146.1325,-21.514],[146.0935,-21.51],[146.084,-21.6095],[146.069,-21.809],[146.1265,-21.8135],[146.1185,-21.901],[146.2115,-21.9085],[146.2015,-22.0075],[146.072,-21.997],[146.067,-22.0265],[146.0395,-22.0235],[146.0315,-22.105],[146.074,-22.1235],[146.0645,-22.186],[146.0705,-22.2265],[146.052,-22.3385],[146.122,-22.3475],[146.109,-22.4455],[146.2755,-22.4625],[146.2695,-22.5085],[146.311,-22.4935],[146.347,-22.5],[146.3725,-22.5195],[146.3875,-22.5195],[146.4285,-22.488],[146.452,-22.4995],[146.4395,-22.549],[146.424,-22.5475],[146.4015,-22.7555],[146.5485,-22.769],[146.5285,-22.793],[146.5265,-22.8125],[146.5465,-22.8395],[146.559,-22.8775],[146.5795,-22.8895],[146.611,-22.881],[146.646,-22.883],[146.6645,-22.9065],[146.6635,-22.9215],[146.7025,-22.962],[146.733,-22.97],[146.753,-22.9845],[146.7795,-23.0215],[146.789,-23.1265],[146.8145,-23.1535],[146.8535,-23.167],[146.8745,-23.1955],[146.8845,-23.2205],[146.875,-23.2755],[146.8545,-23.3045],[146.9325,-23.3155],[146.9395,-23.2605],[146.9785,-23.264],[147.079,-23.28],[147.075,-23.307],[147.1585,-23.3265],[147.162,-23.3395],[147.2865,-23.351],[147.28,-23.299],[147.2875,-23.279],[147.2735,-23.271],[147.261,-23.2445],[147.261,-23.21],[147.278,-23.196],[147.3515,-23.1865],[147.3835,-23.1655],[147.3945,-23.1475],[147.4415,-23.12],[147.464,-23.092],[147.487,-23.079],[147.484,-23.0465],[147.52,-23.0285],[147.497,-23.001],[147.504,-22.986],[147.553,-23.009],[147.555,-22.9775],[147.5825,-22.9605],[147.588,-22.9225],[147.605,-22.8925],[147.617,-22.8935],[147.626,-22.919],[147.6405,-22.9265],[147.6635,-22.913],[147.7,-22.909],[147.7025,-22.886],[147.737,-22.8615],[147.756,-22.855],[147.794,-22.8005],[147.821,-22.783],[147.8445,-22.785],[147.9075,-22.749],[147.9195,-22.7175],[147.929,-22.7185],[147.994,-22.6935],[147.9935,-22.677],[148.0085,-22.6615],[148.023,-22.693],[148.0505,-22.699],[148.061,-22.71],[148.064,-22.7395],[148.1095,-22.7665],[148.1435,-22.765],[148.15,-22.7795],[148.176,-22.7905],[148.2355,-22.772],[148.239,-22.74],[148.2635,-22.739],[148.343,-22.7255],[148.3705,-22.7655],[148.3685,-22.795],[148.297,-22.8545],[148.2805,-22.886],[148.325,-22.95],[148.458,-22.8675],[148.542,-22.8775],[148.541,-22.9195],[148.5525,-22.942],[148.554,-22.9745],[148.582,-22.973],[148.585,-23.0005],[148.5995,-23.003],[148.588,-23.0715],[148.5625,-23.116],[148.579,-23.1175],[148.6245,-23.149],[148.565,-23.222],[148.5825,-23.234],[148.512,-23.289],[148.5025,-23.3305],[148.5505,-23.347],[148.5705,-23.3795],[148.5505,-23.407],[148.573,-23.469],[148.523,-23.505],[148.5255,-23.5505],[148.5375,-23.556],[148.5695,-23.553],[148.6185,-23.536],[148.634,-23.5095],[148.634,-23.4785],[148.654,-23.476],[148.6785,-23.4495],[148.7045,-23.4315],[148.675,-23.4245],[148.6805,-23.406],[148.7115,-23.3875],[148.7045,-23.3645],[148.7365,-23.3485],[148.7475,-23.379],[148.7765,-23.372],[148.7775,-23.3525],[148.8245,-23.379],[148.851,-23.368],[148.8685,-23.3515],[148.867,-23.3155],[148.8455,-23.2905],[148.856,-23.266],[148.8805,-23.248],[148.914,-23.265],[148.927,-23.2445],[148.945,-23.2435],[148.9475,-23.218],[148.968,-23.196],[148.9855,-23.1945],[149.0065,-23.1665],[149.0055,-23.15],[148.987,-23.143],[148.9735,-23.1245],[148.9795,-23.0925],[149.0255,-23.0815],[149.0395,-23.0615],[149.0815,-23.0615],[149.1115,-23.056],[149.125,-23.0625],[149.18,-23.048],[149.2025,-23.047],[149.229,-23.003],[149.234,-22.9825],[149.287,-22.956],[149.2865,-22.9405],[149.302,-22.9285],[149.3145,-22.905],[149.33,-22.8985],[149.3285,-22.8775],[149.3685,-22.878],[149.3985,-22.8575],[149.413,-22.8575],[149.4345,-22.828],[149.427,-22.7765],[149.4405,-22.7655],[149.4485,-22.741],[149.435,-22.73],[149.432,-22.7015],[149.3905,-22.6855],[149.377,-22.659],[149.3885,-22.616],[149.4245,-22.6475],[149.4585,-22.6315],[149.463,-22.5975],[149.4925,-22.621],[149.536,-22.6145],[149.575,-22.592],[149.6245,-22.598],[149.636,-22.5865],[149.631,-22.544],[149.6535,-22.521],[149.66,-22.501],[149.6825,-22.491],[149.752,-22.4365],[149.744,-22.4275],[149.7475,-22.3855],[149.765,-22.3745],[149.731,-22.348],[149.7135,-22.3565],[149.692,-22.3475],[149.6585,-22.355],[149.6525,-22.3295],[149.6245,-22.2965],[149.5975,-22.2815],[149.601,-22.261],[149.573,-22.23],[149.5575,-22.183],[149.5535,-22.1405],[149.543,-22.134],[149.517,-22.0755],[149.5235,-22.03],[149.5105,-22.0065],[149.489,-21.987],[149.481,-21.9565],[149.4665,-21.928],[149.4625,-21.876],[149.472,-21.84],[149.463,-21.822],[149.439,-21.8105],[149.432,-21.797],[149.435,-21.752],[149.4595,-21.7285],[149.456,-21.6795],[149.44,-21.651],[149.4405,-21.6315],[149.385,-21.625],[149.3835,-21.6495],[149.3615,-21.6495],[149.343,-21.688],[149.314,-21.7],[149.286,-21.7015],[149.2825,-21.7195],[149.2555,-21.743],[149.216,-21.7445],[149.1825,-21.768],[149.1655,-21.7685],[149.136,-21.7455],[149.1025,-21.7445],[149.0645,-21.7345],[149.0595,-21.7635],[149.036,-21.7715],[149.027,-21.742],[148.994,-21.719],[148.9985,-21.68],[149.019,-21.6605],[149.0105,-21.638],[149.049,-21.6245],[149.061,-21.515],[149.0825,-21.4975],[149.092,-21.4505],[149.0735,-21.4025],[149.0755,-21.39],[149.054,-21.3795],[149.034,-21.354],[149.0055,-21.3645],[148.9715,-21.3685],[148.9635,-21.38],[148.9365,-21.387],[148.909,-21.382],[148.902,-21.4055],[148.793,-21.393],[148.763,-21.395],[148.744,-21.3835],[148.7235,-21.355],[148.7,-21.344],[148.6895,-21.359],[148.6515,-21.3655],[148.6145,-21.377],[148.547,-21.3675],[148.5345,-21.3335],[148.4935,-21.292],[148.4705,-21.274],[148.4315,-21.299],[148.3755,-21.2605],[148.338,-21.2495],[148.304,-21.213],[148.312,-21.173],[148.292,-21.1515],[148.3285,-21.115],[148.3065,-21.0915],[148.302,-21.067],[148.284,-21.045],[148.2385,-21.006],[148.226,-20.9825],[148.2375,-20.954],[148.227,-20.931],[148.1355,-20.998],[148.1035,-21],[148.092,-21.0195],[148.0675,-21.0265],[148.048,-21.0155],[148.0285,-20.9855],[148.0095,-20.9885],[148.015,-21.0135],[148.029,-21.037],[148.016,-21.0655],[148.026,-21.101],[148.0465,-21.1305],[148.065,-21.171],[148.094,-21.2025],[148.0895,-21.224],[148.0725,-21.2425],[148.0565,-21.244],[148.027,-21.27],[147.9855,-21.2895],[147.943,-21.2895],[147.8425,-21.263],[147.8435,-21.2315],[147.8075,-21.2165],[147.8095,-21.1945],[147.7785,-21.2],[147.81,-21.2545],[147.809,-21.287],[147.8245,-21.296],[147.825,-21.312],[147.805,-21.3215],[147.7965,-21.3455],[147.774,-21.357],[147.736,-21.4005],[147.7405,-21.4215],[147.7255,-21.4345],[147.7,-21.474],[147.658,-21.4895],[147.6455,-21.511],[147.65,-21.529],[147.646,-21.5645],[147.6335,-21.596],[147.61,-21.6],[147.608,-21.618],[147.585,-21.642],[147.541,-21.644],[147.537,-21.6545],[147.509,-21.654],[147.487,-21.675],[147.44,-21.69],[147.389,-21.6835],[147.3465,-21.6575],[147.313,-21.65],[147.2845,-21.656],[147.2475,-21.6565],[147.2155,-21.6715],[147.189,-21.6465],[147.1785,-21.627],[147.1695,-21.5865],[147.16,-21.5715],[147.1265,-21.549],[147.032,-21.5225],[147.0005,-21.523],[146.9595,-21.513],[146.931,-21.5135],[146.904,-21.469]]],[[[150.248,-21.6765],[150.275,-21.6805],[150.302,-21.6655],[150.2895,-21.6475],[150.248,-21.6295],[150.242,-21.6635],[150.248,-21.6765]]],[[[150.3585,-21.7335],[150.3115,-21.7585],[150.332,-21.7715],[150.3465,-21.7645],[150.346,-21.745],[150.3585,-21.7335]]]]},"properties":{"code":"33980","name":"Isaac"}},
{"type":"Feature","geometry":{"type":"Polygon","coordinates":[[[141.485,-15.499],[141.507,-15.5145],[141.5355,-15.507],[141.556,-15.531],[141.593,-15.5205],[141.604,-15.5355],[141.639,-15.541],[141.9725,-15.569],[141.9955,-15.4535],[141.94,-15.3975],[141.9685,-15.3555],[142.0245,-15.379],[142.093,-15.1905],[142.126,-15.1005],[142.134,-14.9855],[142.093,-15.0315],[142.0815,-15.0505],[142.0035,-15.088],[141.993,-15.0845],[141.958,-15.0925],[141.934,-15.1135],[141.9145,-15.111],[141.871,-15.1255],[141.843,-15.1255],[141.805,-15.14],[141.724,-15.139],[141.725,-15.12],[141.6965,-15.0985],[141.674,-15.11],[141.6515,-15.0815],[141.6505,-15.069],[141.6295,-15.1085],[141.6395,-15.131],[141.6265,-15.1615],[141.5775,-15.209],[141.5765,-15.259],[141.564,-15.307],[141.546,-15.331],[141.533,-15.3835],[141.5,-15.47],[141.485,-15.499]]]},"properties":{"code":"34420","name":"Kowanyama"}},
{"type":"Feature","geometry":{"type":"MultiPolygon","coordinates":[[[[150.7905,-23.506],[150.805,-23.5015],[150.85,-23.507],[150.861,-23.502],[150.8675,-23.475],[150.8465,-23.4555],[150.8165,-23.4185],[150.7925,-23.355],[150.793,-23.3235],[150.7855,-23.31],[150.8245,-23.275],[150.8245,-23.2525],[150.7915,-23.2145],[150.7925,-23.162],[150.7745,-23.165],[150.751,-23.1355],[150.752,-23.105],[150.7685,-23.0675],[150.7775,-22.962],[150.791,-22.9435],[150.787,-22.893],[150.7975,-22.8255],[150.806,-22.794],[150.831,-22.6845],[150.8045,-22.6715],[150.8045,-22.6485],[150.781,-22.6465],[150.775,-22.614],[150.7815,-22.5675],[150.788,-22.555],[150.7715,-22.525],[150.7545,-22.531],[150.7625,-22.5525],[150.745,-22.583],[150.744,-22.6165],[150.7245,-22.613],[150.7265,-22.58],[150.721,-22.5565],[150.6915,-22.5535],[150.6745,-22.533],[150.6565,-22.488],[150.686,-22.4925],[150.6985,-22.5065],[150.727,-22.514],[150.7295,-22.4885],[150.7585,-22.4685],[150.747,-22.446],[150.703,-22.4395],[150.6875,-22.4135],[150.68,-22.364],[150.6505,-22.369],[150.6695,-22.401],[150.658,-22.414],[150.6375,-22.382],[150.646,-22.3475],[150.626,-22.332],[150.586,-22.3295],[150.566,-22.316],[150.54,-22.3505],[150.5335,-22.3815],[150.54,-22.405],[150.533,-22.45],[150.5565,-22.477],[150.569,-22.5045],[150.5675,-22.523],[150.592,-22.565],[150.545,-22.5615],[150.502,-22.538],[150.446,-22.5225],[150.4245,-22.499],[150.405,-22.4965],[150.403,-22.4815],[150.3335,-22.441],[150.2985,-22.406],[150.222,-22.39],[150.1775,-22.3605],[150.179,-22.341],[150.192,-22.325],[150.1575,-22.305],[150.1515,-22.26],[150.11,-22.233],[150.0875,-22.183],[150.0815,-22.1525],[150.062,-22.138],[150.0355,-22.129],[150.025,-22.147],[150.005,-22.143],[149.987,-22.1635],[149.964,-22.174],[149.9435,-22.21],[149.9315,-22.2545],[149.9175,-22.276],[149.9145,-22.316],[149.929,-22.3235],[149.913,-22.346],[149.94,-22.4005],[149.963,-22.456],[149.9735,-22.4665],[149.9845,-22.507],[150.003,-22.53],[150.011,-22.583],[150.0305,-22.6185],[150.0165,-22.635],[149.963,-22.5395],[149.9275,-22.5215],[149.922,-22.509],[149.8885,-22.493],[149.87,-22.466],[149.851,-22.418],[149.8285,-22.404],[149.811,-22.382],[149.7845,-22.3805],[149.7715,-22.4205],[149.752,-22.4365],[149.6825,-22.491],[149.66,-22.501],[149.6535,-22.521],[149.631,-22.544],[149.636,-22.5865],[149.6245,-22.598],[149.575,-22.592],[149.536,-22.6145],[149.4925,-22.621],[149.463,-22.5975],[149.4585,-22.6315],[149.4245,-22.6475],[149.3885,-22.616],[149.377,-22.659],[149.3905,-22.6855],[149.432,-22.7015],[149.435,-22.73],[149.4485,-22.741],[149.4405,-22.7655],[149.427,-22.7765],[149.4345,-22.828],[149.413,-22.8575],[149.3985,-22.8575],[149.3685,-22.878],[149.384,-22.896],[149.401,-22.8965],[149.4145,-22.9165],[149.4215,-22.962],[149.4115,-22.988],[149.428,-23.0055],[149.4425,-23.0335],[149.486,-23.058],[149.492,-23.084],[149.4815,-23.113],[149.503,-23.124],[149.617,-23.0935],[149.637,-23.0745],[149.6725,-23.082],[149.7195,-23.0605],[149.7195,-23.0415],[149.731,-23.026],[149.7785,-23.0145],[149.8025,-22.9925],[149.8265,-22.9815],[149.878,-22.988],[149.908,-23.007],[149.933,-23.0135],[149.925,-23.0555],[149.9645,-23.0785],[150.001,-23.087],[150.025,-23.0715],[150.0315,-23.047],[150.065,-23.035],[150.0775,-23.0455],[150.068,-23.086],[150.0975,-23.093],[150.1225,-23.09],[150.1385,-23.103],[150.134,-23.1225],[150.163,-23.146],[150.188,-23.132],[150.216,-23.1085],[150.2505,-23.1125],[150.2965,-23.1375],[150.3655,-23.1465],[150.385,-23.143],[150.3925,-23.161],[150.38,-23.207],[150.3415,-23.244],[150.356,-23.2625],[150.373,-23.265],[150.393,-23.243],[150.4085,-23.2405],[150.4265,-23.254],[150.434,-23.285],[150.4605,-23.3375],[150.4755,-23.3125],[150.5085,-23.282],[150.5585,-23.277],[150.587,-23.2675],[150.592,-23.3025],[150.609,-23.3225],[150.613,-23.3425],[150.5845,-23.342],[150.5875,-23.373],[150.571,-23.399],[150.5935,-23.4235],[150.602,-23.443],[150.6255,-23.457],[150.6485,-23.518],[150.6825,-23.498],[150.7055,-23.506],[150.7285,-23.4915],[150.773,-23.5065],[150.7905,-23.506]]],[[[150.9395,-23.198],[150.981,-23.1845],[150.974,-23.152],[150.936,-23.176],[150.9395,-23.198]]],[[[150.4215,-22.2945],[150.4315,-22.272],[150.4635,-22.259],[150.456,-22.2275],[150.442,-22.231],[150.4305,-22.252],[150.4345,-22.2675],[150.4155,-22.2795],[150.4215,-22.2945]]],[[[150.1855,-21.979],[150.16,-21.9775],[150.169,-21.9985],[150.1855,-21.979]]],[[[150.472,-22.286],[150.486,-22.311],[150.4755,-22.335],[150.483,-22.3495],[150.51,-22.338],[150.541,-22.3155],[150.5545,-22.2915],[150.5245,-22.2575],[150.5195,-22.225],[150.4895,-22.2065],[150.4705,-22.221],[150.486,-22.2435],[150.492,-22.2645],[150.4695,-22.267],[150.472,-22.286]]],[[[149.862,-22.1695],[149.8775,-22.209],[149.868,-22.225],[149.9025,-22.2315],[149.9185,-22.205],[149.9235,-22.176],[149.9225,-22.128],[149.9045,-22.0785],[149.909,-22.0535],[149.8815,-22.068],[149.8835,-22.0775],[149.8695,-22.1185],[149.8715,-22.1465],[149.862,-22.1695]]],[[[150.014,-22.1055],[149.9495,-22.135],[149.933,-22.1525],[149.945,-22.172],[149.9755,-22.159],[149.983,-22.146],[150.0205,-22.1185],[150.014,-22.1055]]]]},"properties":{"code":"34530","name":"Livingstone"}},
{"type":"Feature","geometry":{"type":"Polygon","coordinates":[[[143.596,-13.414],[143.58,-13.374],[143.559,-13.3675],[143.538,-13.35],[143.525,-13.319],[143.5225,-13.2755],[143.5165,-13.258],[143.52,-13.171],[143.505,-13.148],[143.502,-13.1245],[143.5065,-13.076],[143.5125,-13.0615],[143.5065,-13.0405],[143.5145,-13.009],[143.504,-12.985],[143.512,-12.961],[143.4975,-12.9525],[143.512,-12.9025],[143.543,-12.8455],[143.5165,-12.8445],[143.4965,-12.861],[143.4735,-12.865],[143.449,-12.8495],[143.407,-12.8665],[143.398,-12.888],[143.35,-12.889],[143.3595,-12.836],[143.362,-12.791],[143.3545,-12.78],[143.3295,-12.7705],[143.3195,-12.7915],[143.303,-12.773],[143.296,-12.797],[143.3095,-12.814],[143.3145,-12.837],[143.2825,-12.8335],[143.2355,-12.873],[143.2295,-12.8525],[143.232,-12.828],[143.22,-12.804],[143.216,-12.7685],[143.2025,-12.76],[143.188,-12.728],[143.2065,-12.695],[143.2225,-12.678],[143.202,-12.6445],[143.197,-12.6175],[143.1795,-12.6055],[143.177,-12.5705],[143.162,-12.5565],[143.1425,-12.569],[143.115,-12.5755],[143.0875,-12.565],[143.0695,-12.612],[143.076,-12.6375],[143.046,-12.66],[143.028,-12.698],[142.9435,-12.691],[142.92,-12.7045],[142.9315,-12.728],[142.921,-12.762],[142.9265,-12.7825],[142.8995,-12.785],[142.8835,-12.8055],[142.9165,-12.838],[142.919,-12.862],[142.947,-12.881],[142.961,-12.903],[142.9495,-12.927],[142.958,-12.947],[142.8935,-12.993],[142.98,-13.116],[143.0075,-13.1295],[143.057,-13.125],[143.0885,-13.1465],[143.1095,-13.1505],[143.139,-13.1395],[143.153,-13.146],[143.1765,-13.139],[143.23,-13.132],[143.2515,-13.138],[143.241,-13.251],[143.2575,-13.241],[143.344,-13.248],[143.344,-13.265],[143.318,-13.278],[143.356,-13.2875],[143.3795,-13.309],[143.3895,-13.3315],[143.3805,-13.3595],[143.3645,-13.3795],[143.3645,-13.4025],[143.3275,-13.44],[143.3105,-13.479],[143.3165,-13.4855],[143.4975,-13.4515],[143.4945,-13.4275],[143.5205,-13.4375],[143.5395,-13.421],[143.563,-13.4155],[143.58,-13.422],[143.596,-13.414]]]},"properties":{"code":"34570","name":"Lockhart River"}},
{"type":"Feature","geometry":{"type":"Polygon","coordinates":[[[152.1915,-27.387],[152.196,-27.406],[152.148,-27.4375],[152.137,-27.4235],[152.0835,-27.4045],[152.0565,-27.4025],[152.029,-27.4165],[152.0195,-27.4485],[152.0065,-27.447],[151.967,-27.4735],[151.968,-27.503],[151.9555,-27.514],[151.9985,-27.526],[151.988,-27.536],[152.0005,-27.557],[151.995,-27.5995],[151.978,-27.621],[151.948,-27.6175],[151.942,-27.632],[151.956,-27.6495],[151.985,-27.6485],[151.992,-27.6735],[152.0105,-27.7],[152.034,-27.703],[152.074,-27.731],[152.0865,-27.7575],[152.1315,-27.7715],[152.1475,-27.799],[152.1395,-27.8215],[152.1515,-27.834],[152.151,-27.8765],[152.176,-27.8875],[152.1755,-27.9045],[152.1885,-27.924],[152.215,-27.945],[152.2515,-27.955],[152.277,-27.9695],[152.2985,-27.9565],[152.3275,-27.9665],[152.343,-27.961],[152.3825,-27.9655],[152.389,-27.974],[152.416,-27.9445],[152.4055,-27.919],[152.4115,-27.8835],[152.4025,-27.8635],[152.392,-27.8175],[152.409,-27.796],[152.3895,-27.7695],[152.405,-27.749],[152.4135,-27.701],[152.411,-27.6815],[152.4235,-27.6545],[152.439,-27.65],[152.458,-27.6625],[152.488,-27.6035],[152.5045,-27.596],[152.514,-27.5665],[152.4925,-27.551],[152.4995,-27.5115],[152.475,-27.508],[152.4805,-27.483],[152.4575,-27.4645],[152.436,-27.458],[152.4355,-27.44],[152.409,-27.4365],[152.4015,-27.415],[152.3735,-27.402],[152.3155,-27.399],[152.3105,-27.4295],[152.2945,-27.4275],[152.2915,-27.4],[152.263,-27.416],[152.261,-27.3925],[152.1915,-27.387]]]},"properties":{"code":"34580","name":"Lockyer Valley"}},
{"type":"Feature","geometry":{"type":"Polygon","coordinates":[[[152.9415,-27.6265],[152.9235,-27.7075],[152.8905,-27.7035],[152.883,-27.7475],[152.857,-27.7575],[152.808,-27.7585],[152.8035,-27.7855],[152.8245,-27.794],[152.804,-27.825],[152.8005,-27.843],[152.836,-27.869],[152.8825,-27.8485],[152.9,-27.853],[152.931,-27.84],[152.943,-27.8615],[152.9605,-27.921],[152.985,-27.912],[153.0125,-27.9205],[153.031,-27.9155],[153.0475,-27.9355],[153.0695,-27.9385],[153.0885,-27.931],[153.1065,-27.9115],[153.098,-27.8955],[153.11,-27.8635],[153.173,-27.8345],[153.1835,-27.82],[153.17,-27.7995],[153.1925,-27.7805],[153.201,-27.74],[153.22,-27.735],[153.236,-27.703],[153.2565,-27.692],[153.2865,-27.6945],[153.28,-27.6585],[153.255,-27.6495],[153.1875,-27.6405],[153.176,-27.6065],[153.156,-27.592],[153.1235,-27.5875],[153.106,-27.593],[153.0955,-27.645],[153.0375,-27.6605],[152.997,-27.654],[152.9415,-27.6265]]]},"properties":{"code":"34590","name":"Logan"}},
{"type":"Feature","geometry":{"type":"Polygon","coordinates":[[[142.878,-23.702],[142.95,-23.708],[142.934,-23.867],[143.069,-23.8785],[143.04,-24.1345],[143.104,-24.138],[143.0965,-24.2175],[143.1,-24.268],[143.2805,-24.282],[143.302,-24.276],[143.347,-24.226],[143.343,-24.1965],[143.3625,-24.17],[143.3625,-24.1435],[143.376,-24.12],[143.4595,-24.1305],[143.463,-24.1015],[143.6365,-24.118],[143.63,-24.1755],[143.744,-24.1865],[143.731,-24.2965],[143.7165,-24.307],[143.7105,-24.352],[143.7025,-24.3515],[143.6935,-24.4405],[143.758,-24.4365],[143.7695,-24.446],[143.757,-24.547],[143.7205,-24.508],[143.5355,-24.6425],[143.606,-24.7325],[143.5705,-24.738],[143.5145,-24.7775],[143.5135,-24.79],[143.4335,-24.8495],[143.4285,-24.872],[143.558,-25.0105],[143.579,-24.9905],[143.575,-24.9745],[143.6105,-24.953],[143.664,-25.0165],[143.695,-25.0095],[143.7175,-24.9855],[143.7235,-24.9585],[143.7455,-24.9265],[143.7545,-24.9235],[143.821,-24.865],[143.882,-24.8355],[143.8945,-24.803],[143.9285,-24.8415],[143.9445,-24.8295],[143.966,-24.8455],[144.0155,-24.8965],[144.009,-24.902],[144.15,-25.0605],[144.182,-25.0365],[144.2535,-25.117],[144.2005,-25.1555],[144.196,-25.1655],[144.232,-25.231],[144.225,-25.2555],[144.2535,-25.2095],[144.381,-25.1135],[144.3985,-25.1325],[144.4615,-25.0325],[144.482,-25.078],[144.6275,-24.9675],[144.652,-24.6625],[144.6855,-24.649],[144.6875,-24.636],[144.6555,-24.633],[144.672,-24.4935],[144.7005,-24.21],[144.789,-24.22],[144.8035,-24.067],[144.841,-24.032],[144.8835,-24.007],[144.795,-23.9985],[144.804,-23.938],[144.7875,-23.9365],[144.8145,-23.777],[144.8255,-23.697],[144.7755,-23.6915],[144.795,-23.519],[144.8695,-23.524],[144.881,-23.4485],[144.8615,-23.4465],[144.871,-23.3635],[144.884,-23.3465],[144.9095,-23.349],[144.9255,-23.2185],[144.893,-23.215],[144.9045,-23.1145],[144.8525,-23.109],[144.8645,-23.007],[144.662,-22.9885],[144.481,-22.9685],[144.4705,-22.951],[144.473,-22.922],[144.4865,-22.8955],[144.5115,-22.868],[144.5105,-22.846],[144.5205,-22.825],[144.571,-22.7825],[144.5715,-22.764],[144.587,-22.7415],[144.583,-22.72],[144.5895,-22.6895],[144.5485,-22.686],[144.556,-22.664],[144.5,-22.659],[144.5035,-22.6075],[144.4755,-22.6055],[144.474,-22.6245],[144.243,-22.6005],[144.2405,-22.632],[144.1685,-22.624],[144.176,-22.5945],[144.083,-22.587],[144.0745,-22.592],[143.9585,-22.579],[143.9405,-22.588],[143.905,-22.5475],[143.8875,-22.4965],[143.776,-22.564],[143.7545,-22.5565],[143.631,-22.5315],[143.614,-22.5385],[143.6315,-22.5575],[143.4795,-22.672],[143.4,-22.6705],[143.3975,-22.7285],[143.3005,-22.723],[143.299,-22.755],[143.265,-22.794],[143.2535,-22.7995],[143.2435,-22.89],[143.108,-22.9975],[143.0065,-22.9895],[143.0035,-23.0205],[142.99,-23.07],[142.9795,-23.137],[143.0695,-23.239],[142.9465,-23.3345],[142.9225,-23.3095],[142.91,-23.319],[142.9005,-23.3445],[142.8515,-23.3475],[142.8355,-23.4925],[142.8285,-23.5095],[142.8085,-23.637],[142.8865,-23.6485],[142.878,-23.702]]]},"properties":{"code":"34710","name":"Longreach"}},
{"type":"Feature","geometry":{"type":"MultiPolygon","coordinates":[[[[148.6695,-20.571],[148.643,-20.5505],[148.607,-20.5675],[148.6,-20.5935],[148.586,-20.6005],[148.5645,-20.5825],[148.5555,-20.601],[148.5705,-20.624],[148.527,-20.654],[148.491,-20.6215],[148.481,-20.698],[148.4485,-20.701],[148.448,-20.736],[148.457,-20.737],[148.361,-20.8075],[148.3015,-20.8005],[148.303,-20.787],[148.1655,-20.771],[148.1685,-20.7865],[148.16,-20.829],[148.149,-20.8415],[148.1795,-20.8825],[148.2185,-20.9145],[148.227,-20.931],[148.2375,-20.954],[148.226,-20.9825],[148.2385,-21.006],[148.284,-21.045],[148.302,-21.067],[148.3065,-21.0915],[148.3285,-21.115],[148.292,-21.1515],[148.312,-21.173],[148.304,-21.213],[148.338,-21.2495],[148.3755,-21.2605],[148.4315,-21.299],[148.4705,-21.274],[148.4935,-21.292],[148.5345,-21.3335],[148.547,-21.3675],[148.6145,-21.377],[148.6515,-21.3655],[148.6895,-21.359],[148.7,-21.344],[148.7235,-21.355],[148.744,-21.3835],[148.763,-21.395],[148.793,-21.393],[148.902,-21.4055],[148.909,-21.382],[148.9365,-21.387],[148.9635,-21.38],[148.9715,-21.3685],[149.0055,-21.3645],[149.034,-21.354],[149.054,-21.3795],[149.0755,-21.39],[149.0735,-21.4025],[149.092,-21.4505],[149.0825,-21.4975],[149.061,-21.515],[149.049,-21.6245],[149.0105,-21.638],[149.019,-21.6605],[148.9985,-21.68],[148.994,-21.719],[149.027,-21.742],[149.036,-21.7715],[149.0595,-21.7635],[149.0645,-21.7345],[149.1025,-21.7445],[149.136,-21.7455],[149.1655,-21.7685],[149.1825,-21.768],[149.216,-21.7445],[149.2555,-21.743],[149.2825,-21.7195],[149.286,-21.7015],[149.314,-21.7],[149.343,-21.688],[149.3615,-21.6495],[149.3835,-21.6495],[149.385,-21.625],[149.4405,-21.6315],[149.4535,-21.603],[149.486,-21.5705],[149.4845,-21.534],[149.468,-21.535],[149.448,-21.577],[149.439,-21.555],[149.3795,-21.5355],[149.3905,-21.494],[149.3615,-21.504],[149.3545,-21.4895],[149.319,-21.4905],[149.3,-21.509],[149.2865,-21.487],[149.2955,-21.472],[149.298,-21.429],[149.338,-21.427],[149.333,-21.412],[149.2955,-21.4155],[149.315,-21.3905],[149.315,-21.3545],[149.297,-21.3405],[149.2955,-21.2855],[149.266,-21.271],[149.2575,-21.2455],[149.225,-21.2635],[149.1995,-21.268],[149.214,-21.2415],[149.197,-21.2115],[149.194,-21.185],[149.2035,-21.155],[149.199,-21.1375],[149.2215,-21.131],[149.23,-21.0705],[149.2105,-21.077],[149.1865,-21.034],[149.1705,-21.037],[149.1575,-21.016],[149.159,-21.0015],[149.1345,-20.995],[149.1155,-21.0025],[149.089,-20.9755],[149.0645,-20.9745],[149.0305,-20.9865],[149.02,-20.969],[149.025,-20.944],[149.0145,-20.9375],[149.049,-20.907],[149.029,-20.8975],[149.0055,-20.9125],[148.983,-20.892],[148.928,-20.884],[148.919,-20.8925],[148.89,-20.878],[148.8855,-20.8575],[148.8435,-20.872],[148.8485,-20.8475],[148.816,-20.803],[148.8295,-20.7765],[148.802,-20.7755],[148.781,-20.7625],[148.7755,-20.7315],[148.731,-20.7165],[148.733,-20.6895],[148.7065,-20.671],[148.718,-20.663],[148.7185,-20.6425],[148.7,-20.6395],[148.688,-20.6225],[148.686,-20.6],[148.663,-20.5875],[148.6695,-20.571]]],[[[149.067,-20.526],[149.068,-20.498],[149.043,-20.517],[149.067,-20.526]]],[[[149.4345,-20.9305],[149.4525,-20.933],[149.4525,-20.906],[149.4255,-20.907],[149.4345,-20.9305]]]]},"properties":{"code":"34770","name":"Mackay"}},
{"type":"Feature","geometry":{"type":"Polygon","coordinates":[[[141.3095,-21.9395],[141.4835,-21.947],[141.508,-21.7505],[141.583,-21.756],[141.58,-21.793],[141.7385,-21.807],[141.7405,-21.7915],[141.9395,-21.8065],[142.0485,-21.816],[142.066,-21.695],[142.072,-21.541],[142.0735,-21.5235],[142.0375,-21.52],[142.0805,-21.4885],[142.0915,-21.3825],[142.064,-21.38],[142.1375,-21.3235],[142.047,-21.2245],[142.0575,-21.217],[142.1575,-21.235],[142.25,-21.236],[142.2555,-21.1695],[142.2225,-21.1675],[142.2375,-21.014],[142.199,-21.011],[142.203,-20.9875],[142.292,-20.995],[142.302,-20.884],[142.321,-20.886],[142.331,-20.794],[142.355,-20.7965],[142.3635,-20.72],[142.31,-20.7145],[142.339,-20.6655],[142.345,-20.6005],[142.3445,-20.571],[142.3615,-20.5685],[142.3735,-20.4395],[142.3805,-20.334],[142.336,-20.3305],[142.361,-20.0625],[142.3795,-19.8615],[142.3495,-19.859],[142.376,-19.6],[142.602,-19.62],[142.6095,-19.548],[142.592,-19.5465],[142.6045,-19.403],[142.3975,-19.3885],[142.3745,-19.4],[142.168,-19.383],[142.1595,-19.455],[142.0345,-19.4425],[142.0365,-19.422],[141.9045,-19.4105],[141.908,-19.372],[141.8105,-19.369],[141.753,-19.305],[141.692,-19.3575],[141.6815,-19.3285],[141.6415,-19.307],[141.6105,-19.331],[141.4115,-19.3135],[141.4185,-19.243],[141.359,-19.239],[141.3095,-19.2255],[141.0955,-19.199],[141.1065,-19.148],[140.9215,-19.1355],[140.943,-19.151],[140.939,-19.173],[140.9525,-19.1805],[140.9895,-19.242],[140.9965,-19.262],[140.979,-19.266],[140.971,-19.2815],[140.983,-19.3065],[140.9755,-19.3285],[141.001,-19.409],[141.03,-19.4365],[141.02,-19.4455],[141.022,-19.469],[141.04,-19.4945],[141.0075,-19.5265],[141.0145,-19.557],[140.9465,-19.582],[140.9425,-19.64],[140.8645,-19.635],[140.859,-19.6405],[140.7495,-19.629],[140.7505,-19.657],[140.7395,-19.667],[140.8215,-19.709],[140.8185,-19.7595],[140.8865,-19.764],[140.875,-19.9285],[140.8995,-19.932],[140.7835,-20.0235],[140.8655,-20.123],[140.9,-20.111],[140.997,-20.2235],[140.9095,-20.2925],[140.941,-20.3005],[141.0795,-20.3145],[141.0645,-20.334],[141.059,-20.368],[141.0175,-20.387],[141.0135,-20.4295],[141.024,-20.484],[141.038,-20.5125],[141.04,-20.5435],[141.083,-20.5905],[141.078,-20.645],[140.9665,-20.631],[140.951,-20.697],[140.9525,-20.7355],[140.93,-20.7535],[140.8965,-20.8185],[140.8745,-20.8245],[140.8505,-20.846],[140.8315,-20.8735],[140.8385,-20.907],[140.83,-20.913],[140.8495,-20.9485],[140.828,-20.989],[140.873,-20.9915],[140.8645,-21.099],[140.834,-21.097],[140.833,-21.1115],[140.805,-21.1945],[140.809,-21.22],[140.8825,-21.225],[140.876,-21.323],[140.859,-21.322],[140.8565,-21.359],[140.8075,-21.3545],[140.8,-21.4195],[140.8435,-21.427],[140.8645,-21.48],[140.8935,-21.5265],[140.9265,-21.556],[140.952,-21.602],[140.95,-21.625],[140.9215,-21.6985],[140.926,-21.734],[140.9235,-21.773],[140.89,-21.8115],[140.865,-21.8095],[140.8605,-21.869],[140.881,-21.8725],[140.8565,-21.9135],[140.855,-21.9345],[140.9125,-21.9385],[140.9095,-21.9685],[140.8825,-22.048],[140.9135,-22.0475],[140.981,-22.053],[140.994,-21.894],[141.0635,-21.9025],[141.063,-21.9285],[141.3095,-21.9395]]]},"properties":{"code":"34800","name":"McKinlay"}},
{"type":"Feature","geometry":{"type":"MultiPolygon","coordinates":[[[[141.7255,-12.2295],[141.7425,-12.2235],[141.8135,-12.2415],[141.849,-12.241],[141.8485,-12.194],[141.9135,-12.1645],[141.945,-12.147],[141.9245,-12.1195],[141.916,-12.0745],[141.9185,-12.045],[141.8865,-11.985],[141.9065,-11.9535],[141.88,-11.9545],[141.8505,-11.9845],[141.8355,-12.0155],[141.8205,-12.0315],[141.7535,-12.18],[141.7255,-12.2295]]],[[[142.129,-12.3915],[142.22,-12.2785],[142.0755,-12.279],[142.11,-12.297],[142.113,-12.353],[142.129,-12.3915]]],[[[141.9245,-12.168],[141.961,-12.1805],[141.9675,-12.1525],[141.9495,-12.0855],[141.9685,-12.066],[141.986,-12.059],[142.004,-12.128],[142.0115,-12.122],[142.006,-12.093],[142.022,-12.0805],[142.0465,-12.1125],[142.0425,-12.0635],[142.071,-12.04],[142.065,-12.0075],[142.0875,-11.9965],[142.0595,-11.982],[142.042,-11.9905],[142.0375,-12.033],[142.02,-12.07],[142.0085,-12.076],[141.994,-12.0595],[141.958,-12.0425],[141.9325,-12.071],[141.9285,-12.099],[141.9365,-12.1305],[141.9475,-12.1415],[141.946,-12.1525],[141.9245,-12.168]]]]},"properties":{"code":"34830","name":"Mapoon"}},
{"type":"Feature","geometry":{"type":"Polygon","coordinates":[[[147.0605,-27.5365],[147.0635,-27.566],[147.143,-27.575],[147.121,-27.7135],[147.1175,-27.7615],[147.1085,-27.818],[147.118,-27.8575],[147.1095,-27.896],[147.124,-27.898],[147.206,-27.907],[147.2085,-27.8925],[147.286,-27.9025],[147.292,-27.868],[147.438,-27.887],[147.448,-27.831],[147.561,-27.8445],[147.5825,-27.706],[147.6365,-27.71],[147.6485,-27.6255],[147.7405,-27.637],[147.7735,-27.611],[147.916,-27.629],[147.918,-27.588],[148.0175,-27.6],[148.011,-27.655],[148.056,-27.624],[148.0965,-27.6695],[148.182,-27.6115],[148.223,-27.656],[148.246,-27.64],[148.2845,-27.6835],[148.4145,-27.597],[148.459,-27.6225],[148.4845,-27.6055],[148.51,-27.6165],[148.591,-27.625],[148.5845,-27.6755],[148.7395,-27.693],[148.7355,-27.652],[148.7425,-27.628],[148.7215,-27.602],[148.725,-27.579],[148.7745,-27.5845],[148.7825,-27.5705],[148.8395,-27.577],[148.835,-27.6145],[149.0025,-27.633],[149.0315,-27.5815],[149.0565,-27.589],[149.051,-27.6265],[149.19,-27.643],[149.185,-27.676],[149.427,-27.7025],[149.4215,-27.722],[149.4275,-27.7455],[149.4955,-27.754],[149.508,-27.679],[149.4655,-27.6735],[149.499,-27.4585],[149.4965,-27.432],[149.467,-27.3935],[149.458,-27.368],[149.502,-27.294],[149.5525,-27.259],[149.5935,-27.222],[149.5565,-27.1915],[149.679,-27.0745],[149.6595,-27.0675],[149.632,-27.0685],[149.6155,-27.033],[149.668,-27.0155],[149.645,-26.9645],[149.63,-26.9445],[149.588,-26.829],[149.596,-26.8075],[149.684,-26.7735],[149.663,-26.7515],[149.676,-26.7265],[149.671,-26.6685],[149.6965,-26.644],[149.702,-26.611],[149.667,-26.6065],[149.67,-26.588],[149.6965,-26.591],[149.7105,-26.5335],[149.697,-26.517],[149.7025,-26.497],[149.7275,-26.4705],[149.6855,-26.465],[149.7225,-26.4365],[149.732,-26.4165],[149.746,-26.4185],[149.751,-26.39],[149.773,-26.401],[149.805,-26.3935],[149.8215,-26.38],[149.8315,-26.3175],[149.8165,-26.303],[149.7185,-26.291],[149.702,-26.3115],[149.649,-26.307],[149.623,-26.299],[149.615,-26.308],[149.5695,-26.303],[149.5655,-26.3325],[149.505,-26.336],[149.512,-26.322],[149.5115,-26.29],[149.474,-26.2865],[149.464,-26.311],[149.4005,-26.2765],[149.3895,-26.291],[149.35,-26.291],[149.297,-26.2825],[149.2725,-26.2995],[149.2165,-26.3035],[149.184,-26.3215],[149.1525,-26.3055],[149.166,-26.284],[149.1615,-26.26],[149.1635,-26.197],[149.204,-26.128],[149.2205,-26.116],[149.212,-26.0755],[149.218,-26.0535],[149.1355,-26.0445],[149.0975,-25.948],[149.0945,-25.9405],[149.1085,-25.873],[149.0435,-25.822],[149.0255,-25.799],[149.0315,-25.7755],[148.961,-25.79],[148.9445,-25.771],[148.911,-25.7675],[148.924,-25.7405],[148.922,-25.7255],[148.9425,-25.6855],[148.9735,-25.7135],[149.016,-25.682],[149.0535,-25.6655],[149.0595,-25.6525],[149.0195,-25.604],[148.995,-25.601],[148.9835,-25.5885],[149.0245,-25.56],[148.938,-25.4585],[148.9005,-25.4725],[148.8335,-25.46],[148.776,-25.435],[148.762,-25.4175],[148.726,-25.401],[148.719,-25.387],[148.7265,-25.3425],[148.759,-25.3105],[148.7455,-25.2795],[148.7275,-25.288],[148.7085,-25.2775],[148.6825,-25.2835],[148.6665,-25.311],[148.643,-25.284],[148.6,-25.273],[148.5665,-25.2495],[148.5385,-25.2455],[148.4765,-25.2455],[148.453,-25.2545],[148.4,-25.246],[148.352,-25.229],[148.3475,-25.22],[148.3065,-25.204],[148.293,-25.182],[148.2945,-25.166],[148.276,-25.153],[148.236,-25.1145],[148.2345,-25.1005],[148.2135,-25.0865],[148.1815,-25.0795],[148.1605,-25.084],[148.1345,-25.0435],[148.1165,-25.023],[148.099,-25.0185],[148.085,-25.002],[148.076,-24.976],[148.0755,-24.943],[148.0575,-24.9155],[148.0295,-24.9115],[148.0135,-24.8985],[147.995,-24.8995],[147.973,-24.8815],[147.952,-24.883],[147.9225,-24.9205],[147.895,-24.9185],[147.895,-24.934],[147.8705,-24.946],[147.8495,-24.965],[147.808,-24.977],[147.791,-25.007],[147.7625,-25.0315],[147.726,-25.033],[147.7,-25.0115],[147.659,-25.0045],[147.6485,-25.0765],[147.6755,-25.08],[147.655,-25.231],[147.5545,-25.219],[147.541,-25.3115],[147.359,-25.2905],[147.362,-25.3225],[147.39,-25.3435],[147.3845,-25.3755],[147.373,-25.3745],[147.356,-25.501],[147.305,-25.4955],[147.2855,-25.6405],[147.1795,-25.629],[147.16,-25.781],[147.2585,-25.792],[147.276,-25.836],[147.275,-25.8765],[147.286,-25.9035],[147.2825,-25.915],[147.371,-25.9425],[147.3975,-25.969],[147.4545,-25.9805],[147.442,-26.01],[147.4515,-26.0815],[147.444,-26.134],[147.434,-26.14],[147.3825,-26.1335],[147.365,-26.1435],[147.3595,-26.173],[147.37,-26.181],[147.356,-26.239],[147.379,-26.2415],[147.3735,-26.287],[147.344,-26.283],[147.3215,-26.4285],[147.3175,-26.435],[147.305,-26.5275],[147.231,-26.519],[147.2165,-26.528],[147.21,-26.574],[147.2425,-26.5775],[147.2445,-26.602],[147.2385,-26.6455],[147.2375,-26.6995],[147.2215,-26.743],[147.22,-26.8745],[147.206,-26.9675],[147.0645,-26.9565],[147.0575,-27.0005],[147.049,-27.011],[147.0385,-27.084],[147.03,-27.0925],[147.0965,-27.0995],[147.087,-27.171],[147.0815,-27.1705],[147.064,-27.2445],[147.047,-27.3655],[147.0495,-27.407],[147.04,-27.4755],[147.0525,-27.476],[147.0605,-27.5365]]]},"properties":{"code":"34860","name":"Maranoa"}},
{"type":"Feature","geometry":{"type":"Polygon","coordinates":[[[142.267,-17.492],[142.281,-17.5],[142.3095,-17.4895],[142.332,-17.504],[142.3585,-17.5035],[142.387,-17.53],[142.4055,-17.579],[142.42,-17.6025],[142.4535,-17.6345],[142.4945,-17.657],[142.5135,-17.662],[142.5265,-17.654],[142.5935,-17.6425],[142.631,-17.645],[142.6475,-17.651],[142.677,-17.636],[142.733,-17.645],[142.7925,-17.6475],[142.8215,-17.631],[142.8925,-17.6165],[142.934,-17.591],[142.9715,-17.584],[142.9765,-17.5465],[143.015,-17.545],[143.019,-17.537],[143.0665,-17.554],[143.0735,-17.544],[143.109,-17.565],[143.127,-17.559],[143.172,-17.5605],[143.205,-17.553],[143.211,-17.521],[143.255,-17.513],[143.298,-17.5295],[143.3285,-17.524],[143.342,-17.554],[143.3815,-17.5505],[143.421,-17.585],[143.434,-17.5845],[143.4575,-17.6115],[143.5125,-17.6355],[143.5235,-17.6555],[143.547,-17.6575],[143.573,-17.647],[143.5815,-17.622],[143.593,-17.615],[143.6325,-17.642],[143.6525,-17.626],[143.683,-17.613],[143.6845,-17.628],[143.71,-17.645],[143.739,-17.653],[143.748,-17.639],[143.82,-17.659],[143.8335,-17.67],[143.9765,-17.681],[143.9705,-17.756],[144.1425,-17.9545],[144.303,-17.968],[144.343,-17.946],[144.3595,-17.972],[144.3955,-17.985],[144.4155,-18.02],[144.456,-18.0555],[144.472,-18.012],[144.5035,-18.0375],[144.6035,-18.047],[144.6205,-18.058],[144.656,-18.1015],[144.6855,-18.1245],[144.734,-18.1755],[144.752,-18.216],[144.7625,-18.1295],[144.7895,-18.109],[144.8135,-18.146],[144.8575,-18.1265],[144.8715,-18.0775],[144.868,-18.055],[144.8765,-18.03],[144.856,-17.98],[144.8765,-17.955],[144.8715,-17.9445],[144.8735,-17.885],[144.8805,-17.865],[144.9035,-17.8635],[144.8945,-17.8375],[144.916,-17.816],[144.9155,-17.7955],[144.9365,-17.79],[144.943,-17.7685],[144.966,-17.7445],[144.951,-17.7195],[144.975,-17.686],[144.968,-17.669],[144.9735,-17.645],[144.9915,-17.6275],[144.9945,-17.6065],[145.021,-17.616],[145.0495,-17.597],[145.058,-17.566],[145.1145,-17.548],[145.1185,-17.5385],[145.1555,-17.5385],[145.183,-17.5155],[145.2195,-17.529],[145.2295,-17.465],[145.25,-17.446],[145.2555,-17.4205],[145.2845,-17.411],[145.3055,-17.411],[145.3125,-17.389],[145.3595,-17.3845],[145.359,-17.368],[145.3975,-17.3535],[145.421,-17.309],[145.437,-17.302],[145.4075,-17.212],[145.4135,-17.1535],[145.3805,-17.1315],[145.383,-17.108],[145.3955,-17.0895],[145.4115,-17.102],[145.4355,-17.104],[145.427,-17.121],[145.458,-17.1365],[145.481,-17.1385],[145.513,-17.17],[145.53,-17.144],[145.548,-17.147],[145.5735,-17.1325],[145.581,-17.0925],[145.6225,-17.0895],[145.6325,-17.0725],[145.615,-17.049],[145.6355,-17.032],[145.6305,-17.0045],[145.6515,-16.9775],[145.65,-16.9455],[145.6735,-16.894],[145.654,-16.875],[145.649,-16.8575],[145.66,-16.846],[145.666,-16.82],[145.654,-16.803],[145.649,-16.7615],[145.6315,-16.7245],[145.617,-16.716],[145.5515,-16.6925],[145.5135,-16.6645],[145.524,-16.6465],[145.502,-16.6405],[145.459,-16.649],[145.447,-16.6435],[145.449,-16.5995],[145.433,-16.552],[145.404,-16.5125],[145.3855,-16.5105],[145.3545,-16.5565],[145.307,-16.531],[145.298,-16.538],[145.274,-16.5125],[145.2585,-16.4845],[145.266,-16.472],[145.209,-16.42],[145.214,-16.4],[145.1905,-16.394],[145.169,-16.3595],[145.145,-16.351],[145.1365,-16.3295],[145.1335,-16.2865],[145.0965,-16.2645],[145.0795,-16.268],[145.055,-16.2595],[145.0545,-16.241],[145.021,-16.221],[145.0115,-16.225],[144.976,-16.2795],[144.9935,-16.315],[144.9605,-16.339],[144.9345,-16.3445],[144.917,-16.335],[144.889,-16.348],[144.8735,-16.3285],[144.8395,-16.3645],[144.819,-16.3565],[144.815,-16.343],[144.785,-16.3025],[144.7615,-16.2625],[144.7315,-16.2605],[144.6975,-16.2655],[144.69,-16.298],[144.6895,-16.324],[144.679,-16.3325],[144.6425,-16.317],[144.6275,-16.322],[144.582,-16.299],[144.577,-16.29],[144.546,-16.3035],[144.5295,-16.2985],[144.5145,-16.309],[144.525,-16.3405],[144.5,-16.3555],[144.4505,-16.3315],[144.415,-16.35],[144.3865,-16.315],[144.3445,-16.286],[144.3015,-16.3375],[144.2765,-16.3235],[144.2525,-16.342],[144.2255,-16.3165],[144.2225,-16.282],[144.2065,-16.264],[144.176,-16.2625],[144.146,-16.216],[144.1365,-16.187],[144.121,-16.183],[144.1165,-16.1495],[144.098,-16.1335],[144.07,-16.1305],[144.041,-16.147],[144.006,-16.1285],[143.95,-16.1085],[143.915,-16.1365],[143.893,-16.1185],[143.8695,-16.1165],[143.844,-16.1365],[143.822,-16.1375],[143.809,-16.154],[143.7645,-16.161],[143.7255,-16.154],[143.7125,-16.1335],[143.66,-16.1195],[143.632,-16.0755],[143.5635,-16.079],[143.5335,-16.0905],[143.5015,-16.0865],[143.4655,-16.0685],[143.4655,-16.055],[143.437,-16.046],[143.412,-16.056],[143.39,-16.0425],[143.366,-16.0445],[143.3405,-16.055],[143.2755,-16.0925],[143.223,-16.1075],[143.1845,-16.0965],[143.1685,-16.1015],[143.113,-16.105],[143.1045,-16.102],[143.0425,-16.113],[143.0205,-16.092],[143.004,-16.095],[142.986,-16.0835],[142.9555,-16.0765],[142.9245,-16.077],[142.9045,-16.0845],[142.8745,-16.0865],[142.837,-16.08],[142.792,-16.081],[142.772,-16.0745],[142.7455,-16.0785],[142.7305,-16.0895],[142.711,-16.0795],[142.742,-16.112],[142.699,-16.173],[142.637,-16.1325],[142.596,-16.1905],[142.5465,-16.558],[142.508,-16.972],[142.4215,-17.0875],[142.456,-17.1085],[142.4615,-17.1225],[142.522,-17.1755],[142.5405,-17.1755],[142.4015,-17.3555],[142.3405,-17.286],[142.175,-17.4325],[142.221,-17.4445],[142.246,-17.462],[142.267,-17.492]]]},"properties":{"code":"34880","name":"Mareeba"}},
{"type":"Feature","geometry":{"type":"MultiPolygon","coordinates":[[[[153.043,-26.9695],[153.0185,-26.9665],[153.003,-26.985],[152.9665,-26.979],[152.95,-26.966],[152.9035,-26.954],[152.891,-26.961],[152.858,-26.956],[152.861,-26.9365],[152.8575,-26.871],[152.8325,-26.856],[152.8125,-26.83],[152.7935,-26.8275],[152.7795,-26.797],[152.753,-26.7975],[152.7495,-26.8165],[152.679,-26.8],[152.6785,-26.8305],[152.67,-26.855],[152.6865,-26.8775],[152.682,-26.915],[152.659,-26.95],[152.687,-26.9815],[152.7025,-27.031],[152.6835,-27.0655],[152.687,-27.0835],[152.7305,-27.109],[152.7395,-27.151],[152.7335,-27.1705],[152.7035,-27.199],[152.7,-27.23],[152.682,-27.254],[152.684,-27.273],[152.713,-27.2895],[152.752,-27.2955],[152.7485,-27.319],[152.7675,-27.335],[152.7625,-27.372],[152.7755,-27.4015],[152.814,-27.402],[152.837,-27.419],[152.861,-27.4225],[152.8725,-27.414],[152.897,-27.4175],[152.928,-27.3945],[152.9495,-27.4085],[152.984,-27.3845],[152.979,-27.348],[152.994,-27.334],[153.0145,-27.2885],[153.041,-27.2795],[153.066,-27.2815],[153.0925,-27.2565],[153.108,-27.2615],[153.119,-27.2125],[153.115,-27.1915],[153.0885,-27.205],[153.047,-27.194],[153.0295,-27.179],[153.0635,-27.114],[153.1085,-27.0875],[153.1325,-27.086],[153.144,-27.076],[153.1125,-27.053],[153.067,-26.999],[153.07,-26.9885],[153.043,-26.9695]]],[[[153.087,-26.952],[153.077,-26.9795],[153.0905,-26.9885],[153.099,-27.0145],[153.1315,-27.036],[153.1355,-27.054],[153.155,-27.0725],[153.1675,-27.1],[153.1975,-27.0965],[153.2075,-27.0815],[153.1995,-27.0575],[153.18,-27.0275],[153.1615,-26.985],[153.147,-26.9375],[153.087,-26.952]]]]},"properties":{"code":"35010","name":"Moreton Bay"}},
{"type":"Feature","geometry":{"type":"MultiPolygon","coordinates":[[[[139.195,-16.662],[139.2,-16.7075],[139.218,-16.71],[139.2295,-16.7325],[139.264,-16.726],[139.288,-16.735],[139.313,-16.73],[139.3245,-16.71],[139.369,-16.6705],[139.393,-16.6375],[139.4075,-16.645],[139.416,-16.672],[139.4515,-16.6655],[139.4425,-16.6295],[139.4655,-16.6285],[139.474,-16.557],[139.4955,-16.5605],[139.4785,-16.5315],[139.4995,-16.5155],[139.5275,-16.516],[139.5415,-16.4875],[139.5765,-16.501],[139.5795,-16.5285],[139.595,-16.5555],[139.657,-16.5195],[139.6815,-16.5205],[139.687,-16.535],[139.7115,-16.532],[139.7,-16.511],[139.6985,-16.479],[139.6765,-16.4505],[139.65,-16.4495],[139.619,-16.4225],[139.606,-16.4045],[139.551,-16.391],[139.5285,-16.4125],[139.4895,-16.428],[139.4655,-16.446],[139.4205,-16.445],[139.3635,-16.4525],[139.333,-16.466],[139.3095,-16.4615],[139.2905,-16.479],[139.241,-16.5055],[139.2415,-16.519],[139.218,-16.536],[139.2075,-16.574],[139.1605,-16.61],[139.15,-16.6345],[139.1625,-16.666],[139.195,-16.662]]],[[[139.137,-16.8045],[139.1325,-16.798],[139.095,-16.8125],[139.099,-16.8465],[139.146,-16.814],[139.137,-16.8045]]],[[[139.6045,-17.138],[139.6395,-17.075],[139.6255,-17.078],[139.6155,-17.104],[139.5985,-17.1125],[139.6045,-17.138]]],[[[139.4845,-17.1185],[139.513,-17.1185],[139.5185,-17.105],[139.552,-17.1],[139.57,-17.0825],[139.556,-17.0685],[139.5435,-17.0315],[139.5175,-17.007],[139.5055,-16.9865],[139.4865,-17.0205],[139.464,-17.025],[139.4505,-17.0555],[139.4125,-17.082],[139.3945,-17.0815],[139.401,-17.106],[139.416,-17.127],[139.437,-17.1015],[139.4635,-17.095],[139.4845,-17.1185]]],[[[139.726,-16.4945],[139.735,-16.478],[139.731,-16.4545],[139.717,-16.4505],[139.702,-16.4785],[139.726,-16.4945]]],[[[139.1825,-16.6985],[139.189,-16.6815],[139.1715,-16.671],[139.146,-16.692],[139.14,-16.706],[139.147,-16.7325],[139.1615,-16.7395],[139.187,-16.7215],[139.1825,-16.6985]]],[[[139.456,-16.6735],[139.444,-16.6825],[139.4415,-16.7035],[139.4645,-16.7005],[139.4775,-16.6795],[139.456,-16.6735]]]]},"properties":{"code":"35250","name":"Mornington"}},
{"type":"Feature","geometry":{"type":"Polygon","coordinates":[[[137.997,-21.1945],[138.16,-21.2035],[138.178,-20.9985],[138.3425,-20.9985],[138.3155,-21.021],[138.4195,-21.1295],[138.364,-21.1765],[138.49,-21.313],[138.53,-21.315],[138.685,-21.147],[138.744,-21.1235],[138.8885,-20.9985],[138.9905,-20.913],[138.9865,-20.9085],[139.041,-20.8645],[139.129,-20.96],[139.3965,-20.9675],[139.4005,-20.9375],[139.3955,-20.893],[139.475,-20.899],[139.5535,-20.901],[139.7235,-20.906],[139.7305,-20.7795],[139.737,-20.7795],[139.7435,-20.6665],[139.7985,-20.6705],[139.8005,-20.6315],[139.8945,-20.635],[139.909,-20.623],[139.909,-20.5905],[139.8835,-20.563],[139.8875,-20.545],[139.8695,-20.525],[139.867,-20.5005],[139.8815,-20.4695],[139.878,-20.436],[139.902,-20.4395],[139.909,-20.4555],[139.9505,-20.4675],[139.9705,-20.5005],[140.0025,-20.53],[140.033,-20.535],[140.0165,-20.5075],[140.023,-20.4365],[140.013,-20.421],[139.9435,-20.3955],[139.9525,-20.373],[139.946,-20.3515],[139.944,-20.3075],[139.958,-20.2835],[139.9815,-20.265],[139.9835,-20.233],[139.9705,-20.213],[139.9265,-20.2115],[139.858,-20.2325],[139.7995,-20.225],[139.735,-20.2375],[139.733,-20.2145],[139.7415,-20.203],[139.7315,-20.185],[139.7805,-20.1885],[139.7935,-19.9735],[139.804,-19.974],[139.806,-19.808],[139.7965,-19.7965],[139.7285,-19.7935],[139.726,-19.848],[139.514,-19.8235],[139.5325,-19.7245],[139.47,-19.7195],[139.486,-19.4355],[139.5145,-19.438],[139.516,-19.292],[139.5415,-19.2935],[139.551,-19.1665],[139.205,-19.1395],[139.2085,-19.0845],[139.188,-19.0825],[139.158,-19.041],[139.196,-18.983],[139.184,-18.976],[139.224,-18.915],[139.157,-18.875],[139.0485,-18.9645],[138.987,-18.907],[139.02,-18.8845],[139.077,-18.867],[138.987,-18.7695],[138.916,-18.8305],[138.7685,-18.673],[138.76,-18.687],[138.719,-18.7285],[138.734,-18.7515],[138.6855,-18.841],[138.6285,-18.8405],[138.605,-18.817],[138.529,-18.882],[138.4745,-18.825],[138.3125,-18.818],[138.316,-18.7845],[138.1925,-18.7775],[138.213,-18.499],[138.2375,-18.1945],[137.9955,-18.1785],[137.996,-18.6155],[137.996,-18.8035],[137.996,-19.06],[137.996,-19.2395],[137.997,-21.1945]]]},"properties":{"code":"35300","name":"Mount Isa"}},
{"type":"Feature","geometry":{"type":"Polygon","coordinates":[[[145.253,-27.0065],[145.255,-27.04],[145.448,-27.0605],[145.556,-27.069],[145.599,-27.075],[145.621,-27.0635],[145.632,-27.044],[145.7955,-27.0615],[145.807,-26.976],[146.0045,-26.9955],[146.229,-27.011],[146.221,-27.082],[146.461,-27.105],[146.453,-27.1745],[146.594,-27.1885],[146.605,-27.193],[146.591,-27.3155],[146.585,-27.3285],[146.6695,-27.3375],[146.6595,-27.412],[146.65,-27.4105],[146.64,-27.4905],[146.7775,-27.5075],[146.8895,-27.526],[146.903,-27.5225],[147.0455,-27.5435],[147.0605,-27.5365],[147.0525,-27.476],[147.04,-27.4755],[147.0495,-27.407],[147.047,-27.3655],[147.064,-27.2445],[147.0815,-27.1705],[147.087,-27.171],[147.0965,-27.0995],[147.03,-27.0925],[147.0385,-27.084],[147.049,-27.011],[147.0575,-27.0005],[147.0645,-26.9565],[147.206,-26.9675],[147.22,-26.8745],[147.2215,-26.743],[147.2375,-26.6995],[147.2385,-26.6455],[147.2445,-26.602],[147.2425,-26.5775],[147.21,-26.574],[147.2165,-26.528],[147.231,-26.519],[147.305,-26.5275],[147.3175,-26.435],[147.3215,-26.4285],[147.344,-26.283],[147.3735,-26.287],[147.379,-26.2415],[147.356,-26.239],[147.37,-26.181],[147.3595,-26.173],[147.365,-26.1435],[147.3825,-26.1335],[147.434,-26.14],[147.444,-26.134],[147.4515,-26.0815],[147.442,-26.01],[147.4545,-25.9805],[147.3975,-25.969],[147.371,-25.9425],[147.2825,-25.915],[147.286,-25.9035],[147.275,-25.8765],[147.276,-25.836],[147.2585,-25.792],[147.16,-25.781],[147.1795,-25.629],[147.2855,-25.6405],[147.305,-25.4955],[147.356,-25.501],[147.373,-25.3745],[147.3845,-25.3755],[147.39,-25.3435],[147.362,-25.3225],[147.359,-25.2905],[147.541,-25.3115],[147.5545,-25.219],[147.655,-25.231],[147.6755,-25.08],[147.6485,-25.0765],[147.659,-25.0045],[147.7,-25.0115],[147.726,-25.033],[147.7625,-25.0315],[147.791,-25.007],[147.808,-24.977],[147.8495,-24.965],[147.8705,-24.946],[147.895,-24.934],[147.895,-24.9185],[147.9225,-24.9205],[147.952,-24.883],[147.938,-24.8615],[147.916,-24.846],[147.9195,-24.825],[147.886,-24.794],[147.854,-24.7795],[147.828,-24.752],[147.8245,-24.735],[147.763,-24.729],[147.7305,-24.733],[147.702,-24.7605],[147.6445,-24.777],[147.6475,-24.797],[147.592,-24.818],[147.5785,-24.836],[147.5605,-24.8345],[147.5425,-24.8175],[147.4965,-24.847],[147.486,-24.876],[147.4195,-24.8815],[147.381,-24.871],[147.37,-24.877],[147.3185,-24.8725],[147.2965,-24.896],[147.2765,-24.9255],[147.283,-24.95],[147.238,-24.9865],[147.221,-24.9805],[147.206,-24.9915],[147.1815,-24.993],[147.161,-24.982],[147.159,-24.9655],[147.1355,-24.9585],[147.1195,-24.9675],[147.109,-24.9955],[147.097,-25.002],[147.0765,-24.992],[147.059,-24.9965],[147.0935,-25.069],[147.048,-25.0655],[147.031,-25.0775],[147.0075,-25.075],[147.0075,-25.112],[147.001,-25.153],[146.946,-25.148],[146.9385,-25.2095],[146.8985,-25.208],[146.8795,-25.221],[146.844,-25.279],[146.743,-25.3535],[146.7385,-25.348],[146.758,-25.188],[146.586,-25.1695],[146.5755,-25.1745],[146.568,-25.2395],[146.574,-25.2475],[146.5655,-25.3085],[146.4955,-25.304],[146.51,-25.335],[146.3655,-25.319],[146.3695,-25.291],[146.216,-25.2745],[146.2005,-25.39],[146.2105,-25.3915],[146.193,-25.498],[146.183,-25.5055],[146.1725,-25.5885],[146.0975,-25.583],[145.971,-25.569],[145.9765,-25.4875],[145.9385,-25.4875],[145.942,-25.4995],[145.935,-25.565],[145.968,-25.6355],[145.964,-25.638],[145.969,-25.701],[145.9455,-25.7205],[145.92,-25.714],[145.746,-25.692],[145.7415,-25.674],[145.749,-25.616],[145.678,-25.609],[145.6655,-25.616],[145.6605,-25.6415],[145.638,-25.6595],[145.634,-25.6875],[145.605,-25.7165],[145.599,-25.739],[145.584,-25.7545],[145.4925,-25.7465],[145.508,-25.6225],[145.528,-25.624],[145.5385,-25.6035],[145.55,-25.5095],[145.4625,-25.5035],[145.4585,-25.522],[145.4345,-25.718],[145.423,-25.792],[145.4305,-25.7925],[145.4085,-25.958],[145.4225,-25.96],[145.413,-26.023],[145.3735,-26.0185],[145.355,-26.1605],[145.3,-26.1545],[145.283,-26.3025],[145.33,-26.3045],[145.31,-26.46],[145.3585,-26.4655],[145.339,-26.6105],[145.3165,-26.6165],[145.285,-26.6365],[145.2935,-26.661],[145.3225,-26.685],[145.328,-26.7035],[145.321,-26.755],[145.274,-26.7515],[145.26,-26.8805],[145.253,-27.0065]]]},"properties":{"code":"35600","name":"Murweh"}},
{"type":"Feature","geometry":{"type":"MultiPolygon","coordinates":[[[[142.0695,-12.7875],[142.109,-12.7405],[142.168,-12.7655],[142.179,-12.731],[142.201,-12.639],[142.5655,-12.662],[142.5695,-12.6165],[142.4865,-12.486],[142.469,-12.498],[142.444,-12.488],[142.4145,-12.5025],[142.4105,-12.5195],[142.387,-12.5095],[142.374,-12.485],[142.3505,-12.4705],[142.322,-12.438],[142.309,-12.441],[142.304,-12.405],[142.266,-12.3765],[142.197,-12.375],[142.1635,-12.3955],[142.129,-12.3915],[142.113,-12.353],[142.11,-12.297],[142.0755,-12.279],[142.0405,-12.2795],[142.0425,-12.4395],[142.0415,-12.4985],[141.9965,-12.5725],[141.967,-12.5705],[141.969,-12.542],[141.941,-12.565],[141.9555,-12.5845],[141.993,-12.587],[142.007,-12.5995],[142.0235,-12.576],[142.086,-12.563],[142.1285,-12.567],[142.1495,-12.5605],[142.172,-12.563],[142.185,-12.6115],[142.162,-12.6355],[142.0955,-12.6855],[141.964,-12.711],[142.0005,-12.7755],[142.014,-12.7385],[142.05,-12.7425],[142.0545,-12.7675],[142.0695,-12.7875]]],[[[141.847,-12.943],[141.87,-12.8735],[141.827,-12.874],[141.801,-12.914],[141.847,-12.943]]],[[[141.753,-12.8315],[141.8005,-12.836],[141.803,-12.7475],[141.765,-12.8095],[141.753,-12.8315]]],[[[141.5915,-12.564],[141.6575,-12.4415],[141.683,-12.455],[141.706,-12.4535],[141.73,-12.441],[141.7765,-12.4665],[141.799,-12.4315],[141.841,-12.3835],[141.845,-12.333],[141.738,-12.305],[141.7385,-12.291],[141.846,-12.3185],[141.849,-12.241],[141.8135,-12.2415],[141.7995,-12.2465],[141.7735,-12.238],[141.751,-12.245],[141.7305,-12.232],[141.716,-12.2335],[141.703,-12.265],[141.688,-12.3285],[141.649,-12.431],[141.6175,-12.495],[141.5915,-12.564]]],[[[141.702,-12.5195],[141.755,-12.536],[141.7795,-12.574],[141.8135,-12.586],[141.8225,-12.6015],[141.873,-12.59],[141.8935,-12.5915],[141.8735,-12.5885],[141.8375,-12.5925],[141.796,-12.576],[141.7705,-12.534],[141.715,-12.497],[141.7005,-12.4955],[141.702,-12.5195]]],[[[141.643,-12.574],[141.661,-12.5615],[141.687,-12.561],[141.696,-12.534],[141.6455,-12.52],[141.643,-12.574]]]]},"properties":{"code":"35670","name":"Napranum"}},
{"type":"Feature","geometry":{"type":"Polygon","coordinates":[[[153.0965,-26.155],[152.974,-26.137],[152.972,-26.165],[152.9575,-26.19],[152.9225,-26.1985],[152.8925,-26.2165],[152.8765,-26.2015],[152.853,-26.1985],[152.85,-26.2185],[152.831,-26.216],[152.8275,-26.239],[152.797,-26.325],[152.7925,-26.3515],[152.772,-26.3455],[152.7655,-26.3725],[152.769,-26.394],[152.7935,-26.407],[152.7955,-26.4325],[152.789,-26.4695],[152.814,-26.498],[152.886,-26.467],[152.8925,-26.455],[152.922,-26.443],[152.945,-26.4445],[152.9665,-26.432],[153.0075,-26.44],[153.048,-26.4425],[153.08,-26.4605],[153.081,-26.495],[153.0955,-26.4985],[153.1165,-26.3805],[153.093,-26.3865],[153.077,-26.377],[153.064,-26.3455],[153.0615,-26.313],[153.0765,-26.225],[153.0965,-26.155]]]},"properties":{"code":"35740","name":"Noosa"}},
{"type":"Feature","geometry":{"type":"Polygon","coordinates":[[[150.4365,-25.6065],[150.446,-25.599],[150.484,-25.606],[150.4955,-25.6285],[150.524,-25.6455],[150.5705,-25.638],[150.591,-25.6525],[150.654,-25.66],[150.6635,-25.6845],[150.6465,-25.705],[150.6495,-25.726],[150.6645,-25.7325],[150.66,-25.7735],[150.644,-25.786],[150.6985,-25.857],[150.68,-25.883],[150.685,-25.914],[150.669,-25.9425],[150.673,-25.9695],[150.7255,-25.981],[150.7635,-25.9815],[150.7855,-26.0225],[150.79,-26.049],[150.8495,-26.0565],[150.9205,-26.005],[150.933,-26.013],[150.984,-26.008],[151.016,-26.077],[151.04,-26.088],[151.0675,-26.0855],[151.079,-26.0965],[151.1145,-26.091],[151.11,-26.043],[151.1415,-26.05],[151.2875,-26.0685],[151.3085,-26.066],[151.3305,-26.0355],[151.324,-26.0255],[151.355,-26.006],[151.382,-26.0095],[151.4685,-26.0035],[151.497,-25.959],[151.517,-25.8565],[151.537,-25.854],[151.589,-25.865],[151.613,-25.855],[151.628,-25.861],[151.662,-25.897],[151.6575,-25.912],[151.6915,-25.918],[151.7365,-25.9385],[151.753,-25.9375],[151.78,-25.9185],[151.773,-25.852],[151.762,-25.7995],[151.7785,-25.7745],[151.8105,-25.7635],[151.829,-25.7945],[151.863,-25.8055],[151.893,-25.8485],[151.901,-25.8695],[151.9285,-25.8675],[151.9485,-25.851],[151.986,-25.8015],[151.9865,-25.779],[151.9975,-25.771],[151.9955,-25.737],[151.9825,-25.715],[152.0155,-25.704],[152.011,-25.6675],[152.038,-25.643],[152.041,-25.6195],[152.0925,-25.632],[152.112,-25.627],[152.1115,-25.5985],[152.1645,-25.5745],[152.1655,-25.5475],[152.1935,-25.519],[152.215,-25.513],[152.27,-25.522],[152.2735,-25.483],[152.2605,-25.462],[152.2735,-25.4315],[152.254,-25.402],[152.234,-25.4],[152.2185,-25.3875],[152.1995,-25.3945],[152.1705,-25.3655],[152.167,-25.336],[152.106,-25.328],[152.0905,-25.3135],[152.076,-25.3205],[152.049,-25.2875],[152.0255,-25.273],[152.0035,-25.293],[151.9735,-25.2795],[151.9475,-25.296],[151.916,-25.3545],[151.8785,-25.3565],[151.861,-25.337],[151.865,-25.3055],[151.8805,-25.276],[151.8815,-25.2435],[151.9035,-25.229],[151.8975,-25.2105],[151.924,-25.159],[151.902,-25.1415],[151.878,-25.1525],[151.86,-25.1425],[151.8485,-25.16],[151.8485,-25.1835],[151.8275,-25.1825],[151.786,-25.1565],[151.7835,-25.1155],[151.7735,-25.1105],[151.743,-25.074],[151.7005,-25.093],[151.653,-25.0915],[151.6495,-25.116],[151.622,-25.1125],[151.59,-25.0985],[151.571,-25.1025],[151.5445,-25.096],[151.564,-25.0535],[151.5565,-25.0475],[151.556,-25.0095],[151.5305,-24.9815],[151.524,-24.963],[151.5305,-24.9455],[151.567,-24.9375],[151.576,-24.8835],[151.5455,-24.8325],[151.4905,-24.8505],[151.451,-24.846],[151.4335,-24.8355],[151.426,-24.8145],[151.428,-24.7805],[151.453,-24.7755],[151.4405,-24.729],[151.4245,-24.698],[151.412,-24.695],[151.3455,-24.726],[151.3525,-24.6835],[151.342,-24.6495],[151.323,-24.644],[151.292,-24.6575],[151.2555,-24.6625],[151.2375,-24.6535],[151.2185,-24.586],[151.2285,-24.537],[151.2215,-24.5295],[151.169,-24.5495],[151.153,-24.5375],[151.154,-24.513],[151.169,-24.479],[151.138,-24.4555],[151.115,-24.4745],[151.09,-24.441],[151.072,-24.438],[151.0455,-24.413],[151.0445,-24.3945],[151.005,-24.3945],[150.993,-24.4095],[150.993,-24.4425],[150.983,-24.472],[150.9795,-24.4915],[150.964,-24.5085],[150.969,-24.5785],[150.8805,-24.552],[150.8445,-24.562],[150.826,-24.5555],[150.819,-24.6035],[150.8675,-24.631],[150.8975,-24.6305],[150.911,-24.6505],[150.8845,-24.6775],[150.873,-24.722],[150.8545,-24.724],[150.731,-24.698],[150.709,-24.7035],[150.656,-24.693],[150.637,-24.7095],[150.6115,-24.7115],[150.5865,-24.7315],[150.6035,-24.801],[150.598,-24.8355],[150.581,-24.8475],[150.5585,-24.8995],[150.558,-24.9235],[150.5425,-24.959],[150.5535,-24.9865],[150.548,-25.006],[150.5485,-25.06],[150.5565,-25.094],[150.57,-25.1155],[150.5565,-25.134],[150.5575,-25.1615],[150.508,-25.1735],[150.487,-25.195],[150.4765,-25.2215],[150.4435,-25.282],[150.4485,-25.303],[150.4375,-25.3255],[150.4165,-25.331],[150.4145,-25.372],[150.396,-25.3905],[150.405,-25.4315],[150.398,-25.4475],[150.3755,-25.4615],[150.3695,-25.476],[150.404,-25.537],[150.4125,-25.5675],[150.401,-25.5935],[150.4365,-25.6065]]]},"properties":{"code":"35760","name":"North Burnett"}},
{"type":"Feature","geometry":{"type":"MultiPolygon","coordinates":[[[[142.2165,-10.9225],[142.2295,-10.9475],[142.167,-11.0035],[142.1295,-10.9625],[142.126,-10.9815],[142.1445,-11.039],[142.145,-11.064],[142.1575,-11.122],[142.1475,-11.1385],[142.1395,-11.2025],[142.1255,-11.224],[142.3725,-11.1965],[142.355,-11.1525],[142.372,-11.12],[142.3735,-11.0875],[142.3655,-11.0435],[142.3925,-11.02],[142.4015,-10.9985],[142.4185,-10.995],[142.4395,-10.963],[142.4285,-10.954],[142.428,-10.9145],[142.4815,-10.806],[142.4615,-10.789],[142.507,-10.767],[142.517,-10.7385],[142.503,-10.729],[142.468,-10.732],[142.424,-10.7275],[142.4265,-10.7385],[142.412,-10.7785],[142.406,-10.794],[142.389,-10.8295],[142.366,-10.8475],[142.3555,-10.879],[142.3185,-10.906],[142.3095,-10.902],[142.281,-10.918],[142.2485,-10.91],[142.2165,-10.9225]]],[[[142.5325,-10.843],[142.5495,-10.832],[142.5635,-10.8005],[142.579,-10.789],[142.606,-10.748],[142.588,-10.733],[142.5545,-10.7195],[142.529,-10.739],[142.5625,-10.7615],[142.5325,-10.8255],[142.5325,-10.843]]]]},"properties":{"code":"35780","name":"Northern Peninsula Area"}},
{"type":"Feature","geometry":{"type":"Polygon","coordinates":[[[146.58,-18.7655],[146.587,-18.7585],[146.635,-18.765],[146.652,-18.7755],[146.68,-18.766],[146.689,-18.741],[146.6435,-18.7505],[146.635,-18.7275],[146.6165,-18.704],[146.5795,-18.6905],[146.589,-18.712],[146.5785,-18.725],[146.58,-18.7655]]]},"properties":{"code":"35790","name":"Palm Island"}},
{"type":"Feature","geometry":{"type":"Polygon","coordinates":[[[144.4805,-28.999],[145.9165,-28.999],[146.3755,-28.999],[146.577,-28.999],[146.945,-28.999],[146.9355,-28.9915],[146.9525,-28.8615],[146.8635,-28.8545],[146.885,-28.7675],[146.8925,-28.7215],[146.925,-28.724],[146.9385,-28.631],[146.928,-28.63],[146.938,-28.5595],[146.9575,-28.5365],[146.9635,-28.506],[146.96,-28.413],[146.968,-28.36],[146.9155,-28.354],[146.932,-28.2605],[146.949,-28.263],[146.9905,-27.99],[147.069,-27.991],[147.105,-27.995],[147.124,-27.898],[147.1095,-27.896],[147.118,-27.8575],[147.1085,-27.818],[147.1175,-27.7615],[147.121,-27.7135],[147.143,-27.575],[147.0635,-27.566],[147.0605,-27.5365],[147.0455,-27.5435],[146.903,-27.5225],[146.8895,-27.526],[146.7775,-27.5075],[146.64,-27.4905],[146.65,-27.4105],[146.6595,-27.412],[146.6695,-27.3375],[146.585,-27.3285],[146.591,-27.3155],[146.605,-27.193],[146.594,-27.1885],[146.453,-27.1745],[146.461,-27.105],[146.221,-27.082],[146.229,-27.011],[146.0045,-26.9955],[145.807,-26.976],[145.7955,-27.0615],[145.632,-27.044],[145.621,-27.0635],[145.599,-27.075],[145.556,-27.069],[145.448,-27.0605],[145.255,-27.04],[145.253,-27.0065],[145.1825,-26.999],[145.165,-27.1445],[145.182,-27.1465],[145.1635,-27.2915],[145.0175,-27.276],[145.0005,-27.3405],[144.992,-27.4115],[144.9145,-27.4035],[144.9,-27.498],[144.7655,-27.484],[144.5195,-27.456],[144.508,-27.5445],[144.4325,-27.537],[144.4235,-27.6065],[144.3295,-27.5965],[144.322,-27.652],[144.296,-27.844],[144.3165,-27.846],[144.308,-27.8865],[144.2925,-27.926],[144.4225,-27.9395],[144.4205,-27.9555],[144.601,-27.974],[144.5915,-28.05],[144.6495,-28.056],[144.635,-28.16],[144.78,-28.1735],[144.775,-28.211],[144.83,-28.217],[144.819,-28.2905],[144.726,-28.2785],[144.5875,-28.2635],[144.5735,-28.2695],[144.563,-28.3465],[144.644,-28.3555],[144.6345,-28.4225],[144.628,-28.425],[144.596,-28.5675],[144.6685,-28.5805],[144.641,-28.723],[144.612,-28.74],[144.691,-28.791],[144.634,-28.8115],[144.587,-28.8625],[144.5825,-28.9075],[144.4945,-28.9305],[144.463,-28.948],[144.4805,-28.999]]]},"properties":{"code":"35800","name":"Paroo"}},
{"type":"Feature","geometry":{"type":"Polygon","coordinates":[[[141.6505,-15.069],[141.6515,-15.0815],[141.674,-15.11],[141.6965,-15.0985],[141.725,-15.12],[141.724,-15.139],[141.805,-15.14],[141.843,-15.1255],[141.871,-15.1255],[141.9145,-15.111],[141.934,-15.1135],[141.958,-15.0925],[141.993,-15.0845],[142.0035,-15.088],[142.0815,-15.0505],[142.093,-15.0315],[142.134,-14.9855],[142.1415,-14.9045],[142.1155,-14.8215],[142.0355,-14.7085],[141.994,-14.4995],[141.9995,-14.464],[141.9705,-14.4615],[141.954,-14.437],[141.8825,-14.4295],[141.874,-14.4165],[141.849,-14.4015],[141.857,-14.3745],[141.841,-14.3515],[141.812,-14.3395],[141.8105,-14.3215],[141.783,-14.3045],[141.752,-14.2755],[141.718,-14.2795],[141.6915,-14.267],[141.657,-14.2355],[141.6375,-14.2425],[141.6265,-14.208],[141.6115,-14.193],[141.594,-14.161],[141.6025,-14.2335],[141.5985,-14.2585],[141.583,-14.3015],[141.564,-14.3415],[141.5505,-14.3795],[141.5315,-14.4495],[141.5255,-14.487],[141.5535,-14.5925],[141.5535,-14.6425],[141.566,-14.707],[141.567,-14.7405],[141.585,-14.815],[141.5905,-14.8575],[141.634,-14.9515],[141.661,-14.9865],[141.6675,-15.009],[141.6595,-15.055],[141.6505,-15.069]]]},"properties":{"code":"36070","name":"Pormpuraaw"}},
{"type":"Feature","geometry":{"type":"Polygon","coordinates":[[[144.322,-27.652],[144.3295,-27.5965],[144.4235,-27.6065],[144.4325,-27.537],[144.508,-27.5445],[144.5195,-27.456],[144.7655,-27.484],[144.9,-27.498],[144.9145,-27.4035],[144.992,-27.4115],[145.0005,-27.3405],[145.0175,-27.276],[145.1635,-27.2915],[145.182,-27.1465],[145.165,-27.1445],[145.1825,-26.999],[145.253,-27.0065],[145.26,-26.8805],[145.274,-26.7515],[145.321,-26.755],[145.328,-26.7035],[145.3225,-26.685],[145.2935,-26.661],[145.285,-26.6365],[145.3165,-26.6165],[145.339,-26.6105],[145.3585,-26.4655],[145.31,-26.46],[145.33,-26.3045],[145.283,-26.3025],[145.3,-26.1545],[145.355,-26.1605],[145.3735,-26.0185],[145.413,-26.023],[145.4225,-25.96],[145.4085,-25.958],[145.4305,-25.7925],[145.423,-25.792],[145.4345,-25.718],[145.4585,-25.522],[145.4625,-25.5035],[145.441,-25.4925],[145.407,-25.495],[145.396,-25.4715],[145.35,-25.4495],[145.326,-25.4465],[145.296,-25.465],[145.288,-25.483],[145.25,-25.4785],[145.2535,-25.4505],[145.2715,-25.4525],[145.2835,-25.3585],[145.1225,-25.34],[145.0525,-25.333],[145.0615,-25.276],[144.9835,-25.2685],[144.964,-25.263],[144.8695,-25.258],[144.931,-25.213],[144.939,-25.198],[144.9695,-25.185],[144.9845,-25.0625],[144.9955,-25.0075],[144.96,-25.032],[144.9125,-25.032],[144.8985,-25.0385],[144.8745,-25.0195],[144.845,-24.9845],[144.8575,-24.947],[144.8605,-24.919],[144.796,-24.913],[144.804,-24.8405],[144.6985,-24.831],[144.7165,-24.6825],[144.6815,-24.679],[144.6855,-24.649],[144.652,-24.6625],[144.6275,-24.9675],[144.482,-25.078],[144.4615,-25.0325],[144.3985,-25.1325],[144.381,-25.1135],[144.2535,-25.2095],[144.225,-25.2555],[144.2165,-25.2645],[144.1575,-25.358],[144.169,-25.3945],[144.1505,-25.4335],[144.1215,-25.443],[144.125,-25.4645],[144.1115,-25.4785],[144.1145,-25.4995],[144.0905,-25.5335],[144.072,-25.5415],[144.071,-25.558],[144.0345,-25.5815],[144.001,-25.583],[143.922,-25.494],[143.8225,-25.4845],[143.8035,-25.486],[143.7665,-25.4005],[143.7345,-25.3615],[143.638,-25.3045],[143.621,-25.3125],[143.593,-25.282],[143.4745,-25.371],[143.4415,-25.3685],[143.4175,-25.5945],[143.454,-25.5975],[143.448,-25.652],[143.3885,-25.647],[143.364,-25.6385],[143.2105,-25.625],[143.1985,-25.7375],[142.984,-25.7175],[142.972,-25.8225],[142.885,-25.814],[142.9025,-25.669],[142.7285,-25.6525],[142.7395,-25.6205],[142.571,-25.6075],[142.5345,-25.6375],[142.5155,-25.644],[142.4905,-25.669],[142.4715,-25.6965],[142.4415,-25.725],[142.4085,-25.738],[142.386,-25.738],[142.3755,-25.749],[142.322,-25.7665],[142.276,-25.789],[142.236,-25.7915],[142.201,-25.8125],[142.194,-25.8575],[142.173,-25.8555],[142.1435,-26.092],[142.1615,-26.196],[142.1365,-26.225],[142.126,-26.263],[142.113,-26.28],[142.081,-26.3425],[142.0745,-26.3855],[142.0585,-26.3815],[141.891,-26.3665],[141.8915,-26.358],[141.798,-26.35],[141.7975,-26.3575],[141.719,-26.3505],[141.704,-26.3865],[141.7215,-26.483],[141.7365,-26.4975],[141.7395,-26.5255],[141.7835,-26.59],[141.7995,-26.6195],[141.813,-26.632],[141.805,-26.6595],[141.8315,-26.7125],[141.8355,-26.7295],[141.826,-26.7475],[141.9975,-26.766],[142.054,-26.765],[142.2525,-26.7855],[142.2595,-26.7915],[142.362,-26.7835],[142.422,-26.79],[142.6915,-26.9915],[142.8555,-27.1135],[142.888,-27.117],[142.883,-27.1585],[142.866,-27.234],[143.158,-27.262],[143.322,-27.2755],[143.3205,-27.2895],[143.3875,-27.2955],[143.394,-27.283],[143.5175,-27.2955],[143.515,-27.3165],[143.5865,-27.3235],[143.5805,-27.38],[143.7205,-27.3985],[143.7195,-27.3685],[143.8355,-27.456],[143.9685,-27.627],[144.124,-27.6415],[144.322,-27.652]]]},"properties":{"code":"36150","name":"Quilpie"}},
{"type":"Feature","geometry":{"type":"MultiPolygon","coordinates":[[[[153.44,-27.393],[153.4395,-27.413],[153.423,-27.47],[153.3985,-27.4965],[153.4125,-27.517],[153.4095,-27.538],[153.4135,-27.5945],[153.4075,-27.609],[153.4215,-27.642],[153.4,-27.6615],[153.402,-27.6915],[153.393,-27.7065],[153.4055,-27.722],[153.4115,-27.7385],[153.425,-27.7405],[153.432,-27.728],[153.454,-27.7285],[153.4565,-27.6835],[153.4705,-27.616],[153.502,-27.523],[153.527,-27.4615],[153.542,-27.437],[153.5285,-27.426],[153.483,-27.4155],[153.454,-27.388],[153.44,-27.393]]],[[[153.197,-27.474],[153.186,-27.498],[153.176,-27.6065],[153.1875,-27.6405],[153.255,-27.6495],[153.28,-27.6585],[153.2865,-27.6945],[153.2925,-27.692],[153.301,-27.7065],[153.323,-27.699],[153.3115,-27.6635],[153.3115,-27.618],[153.3025,-27.5955],[153.305,-27.5745],[153.2895,-27.5645],[153.278,-27.5405],[153.289,-27.514],[153.2625,-27.516],[153.26,-27.483],[153.2225,-27.483],[153.197,-27.474]]],[[[153.38,-27.708],[153.395,-27.692],[153.3885,-27.6585],[153.3655,-27.696],[153.38,-27.708]]]]},"properties":{"code":"36250","name":"Redland"}},
{"type":"Feature","geometry":{"type":"Polygon","coordinates":[[[142.072,-21.541],[142.1615,-21.543],[142.232,-21.551],[142.228,-21.5965],[142.335,-21.607],[142.3325,-21.6365],[142.491,-21.644],[142.4955,-21.598],[142.6565,-21.6105],[142.6515,-21.6675],[142.7185,-21.615],[142.694,-21.588],[142.8155,-21.493],[142.862,-21.545],[142.9425,-21.4815],[142.9535,-21.494],[143,-21.4545],[143.188,-21.3085],[143.2365,-21.311],[143.25,-21.186],[143.261,-21.144],[143.298,-21.1475],[143.338,-20.8205],[143.4345,-20.8285],[143.4475,-20.7775],[143.499,-20.7825],[143.5285,-20.7355],[143.541,-20.6175],[143.5335,-20.611],[143.4775,-20.6065],[143.483,-20.5885],[143.5005,-20.5735],[143.5155,-20.5425],[143.5575,-20.5215],[143.582,-20.499],[143.6145,-20.4955],[143.6295,-20.4825],[143.7015,-20.4825],[143.7715,-20.431],[143.783,-20.407],[143.71,-20.325],[143.79,-20.263],[143.74,-20.206],[143.711,-20.229],[143.6255,-20.148],[143.597,-20.1455],[143.6095,-20.0255],[143.6415,-20.0285],[143.659,-19.833],[143.682,-19.597],[143.6465,-19.584],[143.619,-19.56],[143.5905,-19.5075],[143.5655,-19.4855],[143.5355,-19.472],[143.5075,-19.484],[143.5095,-19.516],[143.4665,-19.54],[143.444,-19.566],[143.413,-19.5645],[143.394,-19.5765],[143.3945,-19.597],[143.383,-19.6125],[143.342,-19.6055],[143.333,-19.621],[143.306,-19.6395],[143.275,-19.6965],[143.2495,-19.69],[143.0285,-19.673],[142.7935,-19.652],[142.6005,-19.6355],[142.602,-19.62],[142.376,-19.6],[142.3495,-19.859],[142.3795,-19.8615],[142.361,-20.0625],[142.336,-20.3305],[142.3805,-20.334],[142.3735,-20.4395],[142.3615,-20.5685],[142.3445,-20.571],[142.345,-20.6005],[142.339,-20.6655],[142.31,-20.7145],[142.3635,-20.72],[142.355,-20.7965],[142.331,-20.794],[142.321,-20.886],[142.302,-20.884],[142.292,-20.995],[142.203,-20.9875],[142.199,-21.011],[142.2375,-21.014],[142.2225,-21.1675],[142.2555,-21.1695],[142.25,-21.236],[142.1575,-21.235],[142.0575,-21.217],[142.047,-21.2245],[142.1375,-21.3235],[142.064,-21.38],[142.0915,-21.3825],[142.0805,-21.4885],[142.0375,-21.52],[142.0735,-21.5235],[142.072,-21.541]]]},"properties":{"code":"36300","name":"Richmond"}},
{"type":"Feature","geometry":{"type":"Polygon","coordinates":[[[149.6725,-23.082],[149.688,-23.094],[149.71,-23.096],[149.711,-23.114],[149.699,-23.1435],[149.6895,-23.194],[149.678,-23.2145],[149.721,-23.251],[149.715,-23.2765],[149.7175,-23.3025],[149.711,-23.3245],[149.741,-23.3215],[149.755,-23.3345],[149.7665,-23.4055],[149.745,-23.419],[149.735,-23.435],[149.7565,-23.4795],[149.7625,-23.4765],[149.801,-23.541],[149.74,-23.571],[149.752,-23.6215],[149.767,-23.6275],[149.815,-23.593],[149.865,-23.5775],[149.8935,-23.5835],[149.9015,-23.601],[149.8915,-23.6655],[149.9035,-23.6675],[149.9105,-23.69],[149.938,-23.71],[149.943,-23.7265],[149.98,-23.745],[149.986,-23.754],[150.005,-23.7405],[149.9975,-23.714],[150.012,-23.71],[150.067,-23.7125],[150.074,-23.6755],[150.0905,-23.6615],[150.1245,-23.6515],[150.173,-23.654],[150.189,-23.647],[150.231,-23.6495],[150.249,-23.665],[150.258,-23.709],[150.28,-23.724],[150.285,-23.743],[150.314,-23.769],[150.3135,-23.813],[150.3285,-23.824],[150.341,-23.8075],[150.371,-23.8335],[150.3865,-23.8375],[150.412,-23.815],[150.448,-23.8235],[150.469,-23.852],[150.4955,-23.845],[150.5335,-23.8495],[150.555,-23.8235],[150.6025,-23.8335],[150.628,-23.842],[150.646,-23.8385],[150.656,-23.8025],[150.6795,-23.7845],[150.706,-23.778],[150.718,-23.758],[150.7585,-23.7625],[150.7725,-23.741],[150.8115,-23.7035],[150.8185,-23.684],[150.819,-23.6515],[150.8305,-23.6415],[150.824,-23.616],[150.8325,-23.606],[150.861,-23.612],[150.8685,-23.577],[150.88,-23.562],[150.8795,-23.542],[150.846,-23.5365],[150.7905,-23.506],[150.773,-23.5065],[150.7285,-23.4915],[150.7055,-23.506],[150.6825,-23.498],[150.6485,-23.518],[150.6255,-23.457],[150.602,-23.443],[150.5935,-23.4235],[150.571,-23.399],[150.5875,-23.373],[150.5845,-23.342],[150.613,-23.3425],[150.609,-23.3225],[150.592,-23.3025],[150.587,-23.2675],[150.5585,-23.277],[150.5085,-23.282],[150.4755,-23.3125],[150.4605,-23.3375],[150.434,-23.285],[150.4265,-23.254],[150.4085,-23.2405],[150.393,-23.243],[150.373,-23.265],[150.356,-23.2625],[150.3415,-23.244],[150.38,-23.207],[150.3925,-23.161],[150.385,-23.143],[150.3655,-23.1465],[150.2965,-23.1375],[150.2505,-23.1125],[150.216,-23.1085],[150.188,-23.132],[150.163,-23.146],[150.134,-23.1225],[150.1385,-23.103],[150.1225,-23.09],[150.0975,-23.093],[150.068,-23.086],[150.0775,-23.0455],[150.065,-23.035],[150.0315,-23.047],[150.025,-23.0715],[150.001,-23.087],[149.9645,-23.0785],[149.925,-23.0555],[149.933,-23.0135],[149.908,-23.007],[149.878,-22.988],[149.8265,-22.9815],[149.8025,-22.9925],[149.7785,-23.0145],[149.731,-23.026],[149.7195,-23.0415],[149.7195,-23.0605],[149.6725,-23.082]]]},"properties":{"code":"36370","name":"Rockhampton"}},
{"type":"Feature","geometry":{"type":"Polygon","coordinates":[[[152.804,-27.825],[152.8025,-27.7985],[152.7605,-27.7855],[152.758,-27.7675],[152.7075,-27.7585],[152.7045,-27.7495],[152.6675,-27.75],[152.656,-27.7385],[152.6075,-27.737],[152.598,-27.7265],[152.5295,-27.7175],[152.5195,-27.761],[152.499,-27.7585],[152.4945,-27.7835],[152.4675,-27.783],[152.451,-27.802],[152.4435,-27.845],[152.4285,-27.8405],[152.4195,-27.8655],[152.4025,-27.8635],[152.4115,-27.8835],[152.4055,-27.919],[152.416,-27.9445],[152.389,-27.974],[152.378,-27.9905],[152.3755,-28.014],[152.3905,-28.031],[152.39,-28.059],[152.4165,-28.07],[152.4115,-28.1125],[152.426,-28.129],[152.442,-28.176],[152.456,-28.1955],[152.473,-28.2045],[152.459,-28.2265],[152.4825,-28.2295],[152.4875,-28.2535],[152.5095,-28.249],[152.5365,-28.266],[152.526,-28.306],[152.554,-28.3245],[152.585,-28.3285],[152.5975,-28.3145],[152.5975,-28.2915],[152.6175,-28.2825],[152.6395,-28.312],[152.659,-28.31],[152.674,-28.3265],[152.7085,-28.344],[152.723,-28.344],[152.751,-28.364],[152.7775,-28.346],[152.7935,-28.354],[152.8315,-28.3195],[152.8495,-28.311],[152.878,-28.3115],[152.9,-28.3255],[152.939,-28.335],[152.973,-28.332],[152.9835,-28.338],[153.0655,-28.344],[153.074,-28.352],[153.1085,-28.3565],[153.13,-28.3305],[153.126,-28.3175],[153.169,-28.293],[153.1715,-28.259],[153.188,-28.2475],[153.2075,-28.253],[153.184,-28.193],[153.2025,-28.117],[153.2275,-28.0975],[153.2135,-28.0805],[153.2285,-28.055],[153.239,-28.011],[153.218,-28.008],[153.2035,-27.9785],[153.22,-27.9765],[153.225,-27.956],[153.2065,-27.949],[153.2155,-27.903],[153.1805,-27.895],[153.189,-27.855],[153.173,-27.8345],[153.11,-27.8635],[153.098,-27.8955],[153.1065,-27.9115],[153.0885,-27.931],[153.0695,-27.9385],[153.0475,-27.9355],[153.031,-27.9155],[153.0125,-27.9205],[152.985,-27.912],[152.9605,-27.921],[152.943,-27.8615],[152.931,-27.84],[152.9,-27.853],[152.8825,-27.8485],[152.836,-27.869],[152.8005,-27.843],[152.804,-27.825]]]},"properties":{"code":"36510","name":"Scenic Rim"}},
{"type":"Feature","geometry":{"type":"Polygon","coordinates":[[[152.1915,-27.387],[152.261,-27.3925],[152.263,-27.416],[152.2915,-27.4],[152.2945,-27.4275],[152.3105,-27.4295],[152.3155,-27.399],[152.3735,-27.402],[152.4015,-27.415],[152.409,-27.4365],[152.4355,-27.44],[152.436,-27.458],[152.4575,-27.4645],[152.4805,-27.483],[152.475,-27.508],[152.4995,-27.5115],[152.4925,-27.551],[152.514,-27.5665],[152.5645,-27.5695],[152.5705,-27.545],[152.618,-27.546],[152.648,-27.551],[152.6515,-27.533],[152.6825,-27.531],[152.7055,-27.508],[152.73,-27.4955],[152.7425,-27.48],[152.738,-27.4645],[152.747,-27.443],[152.747,-27.407],[152.737,-27.3735],[152.708,-27.352],[152.684,-27.349],[152.7195,-27.3235],[152.7485,-27.319],[152.752,-27.2955],[152.713,-27.2895],[152.684,-27.273],[152.682,-27.254],[152.7,-27.23],[152.7035,-27.199],[152.7335,-27.1705],[152.7395,-27.151],[152.7305,-27.109],[152.687,-27.0835],[152.6835,-27.0655],[152.7025,-27.031],[152.687,-26.9815],[152.659,-26.95],[152.682,-26.915],[152.6865,-26.8775],[152.67,-26.855],[152.6785,-26.8305],[152.679,-26.8],[152.6675,-26.773],[152.6455,-26.7735],[152.6025,-26.758],[152.5835,-26.7405],[152.5795,-26.716],[152.553,-26.706],[152.5555,-26.6805],[152.583,-26.6455],[152.588,-26.614],[152.575,-26.584],[152.554,-26.5725],[152.5115,-26.5675],[152.52,-26.5885],[152.457,-26.581],[152.4405,-26.557],[152.4355,-26.524],[152.444,-26.506],[152.4385,-26.486],[152.443,-26.4605],[152.412,-26.4645],[152.4025,-26.474],[152.371,-26.4625],[152.3145,-26.48],[152.2845,-26.4525],[152.259,-26.47],[152.253,-26.4845],[152.2335,-26.492],[152.231,-26.5075],[152.2065,-26.5085],[152.1675,-26.4755],[152.15,-26.4825],[152.1255,-26.5065],[152.1265,-26.5315],[152.136,-26.5665],[152.136,-26.614],[152.1265,-26.638],[152.0735,-26.6685],[152.089,-26.7],[152.112,-26.706],[152.151,-26.7405],[152.156,-26.769],[152.1765,-26.78],[152.174,-26.8215],[152.1845,-26.871],[152.1545,-26.8735],[152.138,-26.9],[152.143,-26.925],[152.1255,-26.954],[152.1685,-26.978],[152.1825,-26.977],[152.198,-27.008],[152.1915,-27.0725],[152.134,-27.1415],[152.1885,-27.169],[152.162,-27.1895],[152.159,-27.2065],[152.215,-27.209],[152.233,-27.222],[152.152,-27.2695],[152.1705,-27.2865],[152.1945,-27.2755],[152.206,-27.292],[152.1925,-27.311],[152.2015,-27.322],[152.1915,-27.366],[152.1915,-27.387]]]},"properties":{"code":"36580","name":"Somerset"}},
{"type":"Feature","geometry":{"type":"Polygon","coordinates":[[[151.6475,-26.913],[151.67,-26.9165],[151.7,-26.9385],[151.7235,-26.948],[151.7585,-26.9475],[151.8195,-26.9285],[151.8435,-26.8975],[151.8865,-26.8795],[151.898,-26.846],[151.922,-26.8215],[151.933,-26.8015],[151.9735,-26.806],[151.9795,-26.7865],[152.0465,-26.7735],[152.064,-26.7785],[152.0625,-26.834],[152.038,-26.8575],[152.076,-26.861],[152.0625,-26.877],[152.0675,-26.8985],[152.0505,-26.9195],[152.071,-26.927],[152.108,-26.903],[152.138,-26.9],[152.1545,-26.8735],[152.1845,-26.871],[152.174,-26.8215],[152.1765,-26.78],[152.156,-26.769],[152.151,-26.7405],[152.112,-26.706],[152.089,-26.7],[152.0735,-26.6685],[152.1265,-26.638],[152.136,-26.614],[152.136,-26.5665],[152.1265,-26.5315],[152.1255,-26.5065],[152.15,-26.4825],[152.1675,-26.4755],[152.174,-26.438],[152.167,-26.4165],[152.1485,-26.4015],[152.121,-26.3925],[152.12,-26.3785],[152.0965,-26.3735],[152.0725,-26.3595],[152.0665,-26.3815],[152.004,-26.3755],[152.009,-26.3495],[152.05,-26.354],[152.073,-26.322],[152.0785,-26.285],[152.066,-26.2755],[152.0615,-26.243],[152.04,-26.2455],[152.005,-26.217],[152.0105,-26.199],[151.9905,-26.1755],[151.976,-26.1735],[151.975,-26.1335],[151.9565,-26.1285],[151.9845,-26.099],[151.9355,-26.092],[151.9475,-26.043],[151.939,-26.0205],[151.8395,-26.0095],[151.832,-26.023],[151.8115,-26.0205],[151.8065,-26.006],[151.8145,-25.956],[151.7645,-25.9495],[151.753,-25.9375],[151.7365,-25.9385],[151.6915,-25.918],[151.6575,-25.912],[151.662,-25.897],[151.628,-25.861],[151.613,-25.855],[151.589,-25.865],[151.537,-25.854],[151.517,-25.8565],[151.497,-25.959],[151.4685,-26.0035],[151.382,-26.0095],[151.355,-26.006],[151.324,-26.0255],[151.3305,-26.0355],[151.3085,-26.066],[151.2875,-26.0685],[151.1415,-26.05],[151.11,-26.043],[151.1145,-26.091],[151.079,-26.0965],[151.098,-26.1105],[151.1265,-26.1145],[151.15,-26.1055],[151.1595,-26.121],[151.162,-26.1495],[151.1395,-26.159],[151.116,-26.141],[151.0765,-26.162],[151.0735,-26.173],[151.023,-26.195],[151.013,-26.192],[151.0165,-26.256],[151.066,-26.2545],[151.1355,-26.263],[151.1145,-26.3795],[151.077,-26.463],[151.2075,-26.479],[151.204,-26.501],[151.2295,-26.527],[151.248,-26.528],[151.258,-26.548],[151.2875,-26.545],[151.305,-26.5795],[151.352,-26.617],[151.3785,-26.6295],[151.408,-26.6565],[151.407,-26.674],[151.392,-26.684],[151.417,-26.698],[151.419,-26.7405],[151.4405,-26.7565],[151.4645,-26.762],[151.4825,-26.7545],[151.52,-26.7665],[151.519,-26.801],[151.5395,-26.8195],[151.582,-26.8795],[151.63,-26.899],[151.6475,-26.913]],[[151.977,-26.297],[151.9675,-26.3115],[151.8875,-26.3025],[151.9145,-26.281],[151.921,-26.2575],[151.94,-26.2565],[151.9705,-26.269],[151.959,-26.2875],[151.977,-26.297]]]},"properties":{"code":"36630","name":"South Burnett"}},
{"type":"Feature","geometry":{"type":"Polygon","coordinates":[[[151.505,-29.0095],[151.5375,-28.9795],[151.545,-28.9535],[151.6115,-28.9235],[151.637,-28.9225],[151.666,-28.9055],[151.7065,-28.8715],[151.7265,-28.867],[151.746,-28.9155],[151.7735,-28.938],[151.7775,-28.957],[151.807,-28.9455],[151.8255,-28.964],[151.84,-28.943],[151.84,-28.913],[151.8955,-28.9135],[151.923,-28.928],[151.961,-28.919],[151.995,-28.8985],[152.0105,-28.9065],[152.0235,-28.891],[152.0355,-28.8585],[152.015,-28.85],[152.0335,-28.828],[152.0365,-28.7565],[152.0425,-28.732],[152.076,-28.7085],[152.068,-28.685],[152.0525,-28.682],[152.039,-28.6645],[152.014,-28.666],[151.991,-28.6245],[151.986,-28.582],[151.957,-28.5635],[151.9555,-28.519],[151.9825,-28.5035],[151.989,-28.5255],[152.0165,-28.525],[152.0455,-28.495],[152.08,-28.4705],[152.122,-28.4605],[152.142,-28.4425],[152.1645,-28.4325],[152.2045,-28.438],[152.217,-28.449],[152.239,-28.418],[152.2665,-28.3905],[152.2815,-28.393],[152.3075,-28.369],[152.342,-28.368],[152.3565,-28.361],[152.385,-28.369],[152.4175,-28.3315],[152.4105,-28.3105],[152.444,-28.297],[152.4635,-28.259],[152.4875,-28.2535],[152.4825,-28.2295],[152.459,-28.2265],[152.473,-28.2045],[152.456,-28.1955],[152.442,-28.176],[152.426,-28.129],[152.4115,-28.1125],[152.4165,-28.07],[152.39,-28.059],[152.3905,-28.031],[152.3755,-28.014],[152.378,-27.9905],[152.389,-27.974],[152.3825,-27.9655],[152.343,-27.961],[152.3275,-27.9665],[152.2985,-27.9565],[152.277,-27.9695],[152.2515,-27.955],[152.2075,-27.944],[152.1615,-27.955],[152.139,-27.944],[152.1065,-27.9395],[152.0745,-27.9615],[152.0255,-27.9545],[151.976,-27.9675],[151.9735,-27.98],[151.922,-27.973],[151.908,-27.994],[151.917,-28.0125],[151.808,-27.997],[151.793,-28],[151.7775,-28.0235],[151.7485,-27.999],[151.5435,-27.974],[151.5365,-28.019],[151.507,-28.0155],[151.4955,-28.0895],[151.4745,-28.0865],[151.4455,-28.105],[151.441,-28.152],[151.483,-28.1945],[151.477,-28.2075],[151.503,-28.2335],[151.509,-28.2585],[151.5455,-28.2875],[151.588,-28.274],[151.6295,-28.274],[151.653,-28.3015],[151.6785,-28.301],[151.7065,-28.326],[151.6935,-28.3515],[151.702,-28.392],[151.6815,-28.4085],[151.6785,-28.4285],[151.6395,-28.453],[151.6465,-28.4925],[151.64,-28.524],[151.6015,-28.5585],[151.605,-28.5755],[151.582,-28.586],[151.5715,-28.6085],[151.5315,-28.6545],[151.5255,-28.6785],[151.4875,-28.723],[151.4775,-28.7465],[151.4535,-28.7595],[151.4225,-28.8075],[151.4025,-28.8315],[151.3825,-28.8745],[151.388,-28.9015],[151.3785,-28.928],[151.378,-28.9925],[151.363,-29.0025],[151.366,-29.02],[151.351,-29.03],[151.361,-29.047],[151.399,-29.0535],[151.4195,-29.0635],[151.4475,-29.0595],[151.444,-29.032],[151.458,-28.999],[151.505,-29.0095]]]},"properties":{"code":"36660","name":"Southern Downs"}},
{"type":"Feature","geometry":{"type":"MultiPolygon","coordinates":[[[[153.0955,-26.4985],[153.081,-26.495],[153.08,-26.4605],[153.048,-26.4425],[153.0075,-26.44],[152.9665,-26.432],[152.945,-26.4445],[152.922,-26.443],[152.8925,-26.455],[152.886,-26.467],[152.814,-26.498],[152.789,-26.4695],[152.745,-26.4995],[152.762,-26.5105],[152.767,-26.5375],[152.745,-26.5495],[152.7285,-26.537],[152.681,-26.584],[152.6605,-26.597],[152.6255,-26.582],[152.575,-26.584],[152.588,-26.614],[152.583,-26.6455],[152.5555,-26.6805],[152.553,-26.706],[152.5795,-26.716],[152.5835,-26.7405],[152.6025,-26.758],[152.6455,-26.7735],[152.6675,-26.773],[152.679,-26.8],[152.7495,-26.8165],[152.753,-26.7975],[152.7795,-26.797],[152.7935,-26.8275],[152.8125,-26.83],[152.8325,-26.856],[152.8575,-26.871],[152.861,-26.9365],[152.858,-26.956],[152.891,-26.961],[152.9035,-26.954],[152.95,-26.966],[152.9665,-26.979],[153.003,-26.985],[153.0185,-26.9665],[153.043,-26.9695],[153.043,-26.946],[153.0585,-26.9335],[153.067,-26.9045],[153.109,-26.887],[153.11,-26.848],[153.123,-26.81],[153.1515,-26.8025],[153.137,-26.774],[153.1345,-26.73],[153.1375,-26.682],[153.109,-26.6705],[153.101,-26.6395],[153.098,-26.577],[153.1025,-26.5465],[153.0925,-26.532],[153.0955,-26.4985]]],[[[153.147,-26.9375],[153.1355,-26.8955],[153.1235,-26.881],[153.0775,-26.907],[153.075,-26.9195],[153.087,-26.952],[153.147,-26.9375]]]]},"properties":{"code":"36720","name":"Sunshine Coast"}},
{"type":"Feature","geometry":{"type":"Polygon","coordinates":[[[144.752,-18.216],[144.741,-18.3185],[144.76,-18.3565],[144.7925,-18.3585],[144.827,-18.372],[144.855,-18.3695],[144.8515,-18.4],[144.838,-18.437],[144.8365,-18.493],[144.8805,-18.4975],[144.878,-18.518],[144.9205,-18.519],[144.922,-18.5015],[144.947,-18.498],[144.953,-18.4815],[144.9725,-18.477],[144.981,-18.507],[145.0475,-18.5135],[145.0535,-18.549],[145.1015,-18.5685],[145.1195,-18.556],[145.139,-18.564],[145.17,-18.5265],[145.184,-18.495],[145.183,-18.432],[145.1645,-18.415],[145.1615,-18.3905],[145.134,-18.385],[145.14,-18.3575],[145.156,-18.3645],[145.1665,-18.347],[145.268,-18.355],[145.26,-18.4275],[145.3025,-18.4555],[145.297,-18.464],[145.384,-18.5705],[145.3905,-18.565],[145.494,-18.577],[145.4995,-18.4625],[145.7145,-18.4885],[145.708,-18.471],[145.728,-18.466],[145.738,-18.453],[145.755,-18.4385],[145.7575,-18.396],[145.7435,-18.373],[145.718,-18.357],[145.7865,-18.304],[145.8095,-18.3045],[145.815,-18.2855],[145.8005,-18.264],[145.807,-18.247],[145.78,-18.1995],[145.7845,-18.181],[145.7515,-18.1565],[145.735,-18.157],[145.706,-18.1765],[145.685,-18.1685],[145.6985,-18.1505],[145.7075,-18.1105],[145.6895,-18.092],[145.6675,-18.103],[145.642,-18.0815],[145.6495,-18.0275],[145.623,-18.021],[145.6255,-18.0005],[145.66,-17.9485],[145.674,-17.948],[145.686,-17.9255],[145.685,-17.9025],[145.672,-17.87],[145.6555,-17.864],[145.652,-17.8365],[145.658,-17.82],[145.642,-17.8025],[145.5725,-17.783],[145.577,-17.741],[145.6515,-17.727],[145.641,-17.707],[145.661,-17.6785],[145.692,-17.6635],[145.6975,-17.652],[145.7075,-17.557],[145.74,-17.551],[145.7215,-17.5215],[145.716,-17.497],[145.834,-17.5085],[145.835,-17.4975],[145.84,-17.454],[145.8235,-17.421],[145.821,-17.394],[145.781,-17.3535],[145.7875,-17.3215],[145.8005,-17.2965],[145.7855,-17.2795],[145.7725,-17.2475],[145.7565,-17.2485],[145.7205,-17.232],[145.704,-17.212],[145.7045,-17.1745],[145.6705,-17.1715],[145.6525,-17.1245],[145.6225,-17.0895],[145.581,-17.0925],[145.5735,-17.1325],[145.548,-17.147],[145.53,-17.144],[145.513,-17.17],[145.481,-17.1385],[145.458,-17.1365],[145.427,-17.121],[145.4355,-17.104],[145.4115,-17.102],[145.3955,-17.0895],[145.383,-17.108],[145.3805,-17.1315],[145.4135,-17.1535],[145.4075,-17.212],[145.437,-17.302],[145.421,-17.309],[145.3975,-17.3535],[145.359,-17.368],[145.3595,-17.3845],[145.3125,-17.389],[145.3055,-17.411],[145.2845,-17.411],[145.2555,-17.4205],[145.25,-17.446],[145.2295,-17.465],[145.2195,-17.529],[145.183,-17.5155],[145.1555,-17.5385],[145.1185,-17.5385],[145.1145,-17.548],[145.058,-17.566],[145.0495,-17.597],[145.021,-17.616],[144.9945,-17.6065],[144.9915,-17.6275],[144.9735,-17.645],[144.968,-17.669],[144.975,-17.686],[144.951,-17.7195],[144.966,-17.7445],[144.943,-17.7685],[144.9365,-17.79],[144.9155,-17.7955],[144.916,-17.816],[144.8945,-17.8375],[144.9035,-17.8635],[144.8805,-17.865],[144.8735,-17.885],[144.8715,-17.9445],[144.8765,-17.955],[144.856,-17.98],[144.8765,-18.03],[144.868,-18.055],[144.8715,-18.0775],[144.8575,-18.1265],[144.8135,-18.146],[144.7895,-18.109],[144.7625,-18.1295],[144.752,-18.216]]]},"properties":{"code":"36820","name":"Tablelands"}},
{"type":"Feature","geometry":{"type":"Polygon","coordinates":[[[151.6475,-26.913],[151.669,-26.9385],[151.6745,-26.9585],[151.663,-26.991],[151.6275,-27.0025],[151.623,-27.03],[151.601,-27.0305],[151.5965,-27.058],[151.581,-27.056],[151.5765,-27.1],[151.5685,-27.125],[151.546,-27.1155],[151.5255,-27.1255],[151.465,-27.111],[151.4705,-27.139],[151.458,-27.146],[151.45,-27.2015],[151.46,-27.2025],[151.4505,-27.2785],[151.3375,-27.208],[151.3175,-27.3315],[151.312,-27.3365],[151.3085,-27.414],[151.193,-27.3985],[151.1975,-27.384],[151.088,-27.3765],[151.076,-27.451],[151.083,-27.4935],[151.0775,-27.528],[151.0845,-27.5355],[151.072,-27.5635],[151.0475,-27.5835],[151.0105,-27.575],[150.973,-27.5815],[150.927,-27.572],[150.9275,-27.534],[150.8675,-27.546],[150.8345,-27.5075],[150.825,-27.5105],[150.793,-27.5535],[150.7825,-27.5765],[150.7565,-27.5995],[150.74,-27.7105],[150.7405,-27.743],[150.7255,-27.793],[150.7025,-27.9345],[150.735,-27.9485],[150.7355,-27.971],[150.795,-27.9925],[150.805,-28.015],[150.832,-28.0305],[150.8255,-28.054],[150.8565,-28.069],[151.0555,-28.094],[151.049,-28.124],[151.0375,-28.141],[151.0545,-28.1625],[151.1255,-28.1765],[151.173,-28.167],[151.1705,-28.182],[151.2735,-28.1925],[151.3095,-28.1725],[151.3425,-28.177],[151.3765,-28.154],[151.397,-28.1675],[151.441,-28.152],[151.4455,-28.105],[151.4745,-28.0865],[151.4955,-28.0895],[151.507,-28.0155],[151.5365,-28.019],[151.5435,-27.974],[151.7485,-27.999],[151.7775,-28.0235],[151.793,-28],[151.808,-27.997],[151.917,-28.0125],[151.908,-27.994],[151.922,-27.973],[151.9735,-27.98],[151.976,-27.9675],[152.0255,-27.9545],[152.0745,-27.9615],[152.1065,-27.9395],[152.139,-27.944],[152.1615,-27.955],[152.2075,-27.944],[152.2515,-27.955],[152.215,-27.945],[152.1885,-27.924],[152.1755,-27.9045],[152.176,-27.8875],[152.151,-27.8765],[152.1515,-27.834],[152.1395,-27.8215],[152.1475,-27.799],[152.1315,-27.7715],[152.0865,-27.7575],[152.074,-27.731],[152.034,-27.703],[152.0105,-27.7],[151.992,-27.6735],[151.985,-27.6485],[151.956,-27.6495],[151.942,-27.632],[151.948,-27.6175],[151.978,-27.621],[151.995,-27.5995],[152.0005,-27.557],[151.988,-27.536],[151.9985,-27.526],[151.9555,-27.514],[151.968,-27.503],[151.967,-27.4735],[152.0065,-27.447],[152.0195,-27.4485],[152.029,-27.4165],[152.0565,-27.4025],[152.0835,-27.4045],[152.137,-27.4235],[152.148,-27.4375],[152.196,-27.406],[152.1915,-27.387],[152.1915,-27.366],[152.2015,-27.322],[152.1925,-27.311],[152.206,-27.292],[152.1945,-27.2755],[152.1705,-27.2865],[152.152,-27.2695],[152.233,-27.222],[152.215,-27.209],[152.159,-27.2065],[152.162,-27.1895],[152.1885,-27.169],[152.134,-27.1415],[152.1915,-27.0725],[152.198,-27.008],[152.1825,-26.977],[152.1685,-26.978],[152.1255,-26.954],[152.143,-26.925],[152.138,-26.9],[152.108,-26.903],[152.071,-26.927],[152.0505,-26.9195],[152.0675,-26.8985],[152.0625,-26.877],[152.076,-26.861],[152.038,-26.8575],[152.0625,-26.834],[152.064,-26.7785],[152.0465,-26.7735],[151.9795,-26.7865],[151.9735,-26.806],[151.933,-26.8015],[151.922,-26.8215],[151.898,-26.846],[151.8865,-26.8795],[151.8435,-26.8975],[151.8195,-26.9285],[151.7585,-26.9475],[151.7235,-26.948],[151.7,-26.9385],[151.67,-26.9165],[151.6475,-26.913]]]},"properties":{"code":"36910","name":"Toowoomba"}},
{"type":"Feature","geometry":{"type":"MultiPolygon","coordinates":[[[[142.4015,-10.9985],[142.746,-10.9985],[142.7265,-10.9735],[142.6805,-10.9715],[142.668,-10.9445],[142.638,-10.937],[142.623,-10.9435],[142.6095,-10.934],[142.619,-10.916],[142.6165,-10.8925],[142.589,-10.868],[142.575,-10.8695],[142.546,-10.892],[142.5435,-10.908],[142.4995,-10.956],[142.4975,-10.937],[142.516,-10.9095],[142.513,-10.8605],[142.5325,-10.843],[142.5325,-10.8255],[142.5625,-10.7615],[142.529,-10.739],[142.5545,-10.7195],[142.5275,-10.6945],[142.498,-10.7155],[142.4475,-10.718],[142.424,-10.7275],[142.468,-10.732],[142.503,-10.729],[142.517,-10.7385],[142.507,-10.767],[142.4615,-10.789],[142.4815,-10.806],[142.428,-10.9145],[142.4285,-10.954],[142.4395,-10.963],[142.4185,-10.995],[142.4015,-10.9985]]],[[[142.3085,-10.514],[142.284,-10.528],[142.299,-10.542],[142.32,-10.5375],[142.3085,-10.514]]],[[[142.8355,-10.036],[142.851,-10.0505],[142.868,-10.041],[142.847,-10.0185],[142.8355,-10.036]]],[[[142.8995,-9.858],[142.9125,-9.867],[142.944,-9.858],[142.923,-9.8435],[142.8995,-9.858]]],[[[142.3185,-9.564],[142.2905,-9.5515],[142.269,-9.549],[142.267,-9.5645],[142.314,-9.574],[142.3185,-9.564]]],[[[142.2165,-10.9225],[142.1935,-10.915],[142.1565,-10.9325],[142.1295,-10.9625],[142.167,-11.0035],[142.2295,-10.9475],[142.2165,-10.9225]]],[[[142.6695,-9.373],[142.707,-9.3765],[142.713,-9.363],[142.687,-9.3585],[142.6695,-9.373]]],[[[142.7015,-10.9425],[142.6935,-10.9225],[142.6525,-10.914],[142.6685,-10.9365],[142.7015,-10.9425]]],[[[142.1965,-10.594],[142.1675,-10.624],[142.13,-10.64],[142.111,-10.6635],[142.1105,-10.6935],[142.1215,-10.724],[142.1375,-10.7365],[142.15,-10.7625],[142.178,-10.771],[142.185,-10.7515],[142.207,-10.7265],[142.223,-10.723],[142.23,-10.7395],[142.253,-10.713],[142.2735,-10.698],[142.2495,-10.667],[142.2455,-10.6475],[142.212,-10.6185],[142.1965,-10.594]]],[[[142.246,-10.593],[142.236,-10.609],[142.2675,-10.6425],[142.296,-10.638],[142.3265,-10.613],[142.308,-10.5795],[142.2745,-10.574],[142.246,-10.593]]],[[[142.637,-10.6285],[142.6625,-10.6425],[142.667,-10.6305],[142.643,-10.6185],[142.637,-10.6285]]]]},"properties":{"code":"36950","name":"Torres"}},
{"type":"Feature","geometry":{"type":"MultiPolygon","coordinates":[[[[142.315,-10.217],[142.341,-10.1835],[142.3245,-10.1345],[142.31,-10.1375],[142.2705,-10.1165],[142.237,-10.1215],[142.2115,-10.1395],[142.206,-10.1665],[142.1855,-10.1925],[142.214,-10.2285],[142.263,-10.2435],[142.274,-10.258],[142.3015,-10.2355],[142.315,-10.217]]],[[[142.6895,-9.3765],[142.671,-9.376],[142.6445,-9.365],[142.5995,-9.3875],[142.598,-9.4075],[142.626,-9.4215],[142.6575,-9.4285],[142.7075,-9.4285],[142.742,-9.42],[142.754,-9.4005],[142.801,-9.382],[142.7975,-9.372],[142.743,-9.367],[142.7075,-9.382],[142.6895,-9.3765]]],[[[142.1335,-9.269],[142.1605,-9.2815],[142.1925,-9.287],[142.2495,-9.2905],[142.284,-9.2845],[142.294,-9.26],[142.265,-9.251],[142.2445,-9.259],[142.222,-9.2295],[142.1935,-9.237],[142.1745,-9.249],[142.141,-9.258],[142.1335,-9.269]]],[[[142.216,-10.522],[142.203,-10.546],[142.1805,-10.5615],[142.1975,-10.5745],[142.219,-10.563],[142.2235,-10.541],[142.216,-10.522]]],[[[142.1195,-10.1495],[142.1335,-10.176],[142.16,-10.174],[142.187,-10.1515],[142.193,-10.107],[142.1825,-10.06],[142.12,-10.072],[142.085,-10.1135],[142.0885,-10.1295],[142.1195,-10.1495]]]]},"properties":{"code":"36960","name":"Torres Strait Island"}},
{"type":"Feature","geometry":{"type":"MultiPolygon","coordinates":[[[[146.93,-19.783],[146.9575,-19.775],[146.9685,-19.7625],[146.9865,-19.7615],[147.0205,-19.714],[147.0305,-19.625],[147.003,-19.5965],[147.021,-19.5785],[147.0305,-19.5525],[147.031,-19.5205],[147.0105,-19.492],[147.0125,-19.475],[147.0365,-19.472],[147.043,-19.4295],[147.111,-19.4435],[147.1195,-19.411],[147.114,-19.388],[147.0785,-19.356],[147.0405,-19.2945],[147.0595,-19.2545],[147.046,-19.239],[147.0405,-19.208],[147.0075,-19.2265],[147.0055,-19.241],[146.9775,-19.2835],[146.9605,-19.2935],[146.8885,-19.3055],[146.848,-19.2735],[146.847,-19.2555],[146.8155,-19.25],[146.7875,-19.237],[146.778,-19.2185],[146.774,-19.1885],[146.737,-19.1805],[146.689,-19.1935],[146.629,-19.1705],[146.5975,-19.1485],[146.5635,-19.143],[146.541,-19.1165],[146.5145,-19.0985],[146.491,-19.094],[146.4695,-19.0745],[146.4565,-19.075],[146.438,-19.055],[146.4055,-19.0075],[146.38,-18.9975],[146.363,-18.967],[146.3365,-18.9565],[146.3235,-18.9285],[146.293,-18.9345],[146.2875,-18.9525],[146.265,-18.95],[146.211,-18.923],[146.192,-18.9435],[146.167,-18.9355],[146.147,-18.941],[146.1475,-18.959],[146.175,-19.013],[146.239,-19.013],[146.2475,-19.0245],[146.2365,-19.042],[146.2705,-19.0465],[146.3065,-19.0845],[146.3105,-19.1085],[146.3245,-19.124],[146.355,-19.1175],[146.3735,-19.1205],[146.3875,-19.145],[146.3845,-19.164],[146.3945,-19.1865],[146.412,-19.1945],[146.421,-19.2205],[146.4035,-19.2355],[146.4255,-19.3],[146.4595,-19.319],[146.47,-19.3735],[146.499,-19.3765],[146.529,-19.3945],[146.5675,-19.434],[146.561,-19.4515],[146.577,-19.461],[146.583,-19.514],[146.5435,-19.551],[146.541,-19.5855],[146.5555,-19.6125],[146.5515,-19.667],[146.54,-19.6865],[146.7225,-19.709],[146.8425,-19.721],[146.833,-19.7585],[146.85,-19.7555],[146.93,-19.783]]],[[[146.8645,-19.1145],[146.8155,-19.1175],[146.795,-19.114],[146.7905,-19.1365],[146.804,-19.1615],[146.8365,-19.1815],[146.851,-19.16],[146.8735,-19.146],[146.88,-19.116],[146.8645,-19.1145]]]]},"properties":{"code":"37010","name":"Townsville"}},
{"type":"Feature","geometry":{"type":"Polygon","coordinates":[[[141.852,-12.6385],[141.846,-12.665],[141.86,-12.665],[141.8655,-12.6425],[141.89,-12.64],[141.894,-12.602],[141.889,-12.614],[141.852,-12.6385]]]},"properties":{"code":"37300","name":"Weipa"}},
{"type":"Feature","geometry":{"type":"Polygon","coordinates":[[[149.4955,-27.754],[149.473,-27.889],[149.4575,-27.993],[149.6275,-28.0145],[149.632,-27.987],[149.7865,-28.0065],[149.932,-27.967],[150.066,-27.9855],[150.0695,-27.958],[150.117,-27.9635],[150.1365,-27.9105],[150.1565,-27.9225],[150.2235,-27.8945],[150.2485,-27.9075],[150.246,-27.852],[150.2765,-27.8515],[150.274,-27.803],[150.3265,-27.8085],[150.335,-27.7615],[150.383,-27.7645],[150.41,-27.7465],[150.439,-27.7685],[150.458,-27.7605],[150.489,-27.788],[150.521,-27.7725],[150.575,-27.7795],[150.6035,-27.806],[150.621,-27.811],[150.645,-27.8505],[150.6465,-27.895],[150.674,-27.9035],[150.6775,-27.919],[150.7025,-27.9345],[150.7255,-27.793],[150.7405,-27.743],[150.74,-27.7105],[150.7565,-27.5995],[150.7825,-27.5765],[150.793,-27.5535],[150.825,-27.5105],[150.8345,-27.5075],[150.8675,-27.546],[150.9275,-27.534],[150.927,-27.572],[150.973,-27.5815],[151.0105,-27.575],[151.0475,-27.5835],[151.072,-27.5635],[151.0845,-27.5355],[151.0775,-27.528],[151.083,-27.4935],[151.076,-27.451],[151.088,-27.3765],[151.1975,-27.384],[151.193,-27.3985],[151.3085,-27.414],[151.312,-27.3365],[151.3175,-27.3315],[151.3375,-27.208],[151.4505,-27.2785],[151.46,-27.2025],[151.45,-27.2015],[151.458,-27.146],[151.4705,-27.139],[151.465,-27.111],[151.5255,-27.1255],[151.546,-27.1155],[151.5685,-27.125],[151.5765,-27.1],[151.581,-27.056],[151.5965,-27.058],[151.601,-27.0305],[151.623,-27.03],[151.6275,-27.0025],[151.663,-26.991],[151.6745,-26.9585],[151.669,-26.9385],[151.6475,-26.913],[151.63,-26.899],[151.582,-26.8795],[151.5395,-26.8195],[151.519,-26.801],[151.52,-26.7665],[151.4825,-26.7545],[151.4645,-26.762],[151.4405,-26.7565],[151.419,-26.7405],[151.417,-26.698],[151.392,-26.684],[151.407,-26.674],[151.408,-26.6565],[151.3785,-26.6295],[151.352,-26.617],[151.305,-26.5795],[151.2875,-26.545],[151.258,-26.548],[151.248,-26.528],[151.2295,-26.527],[151.204,-26.501],[151.2075,-26.479],[151.077,-26.463],[151.1145,-26.3795],[151.1355,-26.263],[151.066,-26.2545],[151.0165,-26.256],[151.013,-26.192],[151.023,-26.195],[151.0735,-26.173],[151.0765,-26.162],[151.116,-26.141],[151.1395,-26.159],[151.162,-26.1495],[151.1595,-26.121],[151.15,-26.1055],[151.1265,-26.1145],[151.098,-26.1105],[151.079,-26.0965],[151.0675,-26.0855],[151.04,-26.088],[151.016,-26.077],[150.984,-26.008],[150.933,-26.013],[150.9205,-26.005],[150.8495,-26.0565],[150.79,-26.049],[150.7855,-26.0225],[150.7635,-25.9815],[150.7255,-25.981],[150.673,-25.9695],[150.669,-25.9425],[150.685,-25.914],[150.68,-25.883],[150.6985,-25.857],[150.644,-25.786],[150.66,-25.7735],[150.6645,-25.7325],[150.6495,-25.726],[150.6465,-25.705],[150.6635,-25.6845],[150.654,-25.66],[150.591,-25.6525],[150.5705,-25.638],[150.524,-25.6455],[150.4955,-25.6285],[150.484,-25.606],[150.446,-25.599],[150.4365,-25.6065],[150.4425,-25.622],[150.4365,-25.6615],[150.4185,-25.675],[150.434,-25.7335],[150.426,-25.774],[150.3865,-25.806],[150.361,-25.8185],[150.341,-25.815],[150.3365,-25.7905],[150.282,-25.779],[150.279,-25.7965],[150.1745,-25.78],[150.1805,-25.805],[150.141,-25.8225],[150.1145,-25.811],[150.0965,-25.7945],[150.0855,-25.812],[150.056,-25.813],[150.052,-25.838],[150.028,-25.8345],[150.0215,-25.865],[149.99,-25.847],[149.9615,-25.8505],[149.932,-25.8395],[149.9065,-25.817],[149.851,-25.8375],[149.8235,-25.8285],[149.823,-25.849],[149.7975,-25.849],[149.7665,-25.8595],[149.783,-25.8905],[149.767,-25.9045],[149.736,-25.8495],[149.682,-25.8725],[149.649,-25.8945],[149.5845,-25.8865],[149.5755,-25.944],[149.477,-25.9335],[149.4835,-25.892],[149.4015,-25.8825],[149.365,-25.898],[149.3425,-25.921],[149.328,-25.925],[149.303,-25.966],[149.138,-25.946],[149.0975,-25.948],[149.1355,-26.0445],[149.218,-26.0535],[149.212,-26.0755],[149.2205,-26.116],[149.204,-26.128],[149.1635,-26.197],[149.1615,-26.26],[149.166,-26.284],[149.1525,-26.3055],[149.184,-26.3215],[149.2165,-26.3035],[149.2725,-26.2995],[149.297,-26.2825],[149.35,-26.291],[149.3895,-26.291],[149.4005,-26.2765],[149.464,-26.311],[149.474,-26.2865],[149.5115,-26.29],[149.512,-26.322],[149.505,-26.336],[149.5655,-26.3325],[149.5695,-26.303],[149.615,-26.308],[149.623,-26.299],[149.649,-26.307],[149.702,-26.3115],[149.7185,-26.291],[149.8165,-26.303],[149.8315,-26.3175],[149.8215,-26.38],[149.805,-26.3935],[149.773,-26.401],[149.751,-26.39],[149.746,-26.4185],[149.732,-26.4165],[149.7225,-26.4365],[149.6855,-26.465],[149.7275,-26.4705],[149.7025,-26.497],[149.697,-26.517],[149.7105,-26.5335],[149.6965,-26.591],[149.67,-26.588],[149.667,-26.6065],[149.702,-26.611],[149.6965,-26.644],[149.671,-26.6685],[149.676,-26.7265],[149.663,-26.7515],[149.684,-26.7735],[149.596,-26.8075],[149.588,-26.829],[149.63,-26.9445],[149.645,-26.9645],[149.668,-27.0155],[149.6155,-27.033],[149.632,-27.0685],[149.6595,-27.0675],[149.679,-27.0745],[149.5565,-27.1915],[149.5935,-27.222],[149.5525,-27.259],[149.502,-27.294],[149.458,-27.368],[149.467,-27.3935],[149.4965,-27.432],[149.499,-27.4585],[149.4655,-27.6735],[149.508,-27.679],[149.4955,-27.754]]]},"properties":{"code":"37310","name":"Western Downs"}},
{"type":"Feature","geometry":{"type":"MultiPolygon","coordinates":[[[[147.3475,-20.397],[147.339,-20.427],[147.298,-20.4475],[147.2905,-20.4725],[147.301,-20.4975],[147.285,-20.5245],[147.2795,-20.5525],[147.2415,-20.5845],[147.2145,-20.5765],[147.2095,-20.587],[147.1785,-20.6065],[147.163,-20.643],[147.1485,-20.652],[147.124,-20.6375],[147.1055,-20.637],[147.0865,-20.652],[147.0735,-20.649],[147.058,-20.626],[147.0425,-20.631],[147.012,-20.606],[146.976,-20.6195],[146.973,-20.6345],[146.986,-20.6585],[146.965,-20.676],[146.9655,-20.7145],[146.96,-20.742],[146.9205,-20.7575],[146.91,-20.7865],[146.852,-20.813],[146.863,-20.8475],[146.8565,-20.871],[146.866,-20.886],[146.8535,-20.919],[146.8835,-20.9975],[146.8605,-21.031],[146.861,-21.064],[146.849,-21.101],[146.8615,-21.119],[146.8625,-21.138],[146.882,-21.1735],[146.867,-21.194],[146.8855,-21.2175],[146.9495,-21.2395],[146.9605,-21.252],[146.9635,-21.295],[146.918,-21.3255],[146.9045,-21.3505],[146.883,-21.362],[146.8735,-21.3935],[146.882,-21.411],[146.9095,-21.441],[146.904,-21.469],[146.931,-21.5135],[146.9595,-21.513],[147.0005,-21.523],[147.032,-21.5225],[147.1265,-21.549],[147.16,-21.5715],[147.1695,-21.5865],[147.1785,-21.627],[147.189,-21.6465],[147.2155,-21.6715],[147.2475,-21.6565],[147.2845,-21.656],[147.313,-21.65],[147.3465,-21.6575],[147.389,-21.6835],[147.44,-21.69],[147.487,-21.675],[147.509,-21.654],[147.537,-21.6545],[147.541,-21.644],[147.585,-21.642],[147.608,-21.618],[147.61,-21.6],[147.6335,-21.596],[147.646,-21.5645],[147.65,-21.529],[147.6455,-21.511],[147.658,-21.4895],[147.7,-21.474],[147.7255,-21.4345],[147.7405,-21.4215],[147.736,-21.4005],[147.774,-21.357],[147.7965,-21.3455],[147.805,-21.3215],[147.825,-21.312],[147.8245,-21.296],[147.809,-21.287],[147.81,-21.2545],[147.7785,-21.2],[147.8095,-21.1945],[147.8075,-21.2165],[147.8435,-21.2315],[147.8425,-21.263],[147.943,-21.2895],[147.9855,-21.2895],[148.027,-21.27],[148.0565,-21.244],[148.0725,-21.2425],[148.0895,-21.224],[148.094,-21.2025],[148.065,-21.171],[148.0465,-21.1305],[148.026,-21.101],[148.016,-21.0655],[148.029,-21.037],[148.015,-21.0135],[148.0095,-20.9885],[148.0285,-20.9855],[148.048,-21.0155],[148.0675,-21.0265],[148.092,-21.0195],[148.1035,-21],[148.1355,-20.998],[148.227,-20.931],[148.2185,-20.9145],[148.1795,-20.8825],[148.149,-20.8415],[148.16,-20.829],[148.1685,-20.7865],[148.1655,-20.771],[148.303,-20.787],[148.3015,-20.8005],[148.361,-20.8075],[148.457,-20.737],[148.448,-20.736],[148.4485,-20.701],[148.481,-20.698],[148.491,-20.6215],[148.527,-20.654],[148.5705,-20.624],[148.5555,-20.601],[148.5645,-20.5825],[148.586,-20.6005],[148.6,-20.5935],[148.607,-20.5675],[148.643,-20.5505],[148.6695,-20.571],[148.705,-20.5205],[148.7135,-20.4835],[148.763,-20.4775],[148.7825,-20.4635],[148.775,-20.431],[148.791,-20.415],[148.814,-20.421],[148.8285,-20.441],[148.818,-20.4615],[148.8265,-20.473],[148.8245,-20.501],[148.8455,-20.5035],[148.8565,-20.5275],[148.885,-20.523],[148.8925,-20.5405],[148.92,-20.532],[148.924,-20.519],[148.884,-20.488],[148.882,-20.4725],[148.859,-20.45],[148.838,-20.418],[148.841,-20.396],[148.83,-20.3695],[148.8405,-20.3515],[148.815,-20.321],[148.7945,-20.315],[148.776,-20.2695],[148.7735,-20.2425],[148.7325,-20.2705],[148.7105,-20.263],[148.6775,-20.2835],[148.681,-20.231],[148.6455,-20.2115],[148.6145,-20.2205],[148.584,-20.1965],[148.593,-20.1755],[148.577,-20.1565],[148.578,-20.141],[148.5575,-20.1175],[148.5485,-20.0725],[148.53,-20.094],[148.501,-20.0905],[148.4745,-20.0645],[148.452,-20.0595],[148.4405,-20.074],[148.444,-20.1115],[148.468,-20.126],[148.429,-20.1665],[148.3895,-20.1635],[148.342,-20.153],[148.321,-20.136],[148.3035,-20.1105],[148.2775,-20.0995],[148.284,-20.0785],[148.238,-20.055],[148.229,-20.0385],[148.2475,-20.019],[148.269,-20.014],[148.2665,-19.9845],[148.239,-19.9845],[148.223,-19.9595],[148.1885,-19.9455],[148.1645,-19.958],[148.113,-19.9415],[148.097,-19.925],[148.083,-19.887],[148.027,-19.8935],[148.0175,-19.913],[148.001,-19.9245],[147.9385,-19.9185],[147.9135,-19.9035],[147.8975,-19.883],[147.8715,-19.8625],[147.8625,-19.845],[147.8505,-19.7855],[147.8525,-19.744],[147.846,-19.7275],[147.8235,-19.7095],[147.754,-19.7075],[147.761,-19.726],[147.746,-19.758],[147.764,-19.7855],[147.7725,-19.827],[147.7645,-19.837],[147.7085,-19.841],[147.6715,-19.8285],[147.6635,-19.811],[147.602,-19.7995],[147.5765,-19.8025],[147.536,-19.816],[147.5375,-19.833],[147.5085,-19.851],[147.51,-19.8735],[147.4915,-19.8715],[147.467,-20.096],[147.3915,-20.088],[147.3875,-20.0685],[147.3605,-20.059],[147.321,-20.053],[147.3025,-20.033],[147.3005,-20.0145],[147.2735,-20.0285],[147.294,-20.0645],[147.275,-20.126],[147.2945,-20.161],[147.3085,-20.2155],[147.3115,-20.262],[147.3,-20.3055],[147.3005,-20.3215],[147.321,-20.3715],[147.3475,-20.397]]],[[[148.953,-20.2505],[148.927,-20.2815],[148.9335,-20.305],[148.9545,-20.292],[148.9725,-20.327],[149.006,-20.3065],[149.0535,-20.298],[149.025,-20.2595],[148.9935,-20.247],[148.9775,-20.2055],[148.977,-20.1605],[148.956,-20.158],[148.96,-20.188],[148.9525,-20.218],[148.9385,-20.241],[148.953,-20.2505]]],[[[148.9485,-20.0835],[148.9235,-20.079],[148.904,-20.11],[148.8895,-20.1115],[148.8835,-20.1505],[148.9265,-20.1695],[148.946,-20.158],[148.944,-20.1265],[148.9525,-20.106],[148.9485,-20.0835]]],[[[148.8505,-20.344],[148.8515,-20.381],[148.872,-20.3755],[148.8505,-20.344]]],[[[148.4785,-20.002],[148.4575,-19.9745],[148.44,-19.9835],[148.4445,-20.007],[148.438,-20.021],[148.4445,-20.0435],[148.476,-20.0465],[148.4785,-20.002]]]]},"properties":{"code":"37340","name":"Whitsunday"}},
{"type":"Feature","geometry":{"type":"Polygon","coordinates":[[[141.3095,-21.9395],[141.2845,-21.989],[141.2945,-22.062],[141.1985,-22.055],[141.183,-22.2495],[141.2535,-22.3215],[141.246,-22.3355],[141.0795,-22.4655],[141.199,-22.5975],[141.1455,-22.6335],[141.134,-22.6215],[141.091,-22.618],[141.103,-22.69],[141.1175,-22.7025],[141.123,-22.749],[141.1145,-22.7745],[141.1225,-22.8045],[140.999,-22.8985],[140.989,-22.913],[141.0225,-22.9235],[141.0465,-22.9475],[140.9245,-23.0445],[140.947,-23.068],[140.822,-23.1615],[140.8295,-23.17],[141.0315,-23.384],[141.047,-23.375],[141.155,-23.291],[141.2415,-23.3855],[141.2615,-23.4045],[141.377,-23.5275],[141.388,-23.5335],[141.456,-23.605],[141.531,-23.6895],[141.6795,-23.7055],[141.6805,-23.691],[141.829,-23.692],[141.988,-23.7065],[141.989,-23.6925],[142.145,-23.701],[142.1595,-23.5705],[142.3975,-23.586],[142.3955,-23.614],[142.457,-23.617],[142.455,-23.666],[142.631,-23.677],[142.788,-23.695],[142.878,-23.702],[142.8865,-23.6485],[142.8085,-23.637],[142.8285,-23.5095],[142.8355,-23.4925],[142.8515,-23.3475],[142.9005,-23.3445],[142.91,-23.319],[142.9225,-23.3095],[142.9465,-23.3345],[143.0695,-23.239],[142.9795,-23.137],[142.99,-23.07],[143.0035,-23.0205],[143.0065,-22.9895],[143.108,-22.9975],[143.2435,-22.89],[143.2535,-22.7995],[143.265,-22.794],[143.299,-22.755],[143.3005,-22.723],[143.3975,-22.7285],[143.4,-22.6705],[143.4795,-22.672],[143.6315,-22.5575],[143.614,-22.5385],[143.583,-22.505],[143.596,-22.4845],[143.6935,-22.4115],[143.698,-22.417],[143.833,-22.315],[143.844,-22.203],[144.0195,-22.2185],[144.02,-22.2135],[144.1665,-22.2235],[144.1595,-22.297],[144.3035,-22.3065],[144.3195,-22.346],[144.3575,-22.3485],[144.418,-22.2865],[144.4915,-22.185],[144.5005,-22.1855],[144.502,-22.165],[144.398,-22.157],[144.403,-22.1135],[144.4135,-22.098],[144.417,-22.0615],[144.2685,-22.048],[144.2635,-21.9975],[144.1805,-21.9895],[144.186,-21.9135],[144.1115,-21.9065],[144.0925,-21.899],[144.039,-21.8945],[144.0445,-21.8305],[143.9295,-21.82],[143.782,-21.811],[143.782,-21.814],[143.631,-21.7975],[143.6495,-21.641],[143.45,-21.623],[143.358,-21.616],[143.33,-21.6115],[143.332,-21.577],[143.3595,-21.322],[143.2365,-21.311],[143.188,-21.3085],[143,-21.4545],[142.9535,-21.494],[142.9425,-21.4815],[142.862,-21.545],[142.8155,-21.493],[142.694,-21.588],[142.7185,-21.615],[142.6515,-21.6675],[142.6565,-21.6105],[142.4955,-21.598],[142.491,-21.644],[142.3325,-21.6365],[142.335,-21.607],[142.228,-21.5965],[142.232,-21.551],[142.1615,-21.543],[142.072,-21.541],[142.066,-21.695],[142.0485,-21.816],[141.9395,-21.8065],[141.7405,-21.7915],[141.7385,-21.807],[141.58,-21.793],[141.583,-21.756],[141.508,-21.7505],[141.4835,-21.947],[141.3095,-21.9395]]]},"properties":{"code":"37400","name":"Winton"}},
{"type":"Feature","geometry":{"type":"MultiPolygon","coordinates":[[[[149.495,-23.988],[149.3995,-24.124],[149.404,-24.1445],[149.3765,-24.1655],[149.3515,-24.2],[149.371,-24.2305],[149.397,-24.2325],[149.4685,-24.2135],[149.4765,-24.1915],[149.5025,-24.1615],[149.5065,-24.0575],[149.504,-24.0195],[149.5105,-24],[149.495,-23.988]]],[[[149.32,-24.619],[149.3245,-24.634],[149.382,-24.6405],[149.4095,-24.6075],[149.3715,-24.5915],[149.3595,-24.6115],[149.322,-24.6045],[149.32,-24.619]]],[[[149.76,-23.676],[149.7745,-23.656],[149.7635,-23.637],[149.723,-23.641],[149.718,-23.6695],[149.76,-23.676]]],[[[149.497,-23.56],[149.527,-23.5635],[149.532,-23.5275],[149.5025,-23.523],[149.497,-23.56]]],[[[149.7565,-23.4795],[149.735,-23.435],[149.727,-23.427],[149.6115,-23.4685],[149.623,-23.512],[149.645,-23.503],[149.664,-23.519],[149.6665,-23.535],[149.6905,-23.5295],[149.703,-23.5365],[149.7255,-23.529],[149.731,-23.509],[149.7225,-23.497],[149.7565,-23.4795]]]]},"properties":{"code":"37550","name":"Woorabinda"}},
{"type":"Feature","geometry":{"type":"Polygon","coordinates":[[[145.3255,-15.943],[145.319,-15.936],[145.2875,-15.9815],[145.313,-15.9835],[145.3425,-15.96],[145.3255,-15.943]]]},"properties":{"code":"37570","name":"Wujal Wujal"}},
{"type":"Feature","geometry":{"type":"Polygon","coordinates":[[[145.8535,-16.8795],[145.837,-16.898],[145.8545,-16.919],[145.849,-16.9305],[145.8655,-16.951],[145.853,-17.0035],[145.856,-17.033],[145.8825,-17.0935],[145.9115,-17.133],[145.9245,-17.1655],[145.9645,-17.1705],[145.952,-17.155],[145.948,-17.1295],[145.929,-17.1175],[145.916,-17.087],[145.892,-17.0645],[145.891,-17.03],[145.8965,-16.9965],[145.908,-16.9715],[145.9355,-16.9415],[145.9295,-16.9285],[145.955,-16.8915],[145.928,-16.866],[145.885,-16.907],[145.8625,-16.904],[145.8535,-16.8795]]]},"properties":{"code":"37600","name":"Yarrabah"}},
{"type":"Feature","geometry":{"type":"Polygon","coordinates":[[[138.577,-34.909],[138.583,-34.9425],[138.6155,-34.9405],[138.6235,-34.928],[138.613,-34.9095],[138.5975,-34.8985],[138.588,-34.899],[138.577,-34.909]]]},"properties":{"code":"40070","name":"Adelaide"}},
{"type":"Feature","geometry":{"type":"Polygon","coordinates":[[[138.7225,-34.859],[138.6905,-34.894],[138.685,-34.913],[138.698,-34.921],[138.6725,-34.951],[138.6755,-34.9745],[138.6815,-35.0075],[138.676,-35.03],[138.685,-35.042],[138.685,-35.118],[138.6945,-35.1205],[138.7085,-35.1205],[138.721,-35.0875],[138.775,-35.0395],[138.796,-35.0075],[138.8205,-35.0195],[138.8395,-35.016],[138.85,-35.0315],[138.9015,-34.993],[138.952,-34.98],[138.963,-34.9515],[138.9605,-34.934],[138.975,-34.895],[139.009,-34.8635],[139.0015,-34.8345],[139.042,-34.8155],[139.0045,-34.799],[138.988,-34.7815],[138.928,-34.7555],[138.9265,-34.7345],[138.9095,-34.7085],[138.888,-34.7005],[138.86,-34.703],[138.8475,-34.6805],[138.825,-34.7275],[138.812,-34.7385],[138.8105,-34.7755],[138.78,-34.767],[138.7585,-34.7855],[138.754,-34.823],[138.741,-34.86],[138.7225,-34.859]]]},"properties":{"code":"40120","name":"Adelaide Hills"}},
{"type":"Feature","geometry":{"type":"Polygon","coordinates":[[[138.4355,-34.673],[138.4645,-34.6735],[138.492,-34.6475],[138.52,-34.637],[138.5905,-34.639],[138.63,-34.629],[138.63,-34.475],[138.5675,-34.449],[138.562,-34.412],[138.601,-34.39],[138.6305,-34.389],[138.6115,-34.345],[138.4035,-34.345],[138.304,-34.3465],[138.231,-34.3445],[138.225,-34.366],[138.24,-34.3855],[138.258,-34.433],[138.2635,-34.4735],[138.304,-34.5055],[138.332,-34.52],[138.3645,-34.578],[138.4065,-34.599],[138.4445,-34.6505],[138.4355,-34.673]]]},"properties":{"code":"40150","name":"Adelaide Plains"}},
{"type":"Feature","geometry":{"type":"Polygon","coordinates":[[[138.5165,-35.3225],[138.5265,-35.354],[138.5445,-35.361],[138.582,-35.353],[138.5905,-35.3695],[138.584,-35.3895],[138.63,-35.398],[138.634,-35.433],[138.6495,-35.462],[138.655,-35.491],[138.6525,-35.5385],[138.691,-35.533],[138.7115,-35.5135],[138.768,-35.522],[138.878,-35.559],[138.8995,-35.555],[138.9315,-35.5625],[138.9665,-35.5415],[138.966,-35.529],[139.0015,-35.513],[139.034,-35.513],[139.0465,-35.501],[139.1445,-35.4715],[139.1585,-35.2535],[139.1075,-35.2325],[139.086,-35.2165],[139.0665,-35.215],[139.0665,-35.166],[139.0275,-35.139],[138.981,-35.126],[138.9555,-35.113],[138.942,-35.136],[138.9175,-35.1375],[138.8925,-35.154],[138.8775,-35.184],[138.8565,-35.1965],[138.815,-35.198],[138.783,-35.214],[138.7745,-35.2435],[138.7405,-35.2385],[138.6965,-35.2105],[138.6415,-35.2105],[138.635,-35.231],[138.582,-35.291],[138.542,-35.315],[138.5165,-35.3225]]]},"properties":{"code":"40220","name":"Alexandrina"}},
{"type":"Feature","geometry":{"type":"MultiPolygon","coordinates":[[[[133.112,-25.9985],[129.002,-25.9985],[129.002,-26.745],[129.002,-28.116],[131.001,-28.117],[132.002,-28.12],[132.994,-28.1175],[133.3585,-28.115],[133.36,-27.842],[133.6755,-27.8415],[133.676,-27.5605],[133.4455,-27.561],[133.4465,-27.2735],[133.493,-27.274],[133.4925,-27.147],[133.442,-27.073],[133.3715,-26.999],[133.366,-26.911],[133.357,-26.877],[133.3425,-26.846],[133.332,-26.807],[133.3655,-26.7165],[133.0995,-26.7175],[133.047,-26.6315],[133.056,-26.537],[133.0545,-26.4815],[133.0895,-26.359],[133.109,-26.3515],[133.112,-25.9985]]],[[[133.4925,-27.1435],[133.4925,-27.138],[133.643,-27.1375],[133.6355,-27.068],[133.641,-27.0475],[133.6745,-27.025],[133.745,-26.718],[133.589,-26.7185],[133.5015,-26.717],[133.3675,-26.7165],[133.334,-26.8075],[133.344,-26.8455],[133.359,-26.8765],[133.368,-26.911],[133.373,-26.998],[133.444,-27.072],[133.4925,-27.1435]]]]},"properties":{"code":"40250","name":"Anangu Pitjantjatjara Yankunytjatjara"}},
{"type":"Feature","geometry":{"type":"Polygon","coordinates":[[[138.7555,-34.588],[138.7845,-34.6075],[138.7655,-34.618],[138.798,-34.64],[138.7905,-34.661],[138.8475,-34.6805],[138.86,-34.703],[138.888,-34.7005],[138.9095,-34.7085],[138.9265,-34.7345],[138.928,-34.7555],[138.988,-34.7815],[139.0045,-34.799],[139.042,-34.8155],[139.0805,-34.777],[139.087,-34.759],[139.1385,-34.763],[139.1505,-34.7685],[139.158,-34.706],[139.1695,-34.691],[139.158,-34.6475],[139.1625,-34.621],[139.103,-34.6205],[139.096,-34.5805],[139.1105,-34.5555],[139.1145,-34.533],[139.135,-34.5085],[139.159,-34.501],[139.1615,-34.477],[139.112,-34.4295],[139.1015,-34.4115],[139.0575,-34.4245],[139.002,-34.4585],[138.978,-34.4665],[138.977,-34.493],[138.95,-34.525],[138.947,-34.543],[138.929,-34.564],[138.925,-34.583],[138.897,-34.568],[138.8735,-34.574],[138.8665,-34.5535],[138.84,-34.553],[138.8255,-34.5645],[138.804,-34.5515],[138.773,-34.561],[138.7555,-34.588]]]},"properties":{"code":"40310","name":"Barossa"}},
{"type":"Feature","geometry":{"type":"Polygon","coordinates":[[[137.7015,-33.788],[137.715,-33.7965],[137.7235,-33.8795],[137.8725,-33.8795],[137.8725,-33.991],[137.916,-33.991],[137.9185,-34.093],[138.01,-34.093],[138.026,-34.114],[138.053,-34.095],[138.081,-34.085],[138.1185,-34.095],[138.145,-34.093],[138.1445,-33.991],[138.0845,-33.991],[138.085,-33.626],[138.0855,-33.518],[138.0685,-33.5145],[138.0685,-33.4705],[137.922,-33.468],[137.933,-33.4995],[137.944,-33.507],[137.938,-33.5445],[137.9765,-33.5495],[137.965,-33.5745],[137.9365,-33.5735],[137.919,-33.587],[137.879,-33.597],[137.8615,-33.627],[137.8345,-33.6425],[137.7975,-33.6855],[137.7735,-33.6975],[137.7365,-33.738],[137.728,-33.7655],[137.7015,-33.788]]]},"properties":{"code":"40430","name":"Barunga West"}},
{"type":"Feature","geometry":{"type":"Polygon","coordinates":[[[140.3865,-34.3335],[140.4285,-34.3355],[140.449,-34.3245],[140.463,-34.2945],[140.505,-34.3035],[140.506,-34.3185],[140.5375,-34.351],[140.508,-34.3575],[140.5195,-34.381],[140.516,-34.3975],[140.4895,-34.3955],[140.4975,-34.438],[140.525,-34.4565],[140.5655,-34.4475],[140.5905,-34.4165],[140.566,-34.409],[140.564,-34.396],[140.594,-34.3905],[140.592,-34.3765],[140.568,-34.36],[140.5715,-34.33],[140.5995,-34.323],[140.5865,-34.3115],[140.601,-34.289],[140.63,-34.2925],[140.6255,-34.2535],[140.662,-34.247],[140.648,-34.233],[140.6455,-34.205],[140.534,-34.2045],[140.538,-34.2255],[140.5225,-34.2325],[140.492,-34.1935],[140.473,-34.1865],[140.473,-34.1325],[140.406,-34.1335],[140.374,-34.1195],[140.355,-34.1365],[140.3285,-34.1365],[140.3225,-34.1615],[140.3425,-34.186],[140.364,-34.1945],[140.366,-34.229],[140.392,-34.2365],[140.398,-34.26],[140.372,-34.2665],[140.3675,-34.283],[140.384,-34.3065],[140.3865,-34.3335]]]},"properties":{"code":"40520","name":"Berri Barmera"}},
{"type":"Feature","geometry":{"type":"Polygon","coordinates":[[[138.6235,-34.928],[138.6155,-34.9405],[138.644,-34.9635],[138.6755,-34.9745],[138.6725,-34.951],[138.698,-34.921],[138.685,-34.913],[138.6585,-34.914],[138.6235,-34.928]]]},"properties":{"code":"40700","name":"Burnside"}},
{"type":"Feature","geometry":{"type":"Polygon","coordinates":[[[138.648,-34.883],[138.6585,-34.914],[138.685,-34.913],[138.6905,-34.894],[138.7225,-34.859],[138.6685,-34.868],[138.648,-34.883]]]},"properties":{"code":"40910","name":"Campbelltown (SA)"}},
{"type":"Feature","geometry":{"type":"Polygon","coordinates":[[[134.12,-32.454],[134.12,-32.3775],[134.513,-32.3775],[134.513,-32.232],[134.513,-32.087],[134.2905,-32.087],[134.2905,-31.8675],[134.12,-31.868],[134.12,-31.976],[134.09,-31.963],[134.0765,-31.9785],[133.8885,-31.8805],[133.8515,-31.88],[133.851,-31.8495],[133.727,-31.8555],[133.675,-31.8555],[133.675,-31.8445],[133.6105,-31.8445],[133.6105,-31.8115],[133.458,-31.812],[133.2855,-31.783],[133.2395,-31.77],[133.2125,-31.752],[133.213,-31.994],[133.2135,-32.1855],[133.258,-32.2065],[133.278,-32.1835],[133.3355,-32.18],[133.4085,-32.1985],[133.426,-32.195],[133.426,-32.1725],[133.4005,-32.169],[133.3985,-32.138],[133.449,-32.1195],[133.4605,-32.103],[133.4855,-32.111],[133.494,-32.146],[133.5215,-32.1515],[133.5355,-32.1665],[133.584,-32.1415],[133.573,-32.1215],[133.582,-32.0955],[133.6005,-32.0845],[133.6715,-32.1075],[133.6705,-32.135],[133.6935,-32.156],[133.683,-32.193],[133.753,-32.204],[133.7555,-32.2325],[133.7695,-32.264],[133.797,-32.2525],[133.8145,-32.2315],[133.8675,-32.279],[133.8805,-32.305],[133.902,-32.318],[133.935,-32.382],[133.9525,-32.3915],[133.947,-32.4115],[133.9185,-32.428],[133.894,-32.429],[133.899,-32.4105],[133.8685,-32.398],[133.8675,-32.4205],[133.8505,-32.462],[133.8625,-32.483],[133.8475,-32.508],[133.867,-32.537],[133.894,-32.528],[133.92,-32.4955],[133.947,-32.4935],[133.992,-32.505],[133.9915,-32.489],[134.035,-32.4605],[134.0785,-32.4695],[134.086,-32.457],[134.12,-32.454]]]},"properties":{"code":"41010","name":"Ceduna"}},
{"type":"Feature","geometry":{"type":"Polygon","coordinates":[[[138.476,-34.85],[138.503,-34.9515],[138.5075,-34.927],[138.525,-34.9175],[138.577,-34.909],[138.588,-34.899],[138.5835,-34.889],[138.548,-34.8725],[138.5465,-34.8505],[138.476,-34.85]]]},"properties":{"code":"41060","name":"Charles Sturt"}},
{"type":"Feature","geometry":{"type":"Polygon","coordinates":[[[138.7045,-34.3585],[138.7285,-34.369],[138.7615,-34.365],[138.7845,-34.3415],[138.7795,-34.2985],[138.837,-34.3005],[138.8385,-34.266],[138.828,-34.241],[138.839,-34.2315],[138.8385,-34.1935],[138.903,-34.1875],[138.909,-34.198],[138.9715,-34.1935],[138.9615,-34.1755],[138.967,-34.1605],[138.961,-34.1255],[138.959,-34.0735],[138.965,-34.0045],[138.9585,-33.9665],[138.917,-33.9635],[138.9085,-33.899],[138.9165,-33.881],[138.898,-33.8545],[138.7215,-33.837],[138.7335,-33.7875],[138.7305,-33.757],[138.6975,-33.6585],[138.5445,-33.659],[138.5475,-33.7245],[138.543,-33.7855],[138.531,-33.797],[138.57,-33.9505],[138.5945,-33.9465],[138.576,-34.049],[138.5635,-34.0705],[138.5545,-34.14],[138.588,-34.145],[138.6085,-34.1405],[138.6295,-34.1695],[138.638,-34.216],[138.668,-34.2175],[138.6975,-34.3055],[138.6865,-34.337],[138.7045,-34.3585]]]},"properties":{"code":"41140","name":"Clare and Gilbert Valleys"}},
{"type":"Feature","geometry":{"type":"Polygon","coordinates":[[[135.9075,-33.85],[135.9305,-33.85],[135.9305,-33.9865],[136.2405,-33.987],[136.4955,-33.986],[136.4955,-33.993],[136.558,-33.9485],[136.577,-33.9415],[136.572,-33.924],[136.5935,-33.899],[136.671,-33.8775],[136.6705,-33.616],[136.671,-33.3275],[136.498,-33.3285],[136.145,-33.3305],[135.908,-33.331],[135.907,-33.4875],[135.9075,-33.85]]]},"properties":{"code":"41190","name":"Cleve"}},
{"type":"Feature","geometry":{"type":"Polygon","coordinates":[[[134.7875,-28.9935],[134.736,-28.971],[134.694,-28.9815],[134.708,-29.028],[134.7075,-29.051],[134.809,-29.0515],[134.8095,-29.003],[134.7875,-28.9935]]]},"properties":{"code":"41330","name":"Coober Pedy"}},
{"type":"Feature","geometry":{"type":"Polygon","coordinates":[[[137.5385,-34.097],[137.724,-34.0975],[137.8725,-34.093],[137.9185,-34.093],[137.916,-33.991],[137.8725,-33.991],[137.8725,-33.8795],[137.7235,-33.8795],[137.715,-33.7965],[137.7015,-33.788],[137.642,-33.832],[137.601,-33.8775],[137.6295,-33.9025],[137.6305,-33.922],[137.6015,-33.9355],[137.5635,-33.9715],[137.5585,-33.989],[137.531,-34.001],[137.5595,-34.022],[137.5675,-34.0435],[137.5385,-34.097]]]},"properties":{"code":"41560","name":"Copper Coast"}},
{"type":"Feature","geometry":{"type":"MultiPolygon","coordinates":[[[[135.217,-33.94],[135.4455,-33.94],[135.7775,-33.9385],[135.7775,-33.85],[135.9075,-33.85],[135.907,-33.4875],[135.908,-33.331],[135.885,-33.331],[135.6295,-33.332],[135.1375,-33.3335],[135.137,-33.141],[134.821,-33.1405],[134.821,-33.1385],[134.601,-33.141],[134.632,-33.1615],[134.6665,-33.161],[134.6995,-33.1725],[134.718,-33.197],[134.703,-33.226],[134.6635,-33.233],[134.695,-33.2625],[134.7395,-33.276],[134.76,-33.3075],[134.8015,-33.3285],[134.8265,-33.382],[134.8435,-33.4305],[134.8605,-33.5055],[134.8625,-33.55],[134.8405,-33.593],[134.845,-33.6325],[134.9195,-33.677],[134.937,-33.6915],[134.9915,-33.721],[135.0405,-33.755],[135.082,-33.804],[135.129,-33.836],[135.163,-33.878],[135.182,-33.878],[135.194,-33.92],[135.217,-33.94]]],[[[134.451,-33.7625],[134.5,-33.739],[134.518,-33.718],[134.538,-33.7125],[134.528,-33.678],[134.469,-33.694],[134.4655,-33.737],[134.451,-33.7625]]]]},"properties":{"code":"41750","name":"Elliston"}},
{"type":"Feature","geometry":{"type":"Polygon","coordinates":[[[137.923,-32.4155],[137.923,-32.4945],[138.006,-32.497],[138.009,-32.5065],[138.1075,-32.504],[138.1565,-32.527],[138.157,-32.415],[138.343,-32.415],[138.343,-32.324],[138.44,-32.323],[138.4395,-32.121],[138.7545,-32.1205],[138.7545,-31.975],[138.656,-31.9675],[138.652,-31.9305],[138.6335,-31.888],[138.6415,-31.8515],[138.6815,-31.8125],[138.7155,-31.804],[138.7185,-31.774],[138.711,-31.7605],[138.6545,-31.775],[138.6325,-31.774],[138.617,-31.747],[138.597,-31.74],[138.333,-31.74],[138.0845,-31.7395],[138.0845,-31.976],[137.978,-32.1515],[137.9635,-32.237],[137.961,-32.297],[137.9735,-32.329],[137.9665,-32.4155],[137.923,-32.4155]]]},"properties":{"code":"41830","name":"Flinders Ranges"}},
{"type":"Feature","geometry":{"type":"Polygon","coordinates":[[[136.671,-33.8775],[136.728,-33.8365],[136.7675,-33.83],[136.7995,-33.8035],[136.857,-33.7985],[136.9505,-33.756],[136.9905,-33.726],[137.0255,-33.7195],[137.0345,-33.71],[137.0755,-33.698],[137.1245,-33.7005],[137.168,-33.6905],[137.182,-33.673],[137.2095,-33.6635],[137.2525,-33.6085],[137.264,-33.5775],[137.278,-33.5665],[137.296,-33.5055],[137.3255,-33.4595],[137.3605,-33.439],[137.3605,-33.415],[137.384,-33.3775],[137.3785,-33.326],[137.279,-33.326],[136.8105,-33.327],[136.671,-33.3275],[136.6705,-33.616],[136.671,-33.8775]]]},"properties":{"code":"41960","name":"Franklin Harbour"}},
{"type":"Feature","geometry":{"type":"Polygon","coordinates":[[[138.6825,-34.616],[138.68,-34.635],[138.7265,-34.666],[138.7655,-34.618],[138.7845,-34.6075],[138.7555,-34.588],[138.7325,-34.584],[138.7225,-34.6125],[138.6825,-34.616]]]},"properties":{"code":"42030","name":"Gawler"}},
{"type":"Feature","geometry":{"type":"Polygon","coordinates":[[[138.756,-33.1015],[138.764,-33.165],[138.753,-33.2135],[138.7585,-33.262],[138.791,-33.2815],[138.7835,-33.309],[138.77,-33.326],[138.7335,-33.3265],[138.7255,-33.352],[138.7325,-33.384],[138.726,-33.4355],[138.7135,-33.483],[138.716,-33.498],[138.6885,-33.5405],[138.675,-33.5895],[138.6815,-33.6175],[138.693,-33.623],[138.6975,-33.6585],[138.7305,-33.757],[138.7335,-33.7875],[138.7215,-33.837],[138.898,-33.8545],[138.9165,-33.881],[138.9085,-33.899],[138.917,-33.9635],[138.9585,-33.9665],[138.965,-34.0045],[138.959,-34.0735],[138.961,-34.1255],[138.967,-34.1605],[138.9615,-34.1755],[138.9715,-34.1935],[138.978,-34.253],[139.0485,-34.245],[139.0485,-34.2675],[139.034,-34.3065],[139.1275,-34.315],[139.105,-34.33],[139.156,-34.335],[139.163,-34.327],[139.2645,-34.296],[139.264,-34.3195],[139.351,-34.3195],[139.351,-34.209],[139.358,-34.1755],[139.3565,-34.126],[139.356,-33.803],[139.355,-33.543],[139.3545,-33.3255],[139.3545,-33.0975],[139.1815,-33.098],[138.756,-33.1015]]]},"properties":{"code":"42110","name":"Goyder"}},
{"type":"Feature","geometry":{"type":"Polygon","coordinates":[[[140.297,-37.7555],[140.3595,-37.859],[140.376,-37.898],[140.4205,-37.9305],[140.4525,-37.935],[140.494,-37.9635],[140.5085,-37.984],[140.552,-38.006],[140.5715,-38.022],[140.607,-38.0275],[140.642,-38.041],[140.6605,-38.057],[140.716,-38.052],[140.7675,-38.057],[140.79,-38.0455],[140.8365,-38.041],[140.8735,-38.051],[140.902,-38.048],[140.966,-38.056],[140.9715,-37.767],[140.973,-37.6115],[140.6765,-37.6105],[140.6675,-37.642],[140.6755,-37.6545],[140.68,-37.7355],[140.617,-37.7355],[140.6095,-37.7545],[140.4765,-37.755],[140.47,-37.7855],[140.473,-37.819],[140.459,-37.8285],[140.394,-37.84],[140.3875,-37.794],[140.366,-37.7555],[140.297,-37.7555]],[[140.748,-37.836],[140.7375,-37.816],[140.763,-37.7945],[140.824,-37.814],[140.7935,-37.855],[140.7555,-37.845],[140.748,-37.836]]]},"properties":{"code":"42250","name":"Grant"}},
{"type":"Feature","geometry":{"type":"Polygon","coordinates":[[[138.512,-35.041],[138.5335,-35.037],[138.529,-34.9795],[138.538,-34.976],[138.5085,-34.9645],[138.5175,-35.033],[138.512,-35.041]]]},"properties":{"code":"42600","name":"Holdfast Bay"}},
{"type":"Feature","geometry":{"type":"Polygon","coordinates":[[[137.921,-35.7195],[137.8935,-35.728],[137.8925,-35.7585],[137.852,-35.795],[137.8225,-35.8],[137.778,-35.7865],[137.765,-35.8105],[137.7985,-35.81],[137.795,-35.8335],[137.7685,-35.8285],[137.7495,-35.8345],[137.744,-35.8055],[137.8035,-35.758],[137.7805,-35.724],[137.7325,-35.7355],[137.668,-35.7395],[137.627,-35.7315],[137.6025,-35.736],[137.578,-35.726],[137.5785,-35.714],[137.6035,-35.6925],[137.6055,-35.679],[137.643,-35.655],[137.641,-35.6405],[137.6165,-35.636],[137.5805,-35.6415],[137.5695,-35.6185],[137.608,-35.5905],[137.63,-35.5925],[137.634,-35.5655],[137.563,-35.5725],[137.547,-35.5865],[137.5115,-35.5955],[137.495,-35.581],[137.4505,-35.596],[137.4075,-35.5875],[137.384,-35.5905],[137.3125,-35.5795],[137.267,-35.6035],[137.234,-35.607],[137.2045,-35.6245],[137.185,-35.621],[137.163,-35.6325],[137.142,-35.6295],[137.1215,-35.652],[137.0685,-35.6685],[137.0105,-35.674],[136.949,-35.6745],[136.892,-35.689],[136.8755,-35.6875],[136.8005,-35.7],[136.759,-35.7225],[136.7175,-35.7225],[136.697,-35.7395],[136.629,-35.749],[136.5875,-35.749],[136.574,-35.7655],[136.579,-35.795],[136.5605,-35.8285],[136.564,-35.849],[136.54,-35.86],[136.5335,-35.8755],[136.543,-35.896],[136.5805,-35.9315],[136.5805,-35.949],[136.604,-35.961],[136.625,-35.9545],[136.6525,-35.965],[136.689,-36.005],[136.708,-36.0375],[136.7575,-36.0495],[136.7825,-36.0315],[136.8145,-36.036],[136.8315,-36.02],[136.854,-36.0165],[136.915,-36.0435],[136.943,-36.0265],[136.997,-36.018],[137.049,-36.027],[137.1025,-36.018],[137.1315,-36.0335],[137.146,-36.0205],[137.1765,-36.01],[137.184,-35.9815],[137.222,-35.9755],[137.325,-35.998],[137.347,-35.9935],[137.3735,-36],[137.384,-36.015],[137.4635,-36.0725],[137.5,-36.0565],[137.537,-36.0265],[137.582,-36.0185],[137.603,-36.009],[137.618,-35.975],[137.5995,-35.9515],[137.607,-35.919],[137.622,-35.9045],[137.663,-35.884],[137.726,-35.8765],[137.743,-35.8525],[137.804,-35.8515],[137.8485,-35.858],[137.8825,-35.8705],[137.91,-35.86],[137.938,-35.865],[138.0065,-35.8935],[138.0405,-35.9045],[138.065,-35.881],[138.111,-35.8485],[138.119,-35.82],[138.0885,-35.8035],[138.067,-35.7805],[138.0685,-35.763],[138.046,-35.743],[138.0055,-35.7265],[137.965,-35.7195],[137.921,-35.7195]]]},"properties":{"code":"42750","name":"Kangaroo Island"}},
{"type":"Feature","geometry":{"type":"Polygon","coordinates":[[[139.62,-35.183],[139.62,-35.2185],[139.894,-35.2185],[139.894,-35.291],[140.0745,-35.291],[140.253,-35.292],[140.253,-35.108],[140.43,-35.1075],[140.43,-35.0195],[140.4295,-34.87],[140.367,-34.87],[140.3675,-34.6945],[140.177,-34.6945],[140.1775,-34.6615],[140.188,-34.6605],[140.188,-34.565],[140.154,-34.565],[140.1015,-34.5755],[140.064,-34.5755],[140.064,-34.5995],[139.9675,-34.6205],[139.8835,-34.608],[139.841,-34.613],[139.759,-34.607],[139.7595,-34.8675],[139.6335,-34.8675],[139.6445,-34.883],[139.62,-34.896],[139.62,-34.967],[139.62,-35.183]]]},"properties":{"code":"43080","name":"Karoonda East Murray"}},
{"type":"Feature","geometry":{"type":"Polygon","coordinates":[[[135.961,-33.1335],[135.963,-33.1635],[135.926,-33.2055],[135.911,-33.214],[135.8865,-33.245],[135.885,-33.331],[135.908,-33.331],[136.145,-33.3305],[136.498,-33.3285],[136.671,-33.3275],[136.8105,-33.327],[136.811,-33.1245],[136.599,-33.125],[136.5985,-32.995],[136.576,-33.0175],[136.51,-33.025],[136.51,-32.95],[136.4785,-32.907],[136.4575,-32.907],[136.453,-32.881],[136.4385,-32.8625],[136.3705,-32.8115],[136.314,-32.8245],[136.262,-32.8205],[136.2535,-32.815],[136.253,-32.742],[136.206,-32.7425],[136.2035,-32.631],[136.186,-32.614],[136.016,-32.612],[135.9535,-32.6265],[135.8415,-32.6245],[135.824,-32.602],[135.7165,-32.6025],[135.7045,-32.635],[135.695,-32.699],[135.7915,-32.7025],[135.7825,-32.7975],[135.713,-32.781],[135.713,-32.7665],[135.4805,-32.7675],[135.48,-32.807],[135.481,-32.912],[135.5715,-32.9115],[135.5715,-32.9365],[135.596,-32.9365],[135.59,-32.9115],[135.653,-32.911],[135.6535,-33.0565],[135.8255,-33.0555],[136.0015,-33.0545],[136.0015,-33.1335],[135.961,-33.1335]]]},"properties":{"code":"43220","name":"Kimba"}},
{"type":"Feature","geometry":{"type":"Polygon","coordinates":[[[139.7425,-37.033],[140.0845,-37.0325],[140.085,-36.894],[140.2515,-36.894],[140.252,-36.6895],[140.4315,-36.69],[140.432,-36.4665],[140.0465,-36.4665],[140.047,-36.254],[139.6705,-36.2485],[139.7095,-36.3125],[139.7875,-36.469],[139.8215,-36.557],[139.846,-36.6295],[139.861,-36.687],[139.862,-36.768],[139.8505,-36.8235],[139.819,-36.8685],[139.7795,-36.899],[139.7475,-36.91],[139.6965,-36.9405],[139.6755,-36.9425],[139.6705,-36.9585],[139.722,-37.001],[139.7425,-37.033]]]},"properties":{"code":"43360","name":"Kingston (SA)"}},
{"type":"Feature","geometry":{"type":"Polygon","coordinates":[[[138.63,-34.629],[138.6825,-34.616],[138.7225,-34.6125],[138.7325,-34.584],[138.7555,-34.588],[138.773,-34.561],[138.804,-34.5515],[138.8255,-34.5645],[138.84,-34.553],[138.8665,-34.5535],[138.8735,-34.574],[138.897,-34.568],[138.925,-34.583],[138.929,-34.564],[138.947,-34.543],[138.95,-34.525],[138.977,-34.493],[138.978,-34.4665],[139.002,-34.4585],[139.0575,-34.4245],[139.1015,-34.4115],[139.0985,-34.3855],[139.1125,-34.379],[139.117,-34.3515],[139.105,-34.33],[139.1275,-34.315],[139.034,-34.3065],[139.0485,-34.2675],[139.0485,-34.245],[138.978,-34.253],[138.9715,-34.1935],[138.909,-34.198],[138.903,-34.1875],[138.8385,-34.1935],[138.839,-34.2315],[138.828,-34.241],[138.8385,-34.266],[138.837,-34.3005],[138.7795,-34.2985],[138.7845,-34.3415],[138.7615,-34.365],[138.7285,-34.369],[138.7045,-34.3585],[138.668,-34.361],[138.6305,-34.389],[138.601,-34.39],[138.562,-34.412],[138.5675,-34.449],[138.63,-34.475],[138.63,-34.629]]]},"properties":{"code":"43650","name":"Light"}},
{"type":"Feature","geometry":{"type":"Polygon","coordinates":[[[135.8285,-34.767],[135.825,-34.7145],[135.832,-34.6875],[135.8555,-34.6875],[135.8605,-34.6355],[135.8945,-34.6155],[135.9325,-34.634],[135.9315,-34.609],[135.911,-34.6095],[135.904,-34.5855],[135.9315,-34.5295],[135.9575,-34.51],[135.9825,-34.514],[136.017,-34.508],[136.035,-34.4805],[136.035,-34.4775],[135.7775,-34.4775],[135.7775,-34.169],[135.7775,-33.9385],[135.4455,-33.94],[135.217,-33.94],[135.2535,-33.984],[135.2705,-34.016],[135.269,-34.035],[135.281,-34.072],[135.273,-34.095],[135.279,-34.1215],[135.241,-34.148],[135.271,-34.17],[135.2925,-34.175],[135.3155,-34.202],[135.344,-34.2615],[135.36,-34.344],[135.3565,-34.3675],[135.3655,-34.383],[135.363,-34.4145],[135.388,-34.441],[135.3955,-34.495],[135.3785,-34.511],[135.446,-34.537],[135.444,-34.57],[135.461,-34.587],[135.4965,-34.5995],[135.494,-34.6135],[135.4475,-34.63],[135.393,-34.6375],[135.3915,-34.6235],[135.361,-34.62],[135.3505,-34.6035],[135.3495,-34.5755],[135.314,-34.5655],[135.2975,-34.5525],[135.3135,-34.518],[135.295,-34.509],[135.2615,-34.51],[135.216,-34.495],[135.2155,-34.45],[135.173,-34.465],[135.13,-34.528],[135.134,-34.5445],[135.125,-34.5765],[135.1465,-34.573],[135.177,-34.5545],[135.2025,-34.5555],[135.2285,-34.5435],[135.2765,-34.5685],[135.2985,-34.5975],[135.3235,-34.6095],[135.3415,-34.629],[135.349,-34.65],[135.3455,-34.681],[135.3795,-34.687],[135.409,-34.7],[135.4745,-34.744],[135.502,-34.7845],[135.6045,-34.8785],[135.6245,-34.9155],[135.619,-34.939],[135.655,-34.9365],[135.6845,-34.9455],[135.6885,-34.9235],[135.702,-34.907],[135.7125,-34.8655],[135.752,-34.856],[135.792,-34.861],[135.847,-34.881],[135.8635,-34.9195],[135.929,-34.9485],[135.9415,-34.9855],[135.984,-34.9895],[136.003,-34.9765],[135.9885,-34.9525],[135.993,-34.93],[135.9635,-34.8765],[135.96,-34.848],[135.994,-34.827],[136.013,-34.7625],[136.007,-34.738],[135.9905,-34.728],[135.99,-34.7695],[135.9835,-34.783],[135.961,-34.784],[135.954,-34.7605],[135.93,-34.768],[135.897,-34.8045],[135.8345,-34.819],[135.786,-34.81],[135.8285,-34.767]]]},"properties":{"code":"43710","name":"Lower Eyre Peninsula"}},
{"type":"Feature","geometry":{"type":"Polygon","coordinates":[[[139.759,-34.607],[139.841,-34.613],[139.8835,-34.608],[139.9675,-34.6205],[140.064,-34.5995],[140.064,-34.5755],[140.1015,-34.5755],[140.154,-34.565],[140.188,-34.565],[140.188,-34.6605],[140.1775,-34.6615],[140.177,-34.6945],[140.3675,-34.6945],[140.367,-34.87],[140.4295,-34.87],[140.43,-35.0195],[140.572,-35.019],[140.6075,-35.0165],[140.6075,-35.0035],[140.6465,-35.0015],[140.704,-34.989],[140.759,-34.9905],[140.7865,-34.997],[140.8045,-34.9875],[140.8295,-35.0045],[140.9655,-35.0085],[140.9655,-34.87],[140.9645,-34.5025],[140.9635,-34.323],[140.5995,-34.323],[140.5715,-34.33],[140.568,-34.36],[140.592,-34.3765],[140.594,-34.3905],[140.564,-34.396],[140.566,-34.409],[140.5905,-34.4165],[140.5655,-34.4475],[140.525,-34.4565],[140.4975,-34.438],[140.4895,-34.3955],[140.474,-34.377],[140.4435,-34.3815],[140.431,-34.3975],[140.3965,-34.355],[140.3865,-34.3335],[140.384,-34.3065],[140.3675,-34.283],[140.372,-34.2665],[140.398,-34.26],[140.392,-34.2365],[140.366,-34.229],[140.364,-34.1945],[140.3425,-34.186],[140.3225,-34.1615],[140.2935,-34.187],[140.252,-34.17],[140.2335,-34.1805],[140.216,-34.174],[140.216,-34.055],[140.0555,-34.057],[140.0535,-33.9595],[140.045,-33.9525],[139.98,-33.9445],[139.9165,-33.944],[139.9165,-34.008],[139.901,-34.0245],[139.8575,-34.0245],[139.8575,-34.1585],[139.659,-34.159],[139.6465,-34.1975],[139.634,-34.2135],[139.641,-34.234],[139.624,-34.265],[139.6415,-34.2815],[139.645,-34.2985],[139.62,-34.326],[139.617,-34.3515],[139.63,-34.3645],[139.617,-34.3965],[139.608,-34.4655],[139.6015,-34.4765],[139.757,-34.477],[139.759,-34.607]]]},"properties":{"code":"43790","name":"Loxton Waikerie"}},
{"type":"Feature","geometry":{"type":"Polygon","coordinates":[[[132.994,-28.1175],[132.002,-28.12],[131.001,-28.117],[129.002,-28.116],[129.002,-29.033],[129.002,-30.3055],[129.002,-30.7635],[129.0965,-30.751],[129.51,-30.7085],[129.8845,-30.6685],[130.4175,-30.6095],[130.9855,-30.544],[131.3,-30.506],[131.629,-30.4665],[131.7985,-30.463],[131.8465,-30.4535],[131.8925,-30.465],[131.974,-30.4755],[131.994,-30.467],[132.028,-30.4685],[132.0725,-30.4785],[132.092,-30.4725],[132.135,-30.4855],[132.1555,-30.498],[132.234,-30.506],[132.2635,-30.4985],[132.3555,-30.486],[132.438,-30.482],[132.493,-30.492],[132.5355,-30.494],[132.5865,-30.5065],[132.6205,-30.509],[132.691,-30.5245],[132.7285,-30.5425],[132.8085,-30.554],[132.8495,-30.573],[132.9085,-30.572],[132.9475,-30.5635],[133.006,-30.5695],[133.003,-30.487],[133.001,-29.9985],[132.998,-29.4525],[132.994,-28.1175]]]},"properties":{"code":"44000","name":"Maralinga Tjarutja"}},
{"type":"Feature","geometry":{"type":"Polygon","coordinates":[[[138.538,-34.976],[138.529,-34.9795],[138.5335,-35.037],[138.512,-35.041],[138.4855,-35.091],[138.5385,-35.089],[138.5595,-35.0605],[138.563,-35.0235],[138.576,-35.011],[138.573,-34.9675],[138.5725,-34.9585],[138.538,-34.976]]]},"properties":{"code":"44060","name":"Marion"}},
{"type":"Feature","geometry":{"type":"Polygon","coordinates":[[[139.042,-34.8155],[139.0015,-34.8345],[139.009,-34.8635],[138.975,-34.895],[139.035,-34.9285],[139.172,-35.006],[139.1795,-34.981],[139.327,-34.9815],[139.368,-35.03],[139.3915,-35.024],[139.4655,-35.024],[139.466,-34.967],[139.62,-34.967],[139.62,-34.896],[139.6445,-34.883],[139.6335,-34.8675],[139.7595,-34.8675],[139.759,-34.607],[139.757,-34.477],[139.6015,-34.4765],[139.608,-34.4655],[139.617,-34.3965],[139.63,-34.3645],[139.617,-34.3515],[139.62,-34.326],[139.645,-34.2985],[139.6415,-34.2815],[139.624,-34.265],[139.641,-34.234],[139.634,-34.2135],[139.6465,-34.1975],[139.659,-34.159],[139.8575,-34.1585],[139.8575,-34.0245],[139.857,-33.8755],[139.699,-33.875],[139.7,-33.8005],[139.356,-33.803],[139.3565,-34.126],[139.358,-34.1755],[139.351,-34.209],[139.351,-34.3195],[139.264,-34.3195],[139.2645,-34.296],[139.163,-34.327],[139.156,-34.335],[139.105,-34.33],[139.117,-34.3515],[139.1125,-34.379],[139.0985,-34.3855],[139.1015,-34.4115],[139.112,-34.4295],[139.1615,-34.477],[139.159,-34.501],[139.135,-34.5085],[139.1145,-34.533],[139.1105,-34.5555],[139.096,-34.5805],[139.103,-34.6205],[139.1625,-34.621],[139.158,-34.6475],[139.1695,-34.691],[139.158,-34.706],[139.1505,-34.7685],[139.1385,-34.763],[139.087,-34.759],[139.0805,-34.777],[139.042,-34.8155]]]},"properties":{"code":"44210","name":"Mid Murray"}},
{"type":"Feature","geometry":{"type":"Polygon","coordinates":[[[138.563,-35.0235],[138.572,-35.035],[138.61,-35.05],[138.6345,-35.035],[138.676,-35.03],[138.6815,-35.0075],[138.6755,-34.9745],[138.644,-34.9635],[138.573,-34.9675],[138.576,-35.011],[138.563,-35.0235]]]},"properties":{"code":"44340","name":"Mitcham"}},
{"type":"Feature","geometry":{"type":"Polygon","coordinates":[[[138.6945,-35.1205],[138.704,-35.152],[138.6965,-35.2105],[138.7405,-35.2385],[138.7745,-35.2435],[138.783,-35.214],[138.815,-35.198],[138.8565,-35.1965],[138.8775,-35.184],[138.8925,-35.154],[138.9175,-35.1375],[138.942,-35.136],[138.9555,-35.113],[138.981,-35.126],[139.0275,-35.139],[139.044,-35.1115],[139.029,-35.0605],[139.0375,-35.021],[139.031,-35.002],[139.041,-34.9765],[139.0205,-34.949],[139.035,-34.9285],[138.975,-34.895],[138.9605,-34.934],[138.963,-34.9515],[138.952,-34.98],[138.9015,-34.993],[138.85,-35.0315],[138.8395,-35.016],[138.8205,-35.0195],[138.796,-35.0075],[138.775,-35.0395],[138.721,-35.0875],[138.7085,-35.1205],[138.6945,-35.1205]]]},"properties":{"code":"44550","name":"Mount Barker"}},
{"type":"Feature","geometry":{"type":"Polygon","coordinates":[[[140.748,-37.836],[140.7555,-37.845],[140.7935,-37.855],[140.824,-37.814],[140.763,-37.7945],[140.7375,-37.816],[140.748,-37.836]]]},"properties":{"code":"44620","name":"Mount Gambier"}},
{"type":"Feature","geometry":{"type":"Polygon","coordinates":[[[138.04,-33.105],[138.1635,-33.104],[138.4395,-33.103],[138.439,-32.9435],[138.4395,-32.644],[138.44,-32.323],[138.343,-32.324],[138.343,-32.415],[138.157,-32.415],[138.1565,-32.527],[138.1075,-32.504],[138.009,-32.5065],[138.006,-32.497],[137.923,-32.4945],[137.923,-32.66],[137.9425,-32.6935],[137.943,-32.7335],[137.965,-32.806],[137.9025,-32.8055],[137.9125,-32.8535],[137.9245,-32.8745],[137.94,-32.948],[137.958,-32.99],[137.9635,-33.016],[138,-33.0235],[138.019,-33.0355],[138.042,-33.077],[138.04,-33.105]]]},"properties":{"code":"44830","name":"Mount Remarkable"}},
{"type":"Feature","geometry":{"type":"Polygon","coordinates":[[[139.0275,-35.139],[139.0665,-35.166],[139.0665,-35.215],[139.086,-35.2165],[139.1075,-35.2325],[139.1585,-35.2535],[139.1445,-35.4715],[139.3245,-35.418],[139.366,-35.3645],[139.3885,-35.3465],[139.3805,-35.324],[139.389,-35.304],[139.43,-35.2955],[139.4565,-35.274],[139.4445,-35.249],[139.3975,-35.216],[139.361,-35.197],[139.3585,-35.183],[139.62,-35.183],[139.62,-34.967],[139.466,-34.967],[139.4655,-35.024],[139.3915,-35.024],[139.368,-35.03],[139.327,-34.9815],[139.1795,-34.981],[139.172,-35.006],[139.035,-34.9285],[139.0205,-34.949],[139.041,-34.9765],[139.031,-35.002],[139.0375,-35.021],[139.029,-35.0605],[139.044,-35.1115],[139.0275,-35.139]]]},"properties":{"code":"45040","name":"Murray Bridge"}},
{"type":"Feature","geometry":{"type":"Polygon","coordinates":[[[140.0845,-37.0325],[140.084,-37.176],[140.243,-37.176],[140.2435,-37.3215],[140.609,-37.322],[140.612,-37.3095],[140.612,-37.176],[140.9715,-37.1785],[140.972,-37.0665],[140.9685,-36.734],[140.969,-36.669],[140.612,-36.669],[140.612,-36.6925],[140.484,-36.6945],[140.4315,-36.7025],[140.4315,-36.69],[140.252,-36.6895],[140.2515,-36.894],[140.085,-36.894],[140.0845,-37.0325]]]},"properties":{"code":"45090","name":"Naracoorte Lucindale"}},
{"type":"Feature","geometry":{"type":"Polygon","coordinates":[[[138.1635,-33.104],[138.17,-33.151],[138.1675,-33.183],[138.2055,-33.229],[138.2125,-33.27],[138.227,-33.285],[138.259,-33.2865],[138.259,-33.473],[138.389,-33.4745],[138.398,-33.4935],[138.4035,-33.626],[138.5505,-33.626],[138.5445,-33.659],[138.6975,-33.6585],[138.693,-33.623],[138.6815,-33.6175],[138.675,-33.5895],[138.6885,-33.5405],[138.716,-33.498],[138.7135,-33.483],[138.726,-33.4355],[138.7325,-33.384],[138.7255,-33.352],[138.7335,-33.3265],[138.77,-33.326],[138.7835,-33.309],[138.791,-33.2815],[138.7585,-33.262],[138.753,-33.2135],[138.764,-33.165],[138.756,-33.1015],[138.698,-33.102],[138.707,-33.078],[138.7215,-33.0705],[138.7205,-32.9425],[138.439,-32.9435],[138.4395,-33.103],[138.1635,-33.104]]]},"properties":{"code":"45120","name":"Northern Areas"}},
{"type":"Feature","geometry":{"type":"Polygon","coordinates":[[[138.613,-34.9095],[138.6235,-34.928],[138.6585,-34.914],[138.648,-34.883],[138.635,-34.8875],[138.613,-34.9095]]]},"properties":{"code":"45290","name":"Norwood Payneham and St Peters"}},
{"type":"Feature","geometry":{"type":"Polygon","coordinates":[[[138.563,-35.0235],[138.5595,-35.0605],[138.5385,-35.089],[138.4855,-35.091],[138.4675,-35.1215],[138.4655,-35.1735],[138.47,-35.2365],[138.4615,-35.2585],[138.442,-35.278],[138.4475,-35.3125],[138.443,-35.3425],[138.4835,-35.348],[138.5165,-35.3225],[138.542,-35.315],[138.582,-35.291],[138.635,-35.231],[138.6415,-35.2105],[138.6965,-35.2105],[138.704,-35.152],[138.6945,-35.1205],[138.685,-35.118],[138.685,-35.042],[138.676,-35.03],[138.6345,-35.035],[138.61,-35.05],[138.572,-35.035],[138.563,-35.0235]]]},"properties":{"code":"45340","name":"Onkaparinga"}},
{"type":"Feature","geometry":{"type":"Polygon","coordinates":[[[138.439,-32.9435],[138.7205,-32.9425],[138.7195,-32.7685],[138.89,-32.7675],[138.89,-32.5945],[138.89,-32.4145],[138.8265,-32.4145],[138.8255,-32.1595],[138.7545,-32.1595],[138.7545,-32.1205],[138.4395,-32.121],[138.44,-32.323],[138.4395,-32.644],[138.439,-32.9435]]]},"properties":{"code":"45400","name":"Orroroo Carrieton"}},
{"type":"Feature","geometry":{"type":"Polygon","coordinates":[[[138.7205,-32.9425],[138.7215,-33.0705],[138.707,-33.078],[138.698,-33.102],[138.756,-33.1015],[139.1815,-33.098],[139.3545,-33.0975],[139.354,-32.8535],[139.3535,-32.594],[138.89,-32.5945],[138.89,-32.7675],[138.7195,-32.7685],[138.7205,-32.9425]]]},"properties":{"code":"45540","name":"Peterborough"}},
{"type":"Feature","geometry":{"type":"Polygon","coordinates":[[[138.6995,-34.755],[138.72,-34.7555],[138.731,-34.737],[138.7555,-34.745],[138.78,-34.767],[138.8105,-34.7755],[138.812,-34.7385],[138.825,-34.7275],[138.8475,-34.6805],[138.7905,-34.661],[138.798,-34.64],[138.7655,-34.618],[138.7265,-34.666],[138.68,-34.635],[138.6825,-34.616],[138.63,-34.629],[138.5905,-34.639],[138.52,-34.637],[138.492,-34.6475],[138.4645,-34.6735],[138.4355,-34.673],[138.472,-34.697],[138.4955,-34.7225],[138.517,-34.7325],[138.5775,-34.7185],[138.594,-34.727],[138.616,-34.692],[138.667,-34.714],[138.644,-34.751],[138.6995,-34.755]]]},"properties":{"code":"45680","name":"Playford"}},
{"type":"Feature","geometry":{"type":"Polygon","coordinates":[[[138.566,-34.8255],[138.516,-34.811],[138.5155,-34.7715],[138.505,-34.763],[138.478,-34.783],[138.4895,-34.818],[138.476,-34.85],[138.5465,-34.8505],[138.548,-34.8725],[138.5835,-34.889],[138.6015,-34.87],[138.62,-34.8845],[138.635,-34.8875],[138.648,-34.883],[138.6685,-34.868],[138.669,-34.84],[138.6245,-34.8385],[138.566,-34.8255]]]},"properties":{"code":"45890","name":"Port Adelaide Enfield"}},
{"type":"Feature","geometry":{"type":"Polygon","coordinates":[[[137.9025,-32.8055],[137.965,-32.806],[137.943,-32.7335],[137.9425,-32.6935],[137.923,-32.66],[137.923,-32.4945],[137.923,-32.4155],[137.7485,-32.4155],[137.7475,-32.4025],[137.765,-32.3635],[137.7605,-32.355],[137.6205,-32.3555],[137.62,-32.673],[137.596,-32.6725],[137.615,-32.8775],[137.8015,-32.765],[137.8105,-32.7475],[137.758,-32.694],[137.7515,-32.6775],[137.7635,-32.6215],[137.7645,-32.5875],[137.7505,-32.5295],[137.7835,-32.5295],[137.7815,-32.5525],[137.823,-32.5615],[137.82,-32.582],[137.8035,-32.6075],[137.831,-32.6355],[137.8535,-32.6465],[137.867,-32.6635],[137.86,-32.6895],[137.8405,-32.6985],[137.8875,-32.7155],[137.9425,-32.7645],[137.9055,-32.7715],[137.9025,-32.8055]]]},"properties":{"code":"46090","name":"Port Augusta"}},
{"type":"Feature","geometry":{"type":"Polygon","coordinates":[[[135.8285,-34.767],[135.857,-34.7515],[135.8785,-34.7605],[135.8795,-34.7205],[135.8535,-34.7145],[135.8555,-34.6875],[135.832,-34.6875],[135.825,-34.7145],[135.8285,-34.767]]]},"properties":{"code":"46300","name":"Port Lincoln"}},
{"type":"Feature","geometry":{"type":"Polygon","coordinates":[[[137.922,-33.468],[138.0685,-33.4705],[138.0685,-33.5145],[138.0855,-33.518],[138.085,-33.626],[138.4035,-33.626],[138.398,-33.4935],[138.389,-33.4745],[138.259,-33.473],[138.259,-33.2865],[138.227,-33.285],[138.2125,-33.27],[138.2055,-33.229],[138.1675,-33.183],[138.17,-33.151],[138.1635,-33.104],[138.04,-33.105],[138.053,-33.1275],[138.0175,-33.161],[138.0015,-33.144],[137.977,-33.1455],[137.9585,-33.1625],[137.9405,-33.158],[137.929,-33.1745],[137.9115,-33.172],[137.88,-33.1835],[137.8385,-33.207],[137.8155,-33.2575],[137.8115,-33.2765],[137.8425,-33.3165],[137.861,-33.329],[137.881,-33.3225],[137.8865,-33.3565],[137.8765,-33.3615],[137.8705,-33.397],[137.909,-33.4385],[137.922,-33.468]]]},"properties":{"code":"46450","name":"Port Pirie"}},
{"type":"Feature","geometry":{"type":"Polygon","coordinates":[[[138.5835,-34.889],[138.588,-34.899],[138.5975,-34.8985],[138.62,-34.8845],[138.6015,-34.87],[138.5835,-34.889]]]},"properties":{"code":"46510","name":"Prospect"}},
{"type":"Feature","geometry":{"type":"Polygon","coordinates":[[[140.6455,-34.205],[140.648,-34.233],[140.662,-34.247],[140.6255,-34.2535],[140.63,-34.2925],[140.601,-34.289],[140.5865,-34.3115],[140.5995,-34.323],[140.9635,-34.323],[140.962,-34.096],[140.9635,-33.9805],[140.9585,-33.9685],[140.9195,-33.9655],[140.9145,-33.983],[140.878,-34.0205],[140.8575,-34.0135],[140.834,-34.0285],[140.8055,-34.0695],[140.753,-34.062],[140.753,-34.079],[140.782,-34.1245],[140.7775,-34.157],[140.766,-34.163],[140.7505,-34.1335],[140.7285,-34.1075],[140.7195,-34.075],[140.7015,-34.0655],[140.6355,-34.0645],[140.658,-34.0855],[140.6575,-34.155],[140.6455,-34.205]]]},"properties":{"code":"46670","name":"Renmark Paringa"}},
{"type":"Feature","geometry":{"type":"Polygon","coordinates":[[[139.8685,-37.34],[139.8835,-37.3205],[140.2435,-37.3215],[140.243,-37.176],[140.084,-37.176],[140.0845,-37.0325],[139.7425,-37.033],[139.7445,-37.0745],[139.7665,-37.08],[139.782,-37.096],[139.795,-37.1255],[139.794,-37.1465],[139.7765,-37.165],[139.753,-37.162],[139.74,-37.1795],[139.7575,-37.1945],[139.8215,-37.292],[139.8685,-37.34]]]},"properties":{"code":"46860","name":"Robe"}},
{"type":"Feature","geometry":{"type":"Polygon","coordinates":[[[136.9245,-30.4985],[136.898,-30.4985],[136.895,-30.4745],[136.8525,-30.4875],[136.843,-30.4985],[136.843,-30.6235],[136.915,-30.6235],[136.9245,-30.4985]]]},"properties":{"code":"46970","name":"Roxby Downs"}},
{"type":"Feature","geometry":{"type":"Polygon","coordinates":[[[138.6995,-34.755],[138.644,-34.751],[138.667,-34.714],[138.616,-34.692],[138.594,-34.727],[138.5775,-34.7185],[138.517,-34.7325],[138.541,-34.758],[138.553,-34.799],[138.5465,-34.8095],[138.566,-34.8255],[138.6245,-34.8385],[138.669,-34.84],[138.672,-34.792],[138.6995,-34.755]]]},"properties":{"code":"47140","name":"Salisbury"}},
{"type":"Feature","geometry":{"type":"Polygon","coordinates":[[[140.0745,-35.291],[140.0765,-35.3285],[140.076,-35.4905],[140.129,-35.49],[140.133,-35.558],[140.1045,-35.587],[140.1065,-35.6495],[140.2535,-35.649],[140.253,-35.748],[140.5205,-35.7465],[140.7465,-35.745],[140.75,-35.7435],[140.963,-35.742],[140.966,-35.389],[140.9655,-35.0085],[140.8295,-35.0045],[140.8045,-34.9875],[140.7865,-34.997],[140.759,-34.9905],[140.704,-34.989],[140.6465,-35.0015],[140.6075,-35.0035],[140.6075,-35.0165],[140.572,-35.019],[140.43,-35.0195],[140.43,-35.1075],[140.253,-35.108],[140.253,-35.292],[140.0745,-35.291]]]},"properties":{"code":"47290","name":"Southern Mallee"}},
{"type":"Feature","geometry":{"type":"Polygon","coordinates":[[[134.601,-33.141],[134.821,-33.1385],[134.8205,-32.7675],[134.975,-32.7675],[134.975,-32.647],[135.1365,-32.647],[135.1365,-32.622],[135.1365,-32.573],[135.1055,-32.5725],[135.0905,-32.514],[134.8565,-32.5145],[134.8555,-32.237],[134.8445,-32.231],[134.513,-32.232],[134.513,-32.3775],[134.12,-32.3775],[134.12,-32.454],[134.163,-32.469],[134.183,-32.4825],[134.25,-32.5505],[134.2665,-32.574],[134.278,-32.609],[134.2825,-32.654],[134.2945,-32.662],[134.264,-32.73],[134.2405,-32.7495],[134.231,-32.781],[134.197,-32.7955],[134.189,-32.77],[134.199,-32.7495],[134.1645,-32.737],[134.145,-32.7195],[134.107,-32.7215],[134.09,-32.7115],[134.0605,-32.7225],[134.091,-32.7505],[134.12,-32.785],[134.1385,-32.832],[134.1315,-32.8565],[134.0775,-32.8825],[134.0715,-32.913],[134.0915,-32.9265],[134.1065,-32.9125],[134.129,-32.926],[134.1615,-32.925],[134.179,-32.932],[134.202,-32.964],[134.2055,-32.988],[134.19,-33.0155],[134.1675,-33.0095],[134.1485,-33.026],[134.165,-33.0435],[134.2,-33.035],[134.2375,-33.0515],[134.267,-33.1385],[134.26,-33.1525],[134.3175,-33.187],[134.3285,-33.1995],[134.3495,-33.1905],[134.3515,-33.139],[134.327,-33.1325],[134.3125,-33.112],[134.2955,-33.118],[134.263,-33.0835],[134.262,-33.0605],[134.2795,-33.0535],[134.3065,-33.0885],[134.3315,-33.096],[134.3595,-33.1275],[134.3685,-33.1755],[134.3845,-33.173],[134.415,-33.149],[134.45,-33.1445],[134.506,-33.1615],[134.5415,-33.181],[134.5735,-33.192],[134.6325,-33.244],[134.644,-33.2235],[134.623,-33.195],[134.5765,-33.1895],[134.5585,-33.1615],[134.601,-33.141]]]},"properties":{"code":"47490","name":"Streaky Bay"}},
{"type":"Feature","geometry":{"type":"Polygon","coordinates":[[[140.047,-36.254],[140.0465,-36.4665],[140.432,-36.4665],[140.4315,-36.69],[140.4315,-36.7025],[140.484,-36.6945],[140.612,-36.6925],[140.612,-36.669],[140.969,-36.669],[140.9665,-36.257],[140.964,-35.996],[140.963,-35.7485],[140.963,-35.742],[140.75,-35.7435],[140.7465,-35.745],[140.5205,-35.7465],[140.5205,-35.8115],[140.455,-35.812],[140.455,-36.0335],[140.047,-36.0325],[140.047,-36.254]]]},"properties":{"code":"47630","name":"Tatiara"}},
{"type":"Feature","geometry":{"type":"Polygon","coordinates":[[[138.7225,-34.859],[138.741,-34.86],[138.754,-34.823],[138.7585,-34.7855],[138.78,-34.767],[138.7555,-34.745],[138.731,-34.737],[138.72,-34.7555],[138.6995,-34.755],[138.672,-34.792],[138.669,-34.84],[138.6685,-34.868],[138.7225,-34.859]]]},"properties":{"code":"47700","name":"Tea Tree Gully"}},
{"type":"Feature","geometry":{"type":"Polygon","coordinates":[[[139.6705,-36.2485],[140.047,-36.254],[140.047,-36.0325],[140.455,-36.0335],[140.455,-35.812],[140.5205,-35.8115],[140.5205,-35.7465],[140.253,-35.748],[140.2535,-35.649],[140.1065,-35.6495],[140.1045,-35.587],[140.133,-35.558],[140.129,-35.49],[140.076,-35.4905],[140.0765,-35.3285],[140.0745,-35.291],[139.894,-35.291],[139.894,-35.2185],[139.62,-35.2185],[139.62,-35.183],[139.3585,-35.183],[139.361,-35.197],[139.3975,-35.216],[139.4445,-35.249],[139.4565,-35.274],[139.43,-35.2955],[139.389,-35.304],[139.3805,-35.324],[139.3885,-35.3465],[139.366,-35.3645],[139.3245,-35.418],[139.1445,-35.4715],[139.0465,-35.501],[139.034,-35.513],[139.0015,-35.513],[138.966,-35.529],[138.9665,-35.5415],[138.9315,-35.5625],[138.8995,-35.555],[138.878,-35.559],[138.951,-35.5915],[139.032,-35.6355],[139.103,-35.6795],[139.212,-35.7545],[139.2685,-35.798],[139.3305,-35.8505],[139.4135,-35.927],[139.484,-36],[139.5505,-36.0765],[139.591,-36.1285],[139.655,-36.222],[139.6705,-36.2485]],[[139.1745,-35.5185],[139.1935,-35.5105],[139.228,-35.518],[139.279,-35.5415],[139.3355,-35.574],[139.368,-35.5965],[139.35,-35.621],[139.3395,-35.685],[139.3015,-35.6835],[139.266,-35.699],[139.232,-35.695],[139.2105,-35.6515],[139.255,-35.6395],[139.254,-35.622],[139.2165,-35.627],[139.21,-35.6135],[139.234,-35.604],[139.2385,-35.5755],[139.257,-35.5525],[139.1745,-35.5185]]]},"properties":{"code":"47800","name":"Coorong"}},
{"type":"Feature","geometry":{"type":"Polygon","coordinates":[[[136.4955,-33.993],[136.4955,-33.986],[136.2405,-33.987],[135.9305,-33.9865],[135.9305,-33.85],[135.9075,-33.85],[135.7775,-33.85],[135.7775,-33.9385],[135.7775,-34.169],[135.7775,-34.4775],[136.035,-34.4775],[136.035,-34.4805],[136.0765,-34.4865],[136.0755,-34.506],[136.11,-34.5165],[136.122,-34.4675],[136.1195,-34.434],[136.092,-34.4295],[136.1195,-34.407],[136.104,-34.3825],[136.1085,-34.3655],[136.131,-34.3435],[136.188,-34.335],[136.22,-34.309],[136.26,-34.269],[136.2745,-34.231],[136.3015,-34.1955],[136.3235,-34.1825],[136.3315,-34.148],[136.354,-34.12],[136.3465,-34.1],[136.363,-34.0695],[136.4475,-34.005],[136.4955,-33.993]]]},"properties":{"code":"47910","name":"Tumby Bay"}},
{"type":"Feature","geometry":{"type":"Polygon","coordinates":[[[138.583,-34.9425],[138.5725,-34.9585],[138.573,-34.9675],[138.644,-34.9635],[138.6155,-34.9405],[138.583,-34.9425]]]},"properties":{"code":"47980","name":"Unley"}},
{"type":"Feature","geometry":{"type":"Polygon","coordinates":[[[138.4375,-35.63],[138.4835,-35.6325],[138.5255,-35.641],[138.5685,-35.6075],[138.6055,-35.589],[138.5995,-35.578],[138.6315,-35.544],[138.6525,-35.5385],[138.655,-35.491],[138.6495,-35.462],[138.634,-35.433],[138.63,-35.398],[138.584,-35.3895],[138.525,-35.403],[138.5085,-35.418],[138.486,-35.4185],[138.4515,-35.4615],[138.471,-35.4715],[138.4715,-35.531],[138.441,-35.54],[138.451,-35.5625],[138.4375,-35.63]]]},"properties":{"code":"48050","name":"Victor Harbor"}},
{"type":"Feature","geometry":{"type":"Polygon","coordinates":[[[138.1185,-34.095],[138.127,-34.132],[138.094,-34.134],[138.159,-34.209],[138.1675,-34.2385],[138.159,-34.2725],[138.195,-34.274],[138.222,-34.3095],[138.231,-34.3445],[138.304,-34.3465],[138.4035,-34.345],[138.6115,-34.345],[138.6305,-34.389],[138.668,-34.361],[138.7045,-34.3585],[138.6865,-34.337],[138.6975,-34.3055],[138.668,-34.2175],[138.638,-34.216],[138.6295,-34.1695],[138.6085,-34.1405],[138.588,-34.145],[138.5545,-34.14],[138.5635,-34.0705],[138.576,-34.049],[138.5945,-33.9465],[138.57,-33.9505],[138.531,-33.797],[138.543,-33.7855],[138.5475,-33.7245],[138.5445,-33.659],[138.5505,-33.626],[138.4035,-33.626],[138.085,-33.626],[138.0845,-33.991],[138.1445,-33.991],[138.145,-34.093],[138.1185,-34.095]]]},"properties":{"code":"48130","name":"Wakefield"}},
{"type":"Feature","geometry":{"type":"Polygon","coordinates":[[[138.5975,-34.8985],[138.613,-34.9095],[138.635,-34.8875],[138.62,-34.8845],[138.5975,-34.8985]]]},"properties":{"code":"48260","name":"Walkerville"}},
{"type":"Feature","geometry":{"type":"Polygon","coordinates":[[[140.297,-37.7555],[140.366,-37.7555],[140.3875,-37.794],[140.394,-37.84],[140.459,-37.8285],[140.473,-37.819],[140.47,-37.7855],[140.4765,-37.755],[140.6095,-37.7545],[140.617,-37.7355],[140.68,-37.7355],[140.6755,-37.6545],[140.6675,-37.642],[140.6765,-37.6105],[140.973,-37.6115],[140.973,-37.358],[140.9715,-37.1785],[140.612,-37.176],[140.612,-37.3095],[140.609,-37.322],[140.2435,-37.3215],[139.8835,-37.3205],[139.8685,-37.34],[139.8895,-37.3745],[139.91,-37.389],[139.93,-37.418],[139.968,-37.4545],[140.0145,-37.488],[140.032,-37.4745],[140.0595,-37.484],[140.076,-37.502],[140.1065,-37.519],[140.129,-37.542],[140.1305,-37.56],[140.1135,-37.5755],[140.185,-37.6225],[140.248,-37.686],[140.297,-37.7555]]]},"properties":{"code":"48340","name":"Wattle Range"}},
{"type":"Feature","geometry":{"type":"Polygon","coordinates":[[[138.503,-34.9515],[138.5085,-34.9645],[138.538,-34.976],[138.5725,-34.9585],[138.583,-34.9425],[138.577,-34.909],[138.525,-34.9175],[138.5075,-34.927],[138.503,-34.9515]]]},"properties":{"code":"48410","name":"West Torrens"}},
{"type":"Feature","geometry":{"type":"Polygon","coordinates":[[[137.8015,-32.765],[137.615,-32.8775],[137.5065,-32.8775],[137.3135,-33.0095],[137.3135,-33.1545],[137.279,-33.1545],[137.279,-33.326],[137.3785,-33.326],[137.383,-33.297],[137.407,-33.273],[137.4385,-33.218],[137.4425,-33.152],[137.458,-33.132],[137.4925,-33.12],[137.535,-33.0955],[137.554,-33.0695],[137.565,-33.049],[137.59,-33.0405],[137.5725,-33.0245],[137.5825,-32.9825],[137.574,-32.9465],[137.617,-32.9375],[137.6395,-32.9165],[137.664,-32.9355],[137.6675,-32.954],[137.6915,-32.9595],[137.721,-32.9905],[137.7515,-32.9955],[137.783,-32.993],[137.758,-32.946],[137.754,-32.91],[137.79,-32.9155],[137.799,-32.8935],[137.7925,-32.871],[137.8105,-32.8525],[137.81,-32.833],[137.797,-32.782],[137.8015,-32.765]]]},"properties":{"code":"48540","name":"Whyalla"}},
{"type":"Feature","geometry":{"type":"Polygon","coordinates":[[[134.821,-33.1385],[134.821,-33.1405],[135.137,-33.141],[135.1375,-33.3335],[135.6295,-33.332],[135.885,-33.331],[135.8865,-33.245],[135.911,-33.214],[135.926,-33.2055],[135.963,-33.1635],[135.961,-33.1335],[135.8835,-33.1295],[135.857,-33.1145],[135.826,-33.107],[135.8255,-33.0555],[135.6535,-33.0565],[135.653,-32.911],[135.59,-32.9115],[135.596,-32.9365],[135.5715,-32.9365],[135.5715,-32.9115],[135.481,-32.912],[135.48,-32.807],[135.407,-32.8115],[135.392,-32.807],[135.3595,-32.815],[135.3595,-32.7675],[135.3085,-32.7675],[135.3085,-32.6215],[135.1365,-32.622],[135.1365,-32.647],[134.975,-32.647],[134.975,-32.7675],[134.8205,-32.7675],[134.821,-33.1385]]]},"properties":{"code":"48640","name":"Wudinna"}},
{"type":"Feature","geometry":{"type":"Polygon","coordinates":[[[138.4375,-35.63],[138.451,-35.5625],[138.441,-35.54],[138.4715,-35.531],[138.471,-35.4715],[138.4515,-35.4615],[138.486,-35.4185],[138.5085,-35.418],[138.525,-35.403],[138.584,-35.3895],[138.5905,-35.3695],[138.582,-35.353],[138.5445,-35.361],[138.5265,-35.354],[138.5165,-35.3225],[138.4835,-35.348],[138.443,-35.3425],[138.4105,-35.3665],[138.382,-35.371],[138.3415,-35.393],[138.29,-35.4725],[138.224,-35.51],[138.194,-35.5235],[138.169,-35.5185],[138.1235,-35.561],[138.1155,-35.582],[138.094,-35.6035],[138.0955,-35.624],[138.1285,-35.6455],[138.165,-35.661],[138.223,-35.662],[138.2655,-35.6415],[138.3,-35.638],[138.41,-35.6405],[138.4375,-35.63]]]},"properties":{"code":"48750","name":"Yankalilla"}},
{"type":"Feature","geometry":{"type":"Polygon","coordinates":[[[138.094,-34.134],[138.127,-34.132],[138.1185,-34.095],[138.081,-34.085],[138.053,-34.095],[138.026,-34.114],[138.01,-34.093],[137.9185,-34.093],[137.8725,-34.093],[137.724,-34.0975],[137.5385,-34.097],[137.516,-34.135],[137.4495,-34.139],[137.464,-34.17],[137.4835,-34.1915],[137.501,-34.2345],[137.4975,-34.2645],[137.4985,-34.3185],[137.4835,-34.343],[137.482,-34.371],[137.472,-34.3975],[137.447,-34.3975],[137.438,-34.428],[137.4145,-34.451],[137.44,-34.4585],[137.4445,-34.44],[137.463,-34.4265],[137.48,-34.4355],[137.4865,-34.4805],[137.4755,-34.519],[137.507,-34.5825],[137.506,-34.6475],[137.493,-34.669],[137.4875,-34.714],[137.4765,-34.763],[137.459,-34.8105],[137.457,-34.8895],[137.449,-34.9105],[137.4095,-34.942],[137.3755,-34.9535],[137.344,-34.929],[137.304,-34.924],[137.2765,-34.894],[137.222,-34.9045],[137.1995,-34.9005],[137.1585,-34.9155],[137.077,-34.9185],[137.048,-34.904],[137.009,-34.8975],[137.0125,-34.9205],[136.9775,-34.95],[136.971,-34.9955],[136.933,-35.025],[136.9555,-35.065],[136.9615,-35.086],[136.9435,-35.112],[136.934,-35.1395],[136.8975,-35.157],[136.893,-35.1815],[136.866,-35.194],[136.846,-35.191],[136.846,-35.2295],[136.8295,-35.25],[136.8505,-35.282],[136.8825,-35.3005],[136.8995,-35.286],[136.944,-35.282],[136.967,-35.267],[136.97,-35.252],[137.001,-35.2235],[137.049,-35.2225],[137.144,-35.2435],[137.1895,-35.2265],[137.1905,-35.209],[137.211,-35.1835],[137.2375,-35.1645],[137.26,-35.159],[137.3,-35.1685],[137.335,-35.168],[137.3525,-35.134],[137.4245,-35.098],[137.468,-35.1],[137.511,-35.119],[137.555,-35.1175],[137.6105,-35.1465],[137.6375,-35.168],[137.677,-35.168],[137.688,-35.1485],[137.732,-35.131],[137.759,-35.1145],[137.7435,-35.1035],[137.7485,-35.085],[137.727,-35.049],[137.764,-35.0405],[137.7575,-34.9985],[137.784,-34.9465],[137.8,-34.8775],[137.8315,-34.8125],[137.863,-34.7805],[137.8585,-34.774],[137.869,-34.7225],[137.881,-34.6955],[137.877,-34.6685],[137.9075,-34.6155],[137.876,-34.5985],[137.8845,-34.567],[137.8855,-34.515],[137.899,-34.493],[137.916,-34.431],[137.9455,-34.399],[137.9865,-34.3695],[138.007,-34.349],[138.0215,-34.2845],[138.0015,-34.2615],[138.0075,-34.238],[138.0275,-34.2225],[138.046,-34.171],[138.068,-34.141],[138.094,-34.134]]]},"properties":{"code":"48830","name":"Yorke Peninsula"}},
{"type":"Feature","geometry":{"type":"MultiPolygon","coordinates":[[[[134.513,-32.232],[134.8445,-32.231],[134.8555,-32.237],[134.8565,-32.5145],[135.0905,-32.514],[135.1055,-32.5725],[135.1365,-32.573],[135.1365,-32.622],[135.3085,-32.6215],[135.3085,-32.7675],[135.3595,-32.7675],[135.3595,-32.815],[135.392,-32.807],[135.407,-32.8115],[135.48,-32.807],[135.4805,-32.7675],[135.713,-32.7665],[135.713,-32.781],[135.7825,-32.7975],[135.7915,-32.7025],[135.695,-32.699],[135.7045,-32.635],[135.7165,-32.6025],[135.824,-32.602],[135.8415,-32.6245],[135.9535,-32.6265],[136.016,-32.612],[136.186,-32.614],[136.2035,-32.631],[136.206,-32.7425],[136.253,-32.742],[136.2535,-32.815],[136.262,-32.8205],[136.314,-32.8245],[136.3705,-32.8115],[136.4385,-32.8625],[136.453,-32.881],[136.4575,-32.907],[136.4785,-32.907],[136.51,-32.95],[136.51,-33.025],[136.576,-33.0175],[136.5985,-32.995],[136.599,-33.125],[136.811,-33.1245],[136.8105,-33.327],[137.279,-33.326],[137.279,-33.1545],[137.3135,-33.1545],[137.3135,-33.0095],[137.5065,-32.8775],[137.615,-32.8775],[137.596,-32.6725],[137.62,-32.673],[137.6205,-32.3555],[137.7605,-32.355],[137.765,-32.3635],[137.7475,-32.4025],[137.7485,-32.4155],[137.923,-32.4155],[137.9665,-32.4155],[137.9735,-32.329],[137.961,-32.297],[137.9635,-32.237],[137.978,-32.1515],[138.0845,-31.976],[138.0845,-31.7395],[138.333,-31.74],[138.597,-31.74],[138.617,-31.747],[138.6325,-31.774],[138.6545,-31.775],[138.711,-31.7605],[138.7185,-31.774],[138.7155,-31.804],[138.6815,-31.8125],[138.6415,-31.8515],[138.6335,-31.888],[138.652,-31.9305],[138.656,-31.9675],[138.7545,-31.975],[138.7545,-32.1205],[138.7545,-32.1595],[138.8255,-32.1595],[138.8265,-32.4145],[138.89,-32.4145],[138.89,-32.5945],[139.3535,-32.594],[139.354,-32.8535],[139.3545,-33.0975],[139.3545,-33.3255],[139.355,-33.543],[139.356,-33.803],[139.7,-33.8005],[139.699,-33.875],[139.857,-33.8755],[139.8575,-34.0245],[139.901,-34.0245],[139.9165,-34.008],[139.9165,-33.944],[139.98,-33.9445],[140.045,-33.9525],[140.0535,-33.9595],[140.0555,-34.057],[140.216,-34.055],[140.216,-34.174],[140.2335,-34.1805],[140.252,-34.17],[140.2935,-34.187],[140.3225,-34.1615],[140.3285,-34.1365],[140.355,-34.1365],[140.374,-34.1195],[140.406,-34.1335],[140.473,-34.1325],[140.473,-34.1865],[140.492,-34.1935],[140.5225,-34.2325],[140.538,-34.2255],[140.534,-34.2045],[140.6455,-34.205],[140.6575,-34.155],[140.658,-34.0855],[140.6355,-34.0645],[140.7015,-34.0655],[140.7195,-34.075],[140.7285,-34.1075],[140.7505,-34.1335],[140.766,-34.163],[140.7775,-34.157],[140.782,-34.1245],[140.753,-34.079],[140.753,-34.062],[140.8055,-34.0695],[140.834,-34.0285],[140.8575,-34.0135],[140.878,-34.0205],[140.9145,-33.983],[140.9195,-33.9655],[140.9585,-33.9685],[140.9635,-33.9805],[140.9805,-33.9995],[140.9855,-34.0275],[141.003,-34.022],[141.0025,-33.329],[141.0015,-32.075],[141.0015,-31.829],[141.0005,-31.2],[141.0005,-30.7075],[141.0005,-30.0505],[141,-29.904],[141,-29.3295],[140.9995,-28.999],[140.9995,-28.363],[140.9995,-27.8745],[140.9995,-27.1905],[140.9995,-26.762],[140.9995,-26.405],[140.9995,-25.9965],[140.9095,-25.9965],[140.356,-25.9965],[139.838,-25.9965],[139.2255,-25.9965],[138.9895,-25.9965],[137.999,-25.997],[136.0015,-25.9985],[133.5095,-25.9985],[133.112,-25.9985],[133.109,-26.3515],[133.0895,-26.359],[133.0545,-26.4815],[133.056,-26.537],[133.047,-26.6315],[133.0995,-26.7175],[133.3655,-26.7165],[133.332,-26.807],[133.3425,-26.846],[133.357,-26.877],[133.366,-26.911],[133.3715,-26.999],[133.442,-27.073],[133.4925,-27.147],[133.493,-27.274],[133.4465,-27.2735],[133.4455,-27.561],[133.676,-27.5605],[133.6755,-27.8415],[133.36,-27.842],[133.3585,-28.115],[132.994,-28.1175],[132.998,-29.4525],[133.001,-29.9985],[133.003,-30.487],[133.006,-30.5695],[132.9475,-30.5635],[132.9085,-30.572],[132.8495,-30.573],[132.8085,-30.554],[132.7285,-30.5425],[132.691,-30.5245],[132.6205,-30.509],[132.5865,-30.5065],[132.5355,-30.494],[132.493,-30.492],[132.438,-30.482],[132.3555,-30.486],[132.2635,-30.4985],[132.234,-30.506],[132.1555,-30.498],[132.135,-30.4855],[132.092,-30.4725],[132.0725,-30.4785],[132.028,-30.4685],[131.994,-30.467],[131.974,-30.4755],[131.8925,-30.465],[131.8465,-30.4535],[131.7985,-30.463],[131.629,-30.4665],[131.3,-30.506],[130.9855,-30.544],[130.4175,-30.6095],[129.8845,-30.6685],[129.51,-30.7085],[129.0965,-30.751],[129.002,-30.7635],[129.002,-31.3605],[129.002,-31.687],[129.05,-31.675],[129.1395,-31.668],[129.1945,-31.6585],[129.289,-31.652],[129.37,-31.6405],[129.433,-31.637],[129.528,-31.6225],[129.6155,-31.6165],[129.681,-31.6165],[129.77,-31.608],[129.833,-31.6085],[129.886,-31.5955],[129.9385,-31.5885],[129.9705,-31.591],[130.02,-31.586],[130.1205,-31.5865],[130.1575,-31.5765],[130.222,-31.58],[130.275,-31.5735],[130.345,-31.5835],[130.4295,-31.584],[130.489,-31.593],[130.568,-31.5855],[130.6725,-31.6005],[130.7345,-31.606],[130.7915,-31.607],[130.846,-31.598],[130.9025,-31.577],[130.9395,-31.567],[131.0265,-31.5375],[131.0575,-31.5215],[131.082,-31.491],[131.1295,-31.4645],[131.187,-31.472],[131.245,-31.4925],[131.48,-31.588],[131.57,-31.6275],[131.683,-31.6815],[131.803,-31.745],[131.856,-31.786],[131.9095,-31.8145],[131.9605,-31.8465],[132.0015,-31.8775],[132.073,-31.9175],[132.1175,-31.9555],[132.131,-31.9805],[132.167,-32.0055],[132.1765,-32.0185],[132.271,-32.0325],[132.278,-32.024],[132.3355,-32.029],[132.343,-32.0145],[132.3815,-32.01],[132.3975,-32.0005],[132.4375,-31.9935],[132.455,-31.9605],[132.4785,-31.9465],[132.5315,-31.935],[132.595,-31.9345],[132.63,-31.9415],[132.6665,-31.957],[132.6865,-31.9505],[132.7145,-31.956],[132.745,-31.949],[132.779,-31.9595],[132.848,-31.994],[132.903,-32.0355],[132.974,-32.0725],[132.9825,-32.098],[133.0055,-32.0835],[133.0545,-32.1045],[133.0995,-32.135],[133.136,-32.171],[133.179,-32.1715],[133.2135,-32.1855],[133.213,-31.994],[133.2125,-31.752],[133.2395,-31.77],[133.2855,-31.783],[133.458,-31.812],[133.6105,-31.8115],[133.6105,-31.8445],[133.675,-31.8445],[133.675,-31.8555],[133.727,-31.8555],[133.851,-31.8495],[133.8515,-31.88],[133.8885,-31.8805],[134.0765,-31.9785],[134.09,-31.963],[134.12,-31.976],[134.12,-31.868],[134.2905,-31.8675],[134.2905,-32.087],[134.513,-32.087],[134.513,-32.232]],[[134.7875,-28.9935],[134.8095,-29.003],[134.809,-29.0515],[134.7075,-29.051],[134.708,-29.028],[134.694,-28.9815],[134.736,-28.971],[134.7875,-28.9935]],[[136.9245,-30.4985],[136.915,-30.6235],[136.843,-30.6235],[136.843,-30.4985],[136.8525,-30.4875],[136.895,-30.4745],[136.898,-30.4985],[136.9245,-30.4985]],[[133.4925,-27.1435],[133.444,-27.072],[133.373,-26.998],[133.368,-26.911],[133.359,-26.8765],[133.344,-26.8455],[133.334,-26.8075],[133.3675,-26.7165],[133.5015,-26.717],[133.589,-26.7185],[133.745,-26.718],[133.6745,-27.025],[133.641,-27.0475],[133.6355,-27.068],[133.643,-27.1375],[133.4925,-27.138],[133.4925,-27.1435]]],[[[136.452,-35.146],[136.4415,-35.156],[136.4915,-35.1755],[136.494,-35.162],[136.452,-35.146]]],[[[136.1455,-34.998],[136.147,-35.0265],[136.168,-35.059],[136.1925,-35.0445],[136.1945,-35.016],[136.146,-34.984],[136.1295,-34.9525],[136.109,-34.934],[136.083,-34.9455],[136.084,-34.9665],[136.1105,-34.975],[136.1455,-34.998]]],[[[135.921,-34.713],[135.943,-34.6945],[135.9315,-34.681],[135.912,-34.6945],[135.921,-34.713]]],[[[137.35,-34.4815],[137.3375,-34.4935],[137.341,-34.526],[137.363,-34.53],[137.3805,-34.4975],[137.375,-34.469],[137.35,-34.4815]]],[[[140.3865,-34.3335],[140.3965,-34.355],[140.431,-34.3975],[140.4435,-34.3815],[140.474,-34.377],[140.4895,-34.3955],[140.516,-34.3975],[140.5195,-34.381],[140.508,-34.3575],[140.5375,-34.351],[140.506,-34.3185],[140.505,-34.3035],[140.463,-34.2945],[140.449,-34.3245],[140.4285,-34.3355],[140.3865,-34.3335]]],[[[139.1745,-35.5185],[139.257,-35.5525],[139.2385,-35.5755],[139.234,-35.604],[139.21,-35.6135],[139.2165,-35.627],[139.254,-35.622],[139.255,-35.6395],[139.2105,-35.6515],[139.232,-35.695],[139.266,-35.699],[139.3015,-35.6835],[139.3395,-35.685],[139.35,-35.621],[139.368,-35.5965],[139.3355,-35.574],[139.279,-35.5415],[139.228,-35.518],[139.1935,-35.5105],[139.1745,-35.5185]]],[[[135.961,-33.1335],[136.0015,-33.1335],[136.0015,-33.0545],[135.8255,-33.0555],[135.826,-33.107],[135.857,-33.1145],[135.8835,-33.1295],[135.961,-33.1335]]],[[[137.59,-33.0405],[137.6,-33.018],[137.595,-32.9985],[137.6115,-32.9745],[137.6345,-32.9585],[137.6675,-32.954],[137.664,-32.9355],[137.6395,-32.9165],[137.617,-32.9375],[137.574,-32.9465],[137.5825,-32.9825],[137.5725,-33.0245],[137.59,-33.0405]]],[[[133.5445,-32.294],[133.5635,-32.317],[133.608,-32.301],[133.619,-32.2735],[133.6105,-32.264],[133.5835,-32.268],[133.551,-32.2635],[133.5445,-32.294]]],[[[133.287,-32.5235],[133.311,-32.5105],[133.2815,-32.4955],[133.287,-32.5235]]]]},"properties":{"code":"49399","name":"Unincorporated SA"}},
{"type":"Feature","geometry":{"type":"MultiPolygon","coordinates":[[[[117.4635,-34.9705],[117.4795,-34.998],[117.4555,-35.017],[117.429,-35.022],[117.396,-34.9995],[117.357,-35.005],[117.362,-35.0195],[117.4235,-35.0445],[117.4855,-35.0795],[117.5115,-35.0835],[117.5245,-35.074],[117.5605,-35.0875],[117.6265,-35.1285],[117.637,-35.0885],[117.6515,-35.0825],[117.646,-35.0605],[117.6755,-35.0445],[117.748,-35.0505],[117.781,-35.061],[117.8515,-35.095],[117.8665,-35.1095],[117.9545,-35.122],[117.976,-35.099],[117.939,-35.088],[117.9275,-35.0745],[117.909,-35.0845],[117.849,-35.0505],[117.8525,-35.031],[117.883,-35.029],[117.9195,-35.036],[117.918,-35.0175],[117.9485,-34.9985],[117.949,-34.9435],[117.9785,-34.953],[117.98,-34.9775],[117.97,-35.0155],[118.0005,-35.0105],[118.0435,-35.0165],[118.0625,-34.999],[118.102,-34.986],[118.1685,-34.996],[118.1945,-35.023],[118.2105,-34.9785],[118.1755,-34.9705],[118.1795,-34.938],[118.1985,-34.9415],[118.2205,-34.9215],[118.2655,-34.9085],[118.28,-34.9125],[118.329,-34.8985],[118.3785,-34.903],[118.3985,-34.9175],[118.422,-34.8815],[118.4005,-34.8805],[118.396,-34.844],[118.409,-34.8035],[118.425,-34.7775],[118.4565,-34.7475],[118.52,-34.7175],[118.6145,-34.688],[118.6455,-34.691],[118.666,-34.668],[118.7015,-34.655],[118.7225,-34.6565],[118.755,-34.621],[118.7775,-34.6085],[118.748,-34.5965],[118.739,-34.5765],[118.762,-34.5395],[118.806,-34.5125],[118.8475,-34.502],[118.903,-34.5015],[118.904,-34.469],[118.8365,-34.457],[118.809,-34.441],[118.7755,-34.433],[118.73,-34.408],[118.726,-34.3885],[118.7065,-34.381],[118.709,-34.3635],[118.688,-34.353],[118.679,-34.3365],[118.6535,-34.337],[118.6045,-34.357],[118.535,-34.3265],[118.5095,-34.306],[118.485,-34.304],[118.4365,-34.2895],[118.4115,-34.2955],[118.3925,-34.318],[118.393,-34.348],[118.374,-34.383],[118.411,-34.3905],[118.4105,-34.405],[118.3535,-34.434],[118.351,-34.46],[118.3235,-34.4865],[118.3205,-34.53],[118.262,-34.5475],[118.2085,-34.5475],[118.209,-34.664],[118.0915,-34.6635],[118.0745,-34.6395],[118.031,-34.646],[118.031,-34.658],[118.0055,-34.6655],[117.99,-34.6925],[117.9695,-34.696],[117.966,-34.7625],[117.9525,-34.7465],[117.9345,-34.7665],[117.909,-34.7665],[117.909,-34.818],[117.8555,-34.818],[117.8695,-34.8345],[117.854,-34.8475],[117.706,-34.8435],[117.6995,-34.84],[117.624,-34.84],[117.5705,-34.8375],[117.5645,-34.83],[117.488,-34.8305],[117.488,-34.887],[117.4735,-34.9175],[117.4755,-34.944],[117.4635,-34.9705]]],[[[118.4625,-34.933],[118.4865,-34.921],[118.457,-34.905],[118.4625,-34.933]]]]},"properties":{"code":"50080","name":"Albany"}},
{"type":"Feature","geometry":{"type":"Polygon","coordinates":[[[116.1895,-32.2875],[116.225,-32.236],[116.358,-32.2365],[116.344,-32.232],[116.3125,-32.171],[116.2855,-32.173],[116.285,-32.113],[116.285,-32.083],[116.191,-32.083],[116.18,-32.0855],[116.0895,-32.085],[116.0745,-32.098],[116.008,-32.0935],[115.974,-32.1235],[115.961,-32.127],[115.931,-32.1005],[115.916,-32.1155],[115.8975,-32.1365],[115.8985,-32.18],[115.9725,-32.18],[116.016,-32.1865],[116.024,-32.205],[116.0675,-32.2125],[116.1095,-32.2125],[116.113,-32.2875],[116.1895,-32.2875]]]},"properties":{"code":"50210","name":"Armadale"}},
{"type":"Feature","geometry":{"type":"MultiPolygon","coordinates":[[[[115.5965,-21.4095],[115.5945,-21.4095],[115.5555,-21.4095],[115.552,-21.435],[115.531,-21.437],[115.4925,-21.486],[115.5,-21.505],[115.481,-21.5335],[115.4575,-21.5085],[115.437,-21.5305],[115.413,-21.525],[115.4035,-21.553],[115.3765,-21.551],[115.3435,-21.5675],[115.307,-21.5915],[115.2865,-21.5955],[115.2345,-21.589],[115.2185,-21.6045],[115.204,-21.598],[115.17,-21.6165],[115.1415,-21.6425],[115.11,-21.632],[115.055,-21.6795],[115.0235,-21.6885],[114.9695,-21.675],[114.936,-21.691],[114.9145,-21.69],[114.891,-21.7145],[114.8755,-21.721],[114.842,-21.751],[114.825,-21.756],[114.7695,-21.795],[114.7225,-21.7985],[114.6435,-21.849],[114.64,-21.9175],[114.615,-21.9475],[114.6125,-21.985],[114.5975,-21.99],[114.576,-22.014],[114.5535,-22.027],[114.5505,-22.058],[114.5355,-22.066],[114.5175,-22.1105],[114.5015,-22.134],[114.5,-22.1635],[114.4795,-22.1545],[114.4555,-22.1595],[114.487,-22.2],[114.4555,-22.207],[114.4495,-22.2265],[114.465,-22.248],[114.436,-22.2655],[114.432,-22.278],[114.559,-22.278],[114.5585,-22.5045],[114.637,-22.5045],[114.6365,-22.668],[114.754,-22.668],[114.754,-22.7055],[114.7245,-22.763],[114.7015,-22.801],[114.6815,-22.857],[114.6715,-22.906],[114.7095,-22.906],[114.7095,-22.933],[114.6615,-22.933],[114.645,-22.969],[114.5975,-22.969],[114.5975,-23.0115],[114.5975,-23.0185],[114.4795,-23.0185],[114.4795,-23.074],[114.545,-23.0735],[114.545,-23.1295],[114.673,-23.1295],[114.6735,-23.22],[114.632,-23.22],[114.632,-23.3895],[114.7375,-23.3895],[114.737,-23.4525],[115.1955,-23.4525],[115.1955,-23.392],[115.478,-23.392],[115.478,-23.4845],[115.5255,-23.487],[115.5255,-23.5755],[115.6045,-23.5755],[115.605,-23.6755],[115.7035,-23.675],[115.7035,-23.743],[115.7275,-23.743],[115.726,-23.8425],[115.774,-23.842],[115.777,-23.8665],[115.872,-23.867],[115.872,-23.888],[115.98,-23.888],[115.9795,-23.578],[116.076,-23.578],[116.076,-23.6025],[116.137,-23.6025],[116.137,-23.6315],[116.1905,-23.6315],[116.1905,-23.655],[116.297,-23.655],[116.297,-23.5995],[116.494,-23.599],[116.4955,-23.51],[116.5985,-23.51],[116.598,-23.5745],[116.8585,-23.573],[116.8585,-23.805],[117.0445,-23.8045],[117.053,-23.7885],[117.626,-23.7925],[117.626,-23.74],[117.7145,-23.74],[117.7145,-23.6785],[117.744,-23.618],[117.744,-23.533],[117.658,-23.533],[117.658,-23.4855],[117.6365,-23.4855],[117.6365,-23.438],[117.716,-23.438],[117.716,-23.3785],[117.8405,-23.3785],[117.8405,-23.3935],[117.9915,-23.3935],[117.9915,-23.375],[118.079,-23.375],[118.079,-23.2935],[118.1675,-23.2935],[118.1675,-23.315],[118.426,-23.315],[118.426,-23.4405],[118.5785,-23.164],[118.7525,-22.849],[118.836,-22.697],[119.1245,-22.697],[119.1245,-22.546],[119.0125,-22.546],[119.0125,-22.4655],[118.862,-22.4655],[118.862,-22.432],[118.7585,-22.432],[118.7585,-22.3635],[118.862,-22.3635],[118.862,-22.3905],[119.1245,-22.3905],[119.1245,-22.3635],[119.1925,-22.3655],[119.427,-22.3655],[119.427,-22.2935],[119.3975,-22.2935],[119.3975,-22.2195],[119.379,-22.207],[119.18,-22.207],[119.18,-22.175],[119.2315,-22.175],[119.2315,-22.066],[118.9875,-22.066],[118.9875,-22.056],[118.8095,-22.056],[118.8095,-22.0505],[118.7265,-22.0505],[118.7265,-22.0355],[118.6975,-22.0355],[118.6975,-21.9605],[118.5885,-21.9605],[118.5885,-21.81],[118.532,-21.81],[118.532,-21.769],[118.551,-21.769],[118.551,-21.696],[118.502,-21.696],[118.502,-21.6575],[118.3695,-21.6575],[118.3695,-21.6845],[118.2535,-21.6845],[118.2535,-21.608],[118.199,-21.608],[118.199,-21.53],[118.231,-21.53],[118.231,-21.49],[118.205,-21.49],[118.205,-21.387],[118.156,-21.387],[118.156,-21.479],[118.0855,-21.479],[118.0855,-21.4165],[118.111,-21.4165],[118.111,-21.345],[118.1465,-21.345],[118.1465,-21.2965],[118.0695,-21.2965],[118.0695,-21.6495],[118.1095,-21.6495],[118.1095,-21.7275],[117.983,-21.7275],[117.983,-21.482],[117.924,-21.482],[117.924,-21.3715],[117.7015,-21.3715],[117.7015,-21.1515],[117.5465,-21.1515],[117.5465,-21.308],[117.2205,-21.308],[117.2205,-21.2525],[117.293,-21.2525],[117.293,-21.1845],[117.148,-21.1845],[117.148,-21.2525],[117.0885,-21.2525],[117.0885,-21.1915],[117.1135,-21.1915],[117.1135,-21.1625],[117.018,-21.1625],[117.018,-21.2115],[116.798,-21.2115],[116.798,-21.337],[116.453,-21.337],[116.453,-21.3175],[116.1745,-21.3175],[116.1745,-21.392],[116.1125,-21.392],[116.1125,-21.5315],[116.0085,-21.5315],[116.0085,-21.58],[115.9605,-21.58],[115.9605,-21.475],[115.888,-21.4405],[115.888,-21.4095],[115.5965,-21.4095]]],[[[115.3215,-20.8085],[115.308,-20.8475],[115.308,-20.8685],[115.357,-20.867],[115.374,-20.8905],[115.3965,-20.885],[115.4165,-20.867],[115.4245,-20.838],[115.4475,-20.829],[115.458,-20.7935],[115.471,-20.776],[115.477,-20.7335],[115.461,-20.705],[115.467,-20.68],[115.4355,-20.6655],[115.4215,-20.6795],[115.3745,-20.747],[115.3595,-20.7535],[115.352,-20.7725],[115.3215,-20.8085]]],[[[114.5035,-22.016],[114.529,-22.0525],[114.5455,-22.0445],[114.54,-22.007],[114.5105,-21.994],[114.5035,-22.016]]]]},"properties":{"code":"50250","name":"Ashburton"}},
{"type":"Feature","geometry":{"type":"Polygon","coordinates":[[[115.337,-34.315],[115.337,-34.16],[115.402,-34.1565],[115.4025,-34.092],[115.3915,-34.078],[115.4035,-34.0535],[115.3905,-33.9995],[115.4145,-33.9765],[115.4195,-33.92],[115.536,-33.914],[115.542,-33.906],[115.6465,-33.8245],[115.6695,-33.812],[115.647,-33.8055],[115.3995,-33.805],[115.373,-33.829],[115.298,-33.832],[115.298,-33.8185],[115.1745,-33.815],[115.0835,-33.819],[114.9975,-33.819],[114.994,-33.8485],[114.978,-33.8685],[114.9835,-33.882],[114.992,-33.9535],[114.981,-33.963],[115.0005,-34.016],[114.997,-34.0685],[115.004,-34.0815],[114.992,-34.1015],[115.019,-34.139],[115.0395,-34.201],[115.0245,-34.223],[115.033,-34.2375],[115.026,-34.256],[115.083,-34.3065],[115.0915,-34.321],[115.119,-34.341],[115.1375,-34.37],[115.158,-34.369],[115.171,-34.3265],[115.1605,-34.312],[115.156,-34.2795],[115.187,-34.276],[115.188,-34.29],[115.165,-34.302],[115.168,-34.321],[115.218,-34.31],[115.263,-34.307],[115.337,-34.315]]]},"properties":{"code":"50280","name":"Augusta Margaret River"}},
{"type":"Feature","geometry":{"type":"Polygon","coordinates":[[[115.9385,-31.9245],[115.9615,-31.9115],[115.9595,-31.8945],[115.9335,-31.8875],[115.929,-31.9135],[115.9385,-31.9245]]]},"properties":{"code":"50350","name":"Bassendean"}},
{"type":"Feature","geometry":{"type":"Polygon","coordinates":[[[115.8785,-31.9375],[115.885,-31.938],[115.9085,-31.941],[115.9175,-31.931],[115.9385,-31.9245],[115.929,-31.9135],[115.9335,-31.8875],[115.9155,-31.866],[115.8785,-31.868],[115.8925,-31.8905],[115.8805,-31.9085],[115.8935,-31.9195],[115.8785,-31.9375]]]},"properties":{"code":"50420","name":"Bayswater"}},
{"type":"Feature","geometry":{"type":"Polygon","coordinates":[[[115.897,-31.9525],[115.933,-31.984],[115.9785,-31.9885],[115.9875,-31.949],[115.981,-31.9435],[115.954,-31.92],[115.9355,-31.9315],[115.9175,-31.933],[115.897,-31.9525]]]},"properties":{"code":"50490","name":"Belmont"}},
{"type":"Feature","geometry":{"type":"Polygon","coordinates":[[[116.285,-32.113],[116.2855,-32.173],[116.3125,-32.171],[116.344,-32.232],[116.358,-32.2365],[116.384,-32.2365],[116.384,-32.3575],[116.5345,-32.3575],[116.666,-32.3565],[116.69,-32.3485],[116.7245,-32.3485],[116.76,-32.3335],[116.798,-32.3015],[116.819,-32.2935],[116.834,-32.258],[116.9895,-32.258],[117.014,-32.273],[117.0405,-32.2615],[117.069,-32.27],[117.0955,-32.26],[117.191,-32.2575],[117.2015,-32.24],[117.234,-32.24],[117.2395,-32.2285],[117.239,-32.198],[117.247,-32.1795],[117.238,-32.165],[117.239,-32.1195],[117.2255,-32.1195],[117.231,-32.073],[117.2275,-32.039],[117.2165,-32.036],[117.195,-32.007],[117.144,-31.982],[117.0995,-31.982],[117.0645,-31.9645],[117.0425,-31.962],[117.011,-31.9775],[116.987,-31.979],[116.9335,-31.9995],[116.9215,-31.992],[116.8115,-32.04],[116.82,-32.053],[116.756,-32.0805],[116.7395,-32.0525],[116.718,-32.062],[116.7285,-32.0795],[116.701,-32.0995],[116.71,-32.115],[116.683,-32.127],[116.6735,-32.111],[116.614,-32.112],[116.614,-32.14],[116.5095,-32.14],[116.5095,-32.112],[116.445,-32.1115],[116.4455,-32.083],[116.3925,-32.0825],[116.392,-32.0935],[116.344,-32.0935],[116.344,-32.113],[116.285,-32.113]]]},"properties":{"code":"50560","name":"Beverley"}},
{"type":"Feature","geometry":{"type":"Polygon","coordinates":[[[116.178,-32.803],[116.18,-32.943],[116.187,-32.9665],[116.209,-32.984],[116.209,-33.0305],[116.2845,-33.0305],[116.2845,-33.012],[116.3545,-33.012],[116.3545,-32.9945],[116.4095,-32.9945],[116.4125,-33.086],[116.469,-33.086],[116.469,-33.062],[116.5405,-33.058],[116.568,-33.061],[116.5675,-33.039],[116.5785,-33.0085],[116.6035,-33.0085],[116.6035,-32.9815],[116.6175,-32.9815],[116.6175,-32.908],[116.65,-32.908],[116.65,-32.847],[116.6595,-32.816],[116.6545,-32.782],[116.6255,-32.7715],[116.5905,-32.7715],[116.567,-32.7315],[116.5215,-32.689],[116.5065,-32.659],[116.4765,-32.628],[116.44,-32.574],[116.3925,-32.526],[116.3595,-32.498],[116.2595,-32.498],[116.2595,-32.6155],[116.2645,-32.675],[116.2065,-32.675],[116.206,-32.7555],[116.226,-32.756],[116.226,-32.792],[116.1875,-32.7815],[116.178,-32.803]]]},"properties":{"code":"50630","name":"Boddington"}},
{"type":"Feature","geometry":{"type":"Polygon","coordinates":[[[116.485,-34.159],[116.523,-34.1555],[116.523,-34.185],[116.506,-34.2095],[116.514,-34.226],[116.6125,-34.226],[116.6585,-34.2205],[116.667,-34.225],[116.667,-34.2575],[116.6925,-34.2545],[116.718,-34.257],[116.7875,-34.2515],[116.8405,-34.2515],[116.8425,-34.209],[116.842,-34.1405],[116.7795,-34.1115],[116.782,-34.0515],[116.7595,-34.0515],[116.745,-34.015],[116.7485,-33.9785],[116.7295,-33.981],[116.72,-33.9495],[116.7475,-33.9495],[116.7765,-33.9225],[116.7705,-33.859],[116.776,-33.833],[116.776,-33.7905],[116.7885,-33.724],[116.7665,-33.714],[116.73,-33.684],[116.697,-33.6845],[116.6875,-33.6965],[116.654,-33.7],[116.6265,-33.68],[116.574,-33.6675],[116.5325,-33.673],[116.5325,-33.659],[116.498,-33.659],[116.473,-33.624],[116.439,-33.622],[116.412,-33.6055],[116.406,-33.5835],[116.365,-33.569],[116.3115,-33.569],[116.299,-33.5525],[116.279,-33.5525],[116.197,-33.5135],[116.197,-33.5925],[116.2065,-33.5965],[116.206,-33.6465],[116.2155,-33.67],[116.216,-33.7015],[116.24,-33.7065],[116.2185,-33.735],[116.218,-33.771],[116.196,-33.781],[116.1975,-33.844],[116.211,-33.8775],[116.2435,-33.879],[116.2845,-33.896],[116.3215,-33.898],[116.3215,-33.9255],[116.336,-33.947],[116.366,-33.9655],[116.361,-34.0485],[116.3775,-34.0565],[116.406,-34.0565],[116.4055,-34.075],[116.4985,-34.0775],[116.503,-34.1215],[116.4645,-34.1215],[116.4645,-34.152],[116.485,-34.159]]]},"properties":{"code":"50770","name":"Boyup Brook"}},
{"type":"Feature","geometry":{"type":"Polygon","coordinates":[[[116.011,-34.136],[116.1455,-34.1355],[116.226,-34.129],[116.2465,-34.1315],[116.269,-34.1495],[116.2615,-34.177],[116.314,-34.177],[116.3215,-34.202],[116.419,-34.202],[116.419,-34.16],[116.485,-34.159],[116.4645,-34.152],[116.4645,-34.1215],[116.503,-34.1215],[116.4985,-34.0775],[116.4055,-34.075],[116.406,-34.0565],[116.3775,-34.0565],[116.361,-34.0485],[116.366,-33.9655],[116.336,-33.947],[116.3215,-33.9255],[116.3215,-33.898],[116.2845,-33.896],[116.2435,-33.879],[116.211,-33.8775],[116.1975,-33.844],[116.196,-33.781],[116.1005,-33.7805],[116.083,-33.801],[116,-33.8015],[116.002,-33.895],[115.9705,-33.9065],[115.9825,-33.934],[115.978,-33.9575],[115.946,-33.964],[115.946,-33.9975],[115.9795,-33.9975],[115.98,-34.0855],[116.011,-34.086],[116.011,-34.136]]]},"properties":{"code":"50840","name":"Bridgetown-Greenbushes"}},
{"type":"Feature","geometry":{"type":"Polygon","coordinates":[[[116.8235,-32.4885],[116.8415,-32.453],[116.9,-32.4525],[116.971,-32.4565],[116.99,-32.4615],[117.0475,-32.4615],[117.101,-32.4385],[117.1515,-32.431],[117.2005,-32.403],[117.206,-32.411],[117.3315,-32.404],[117.349,-32.414],[117.405,-32.414],[117.4165,-32.402],[117.462,-32.4115],[117.4655,-32.383],[117.431,-32.386],[117.431,-32.3345],[117.4165,-32.3115],[117.421,-32.2745],[117.412,-32.226],[117.4115,-32.221],[117.3165,-32.2295],[117.2395,-32.2285],[117.234,-32.24],[117.2015,-32.24],[117.191,-32.2575],[117.0955,-32.26],[117.069,-32.27],[117.0405,-32.2615],[117.014,-32.273],[116.9895,-32.258],[116.834,-32.258],[116.819,-32.2935],[116.798,-32.3015],[116.76,-32.3335],[116.7245,-32.3485],[116.69,-32.3485],[116.666,-32.3565],[116.5345,-32.3575],[116.535,-32.4865],[116.6975,-32.4865],[116.7495,-32.484],[116.776,-32.4925],[116.8235,-32.4885]]]},"properties":{"code":"50910","name":"Brookton"}},
{"type":"Feature","geometry":{"type":"MultiPolygon","coordinates":[[[[120.064,-19.9255],[120.064,-20.07],[120.4455,-20.0685],[120.4895,-20.07],[120.667,-20.07],[120.685,-19.875],[120.7865,-19.875],[120.7865,-19.9065],[121.114,-19.9065],[121.114,-19.7945],[121.423,-19.7945],[121.423,-19.827],[121.5015,-19.827],[121.503,-19.853],[121.697,-19.853],[121.697,-19.7905],[123.566,-19.794],[123.5665,-19.4955],[123.5485,-18.9985],[123.5505,-18.754],[123.4045,-18.754],[123.404,-18.6635],[123.525,-18.6635],[123.511,-18.498],[123.3465,-18.498],[123.3485,-18.272],[123.1485,-18.272],[123.1485,-17.9985],[123.1485,-17.815],[122.996,-17.815],[122.996,-17.5375],[123.165,-17.5375],[123.165,-17.4595],[123.114,-17.46],[123.114,-17.366],[123.029,-17.366],[123.029,-17.233],[123.3795,-17.234],[123.362,-17.207],[123.3445,-17.1625],[123.2905,-17.1075],[123.278,-17.0355],[123.2415,-16.987],[123.2355,-16.9705],[123.1685,-16.925],[123.1485,-16.92],[123.1505,-16.888],[123.161,-16.862],[123.158,-16.8075],[123.135,-16.7905],[123.1105,-16.784],[123.1035,-16.7455],[123.1185,-16.7315],[123.1335,-16.7375],[123.145,-16.7085],[123.115,-16.714],[123.0935,-16.7085],[123.081,-16.689],[123.0505,-16.691],[123.0385,-16.6755],[123.0325,-16.6465],[123.0385,-16.6215],[123.016,-16.612],[122.9945,-16.6195],[122.985,-16.594],[122.9585,-16.5885],[122.97,-16.5615],[123.0005,-16.527],[122.9765,-16.515],[122.9955,-16.4775],[122.984,-16.465],[123.011,-16.4525],[123.044,-16.4605],[123.056,-16.4435],[123.0365,-16.436],[123.0185,-16.409],[123.0305,-16.384],[123.022,-16.365],[122.9855,-16.3825],[122.974,-16.3955],[122.946,-16.402],[122.9255,-16.3895],[122.919,-16.411],[122.9,-16.4405],[122.898,-16.4635],[122.906,-16.4855],[122.897,-16.5],[122.869,-16.51],[122.844,-16.549],[122.791,-16.5675],[122.78,-16.579],[122.7695,-16.633],[122.742,-16.6835],[122.744,-16.7],[122.763,-16.7105],[122.7755,-16.7355],[122.791,-16.7335],[122.821,-16.7535],[122.789,-16.7635],[122.7575,-16.746],[122.7375,-16.7745],[122.714,-16.786],[122.6935,-16.777],[122.665,-16.794],[122.624,-16.798],[122.61,-16.7655],[122.581,-16.7635],[122.5775,-16.78],[122.5535,-16.8055],[122.5715,-16.8225],[122.538,-16.8315],[122.537,-16.8515],[122.552,-16.8655],[122.55,-16.8805],[122.5695,-16.9035],[122.5705,-16.9295],[122.5915,-16.955],[122.5515,-16.96],[122.5295,-16.9485],[122.52,-16.9335],[122.478,-16.908],[122.4855,-16.9375],[122.475,-16.977],[122.4485,-16.9535],[122.4245,-16.9605],[122.3635,-17.001],[122.37,-17.008],[122.3445,-17.0435],[122.304,-17.0605],[122.2835,-17.0785],[122.256,-17.1125],[122.252,-17.128],[122.279,-17.146],[122.2415,-17.1685],[122.2265,-17.1865],[122.2025,-17.2455],[122.1885,-17.2395],[122.173,-17.2635],[122.1645,-17.3295],[122.15,-17.3555],[122.1495,-17.481],[122.1425,-17.489],[122.1475,-17.537],[122.145,-17.5605],[122.175,-17.608],[122.184,-17.6675],[122.1995,-17.685],[122.199,-17.7735],[122.212,-17.853],[122.208,-17.9345],[122.203,-17.95],[122.181,-17.98],[122.205,-18.0075],[122.211,-17.989],[122.235,-17.972],[122.2475,-17.953],[122.3015,-17.9735],[122.3535,-17.976],[122.3725,-17.9935],[122.3795,-18.025],[122.381,-18.0705],[122.375,-18.1035],[122.3625,-18.1285],[122.319,-18.1655],[122.257,-18.1865],[122.241,-18.1995],[122.2145,-18.204],[122.212,-18.2235],[122.183,-18.2395],[122.172,-18.266],[122.1375,-18.3015],[122.0995,-18.315],[122.0855,-18.3265],[122.0635,-18.326],[122.046,-18.3575],[122.0175,-18.3905],[121.9825,-18.405],[121.96,-18.4285],[121.9085,-18.4615],[121.872,-18.4715],[121.854,-18.464],[121.8395,-18.4435],[121.8235,-18.447],[121.7925,-18.4825],[121.785,-18.5105],[121.765,-18.553],[121.7305,-18.5715],[121.772,-18.596],[121.787,-18.6195],[121.794,-18.6535],[121.767,-18.673],[121.749,-18.678],[121.7395,-18.6995],[121.6945,-18.7055],[121.6695,-18.719],[121.654,-18.706],[121.626,-18.7095],[121.6195,-18.7415],[121.6495,-18.7575],[121.646,-18.7995],[121.6535,-18.8085],[121.6345,-18.827],[121.622,-18.858],[121.6025,-18.869],[121.5995,-18.905],[121.578,-18.9435],[121.561,-18.955],[121.5645,-18.9695],[121.554,-18.9985],[121.5365,-19.0275],[121.511,-19.094],[121.4385,-19.202],[121.342,-19.3315],[121.2575,-19.421],[121.21,-19.4665],[121.1485,-19.514],[121.0715,-19.566],[120.9615,-19.632],[120.821,-19.687],[120.631,-19.77],[120.568,-19.786],[120.435,-19.8345],[120.384,-19.851],[120.323,-19.8755],[120.196,-19.914],[120.1295,-19.913],[120.064,-19.9255]]],[[[123.202,-16.3895],[123.1715,-16.387],[123.186,-16.433],[123.203,-16.414],[123.202,-16.3895]]]]},"properties":{"code":"50980","name":"Broome"}},
{"type":"Feature","geometry":{"type":"Polygon","coordinates":[[[117.339,-34.0885],[117.3655,-34.1105],[117.374,-34.1345],[117.398,-34.1245],[117.4275,-34.1245],[117.4375,-34.1495],[117.507,-34.149],[117.507,-34.1735],[117.5655,-34.1725],[117.5785,-34.181],[117.671,-34.1825],[117.6745,-34.1975],[117.6445,-34.2445],[117.6645,-34.2575],[117.777,-34.2565],[117.7825,-34.25],[117.84,-34.2495],[117.84,-34.258],[117.989,-34.258],[117.9885,-34.0515],[117.9775,-34.0275],[117.9165,-34.0235],[117.901,-34.016],[117.901,-33.97],[117.874,-33.96],[117.858,-33.9365],[117.8545,-33.892],[117.911,-33.881],[117.908,-33.7765],[117.799,-33.7745],[117.6125,-33.7755],[117.607,-33.7685],[117.54,-33.778],[117.5395,-33.7875],[117.461,-33.787],[117.461,-33.772],[117.4245,-33.772],[117.4,-33.7845],[117.3315,-33.7825],[117.327,-33.7825],[117.3265,-33.9205],[117.3415,-33.9255],[117.347,-33.9635],[117.345,-34.0235],[117.356,-34.0415],[117.3415,-34.0565],[117.339,-34.0885]]]},"properties":{"code":"51080","name":"Broomehill-Tambellup"}},
{"type":"Feature","geometry":{"type":"Polygon","coordinates":[[[117.6755,-32.162],[117.7935,-32.16],[117.806,-32.1495],[117.8575,-32.155],[117.9235,-32.1575],[117.928,-32.163],[117.981,-32.165],[118.017,-32.1735],[118.017,-32.192],[118.0825,-32.191],[118.078,-32.228],[118.1405,-32.2315],[118.2085,-32.231],[118.2065,-32.0995],[118.2445,-32.064],[118.268,-32.0635],[118.2635,-32.024],[118.294,-32.024],[118.294,-31.984],[118.318,-31.984],[118.317,-31.874],[118.3445,-31.8735],[118.3445,-31.8535],[118.37,-31.8535],[118.37,-31.802],[118.3785,-31.7815],[118.378,-31.6965],[118.2355,-31.6965],[118.1665,-31.71],[118.1645,-31.703],[118.113,-31.7135],[118.053,-31.72],[118.027,-31.715],[118.0195,-31.7005],[117.9815,-31.701],[117.992,-31.7085],[117.992,-31.8285],[117.879,-31.8285],[117.879,-31.8115],[117.794,-31.8115],[117.7475,-31.8165],[117.723,-31.81],[117.678,-31.8225],[117.678,-31.933],[117.694,-31.968],[117.7,-32.008],[117.702,-32.095],[117.6795,-32.095],[117.6755,-32.162]]]},"properties":{"code":"51120","name":"Bruce Rock"}},
{"type":"Feature","geometry":{"type":"Polygon","coordinates":[[[115.6095,-33.3815],[115.6305,-33.386],[115.6855,-33.3865],[115.703,-33.404],[115.703,-33.372],[115.7145,-33.36],[115.7085,-33.3285],[115.6975,-33.3095],[115.67,-33.303],[115.64,-33.3185],[115.623,-33.341],[115.6095,-33.3815]]]},"properties":{"code":"51190","name":"Bunbury"}},
{"type":"Feature","geometry":{"type":"Polygon","coordinates":[[[114.9975,-33.819],[115.0835,-33.819],[115.1745,-33.815],[115.298,-33.8185],[115.298,-33.832],[115.373,-33.829],[115.3995,-33.805],[115.647,-33.8055],[115.6695,-33.812],[115.736,-33.8115],[115.7365,-33.7965],[115.763,-33.797],[115.767,-33.701],[115.732,-33.6925],[115.7325,-33.6635],[115.717,-33.6635],[115.7015,-33.667],[115.588,-33.666],[115.583,-33.622],[115.549,-33.6025],[115.5025,-33.603],[115.4915,-33.6115],[115.4535,-33.5805],[115.4275,-33.6085],[115.368,-33.639],[115.3095,-33.654],[115.264,-33.657],[115.2075,-33.6515],[115.1235,-33.624],[115.109,-33.611],[115.1015,-33.584],[115.0535,-33.5435],[115.0355,-33.544],[115.008,-33.53],[115.006,-33.562],[115.0285,-33.634],[115.0075,-33.6595],[114.9905,-33.696],[114.975,-33.7025],[114.993,-33.7535],[115,-33.7935],[114.9975,-33.819]]]},"properties":{"code":"51260","name":"Busselton"}},
{"type":"Feature","geometry":{"type":"Polygon","coordinates":[[[115.754,-31.9515],[115.804,-31.9475],[115.8415,-31.9435],[115.844,-31.9415],[115.826,-31.9225],[115.802,-31.9325],[115.766,-31.922],[115.755,-31.908],[115.754,-31.9515]]]},"properties":{"code":"51310","name":"Cambridge"}},
{"type":"Feature","geometry":{"type":"Polygon","coordinates":[[[115.933,-31.984],[115.897,-32.0115],[115.8975,-32.0185],[115.8615,-32.046],[115.871,-32.066],[115.892,-32.082],[115.8905,-32.092],[115.916,-32.1145],[115.9145,-32.102],[115.936,-32.034],[115.977,-32.0045],[115.9785,-31.9885],[115.933,-31.984]]]},"properties":{"code":"51330","name":"Canning"}},
{"type":"Feature","geometry":{"type":"Polygon","coordinates":[[[115.6095,-33.3815],[115.587,-33.433],[115.5665,-33.4625],[115.546,-33.48],[115.4535,-33.5805],[115.4915,-33.6115],[115.5025,-33.603],[115.549,-33.6025],[115.583,-33.622],[115.588,-33.666],[115.7015,-33.667],[115.717,-33.6635],[115.7275,-33.646],[115.728,-33.5465],[115.7305,-33.5335],[115.759,-33.5335],[115.7775,-33.5215],[115.7775,-33.453],[115.738,-33.452],[115.711,-33.4265],[115.703,-33.404],[115.6855,-33.3865],[115.6305,-33.386],[115.6095,-33.3815]]]},"properties":{"code":"51400","name":"Capel"}},
{"type":"Feature","geometry":{"type":"Polygon","coordinates":[[[115.245,-29.689],[115.2095,-29.6975],[115.1025,-29.6975],[115.1025,-29.7025],[114.993,-29.702],[114.993,-29.6885],[114.9585,-29.6885],[114.958,-29.735],[114.965,-29.809],[114.981,-29.845],[114.978,-29.863],[114.9825,-29.92],[114.979,-29.9355],[115.1055,-29.935],[115.122,-29.9175],[115.144,-29.9175],[115.1345,-29.942],[115.211,-29.942],[115.256,-29.9465],[115.7275,-29.892],[115.8345,-29.892],[115.84,-29.904],[115.8975,-29.904],[115.8975,-29.8525],[115.931,-29.8525],[115.931,-29.8365],[115.9655,-29.8365],[115.987,-29.8095],[116.0055,-29.8265],[116.028,-29.823],[116.0265,-29.7875],[116.0895,-29.7875],[116.1335,-29.7815],[116.138,-29.752],[116.163,-29.749],[116.163,-29.7175],[116.144,-29.7195],[116.144,-29.6805],[116.134,-29.651],[116.106,-29.6505],[116.102,-29.55],[116.0835,-29.55],[116.0835,-29.529],[116.053,-29.516],[116.018,-29.516],[115.9925,-29.5155],[115.9925,-29.5345],[115.9185,-29.5345],[115.917,-29.5515],[115.8765,-29.5515],[115.8765,-29.5805],[115.845,-29.5805],[115.7705,-29.568],[115.76,-29.5715],[115.759,-29.6205],[115.748,-29.636],[115.749,-29.6655],[115.762,-29.6785],[115.7715,-29.7335],[115.7345,-29.7395],[115.245,-29.7395],[115.245,-29.689]]]},"properties":{"code":"51470","name":"Carnamah"}},
{"type":"Feature","geometry":{"type":"MultiPolygon","coordinates":[[[[114.254,-26.143],[114.353,-26.1435],[114.353,-25.9985],[114.758,-25.9985],[114.758,-25.941],[114.8495,-25.941],[114.8495,-25.8745],[114.9915,-25.8745],[114.9915,-25.7855],[114.9915,-25.575],[114.9445,-25.575],[114.9445,-25.349],[114.8065,-25.349],[114.8065,-25.288],[114.8965,-25.288],[114.8965,-25.207],[114.807,-25.207],[114.807,-24.967],[114.821,-24.9515],[114.821,-24.9105],[114.97,-24.9105],[114.97,-24.917],[115.0385,-24.9125],[115.1285,-24.9125],[115.1285,-24.866],[115.1675,-24.866],[115.1675,-24.7935],[115.1835,-24.7935],[115.1835,-24.6485],[115.149,-24.6485],[115.149,-24.578],[114.988,-24.5795],[114.988,-24.4555],[114.995,-24.4555],[114.995,-24.239],[115.113,-24.2375],[115.1125,-24.1225],[115.211,-24.1185],[115.2105,-24.224],[115.3855,-24.2245],[115.3845,-24.274],[115.445,-24.274],[115.445,-24.2415],[115.4625,-24.2415],[115.4625,-24.169],[115.481,-24.169],[115.481,-24.0875],[115.477,-24.0875],[115.477,-24.006],[115.405,-24.006],[115.406,-23.9105],[115.4165,-23.895],[115.429,-23.8425],[115.4175,-23.804],[115.425,-23.7995],[115.4705,-23.7995],[115.4705,-23.7785],[115.569,-23.7785],[115.569,-23.6755],[115.605,-23.6755],[115.6045,-23.5755],[115.5255,-23.5755],[115.5255,-23.487],[115.478,-23.4845],[115.478,-23.392],[115.1955,-23.392],[115.1955,-23.4525],[114.737,-23.4525],[114.7375,-23.3895],[114.632,-23.3895],[114.632,-23.22],[114.6735,-23.22],[114.673,-23.1295],[114.545,-23.1295],[114.545,-23.0735],[114.4795,-23.074],[114.4795,-23.0185],[114.5975,-23.0185],[114.5975,-23.0115],[114.5315,-22.962],[114.4795,-22.9],[114.4555,-22.8545],[114.2,-22.8545],[114.2,-22.7905],[114.0885,-22.79],[113.894,-22.791],[113.894,-22.927],[113.819,-22.927],[113.826,-22.9605],[113.82,-22.9785],[113.8295,-22.995],[113.8295,-23.031],[113.8125,-23.083],[113.77,-23.1285],[113.764,-23.179],[113.7715,-23.186],[113.7735,-23.223],[113.792,-23.284],[113.786,-23.3705],[113.7765,-23.3915],[113.7825,-23.403],[113.7795,-23.4705],[113.7655,-23.494],[113.7555,-23.526],[113.721,-23.5495],[113.702,-23.574],[113.6495,-23.601],[113.633,-23.6215],[113.613,-23.631],[113.611,-23.652],[113.5965,-23.6635],[113.591,-23.7005],[113.5675,-23.752],[113.533,-23.7735],[113.5205,-23.7965],[113.5185,-23.8315],[113.497,-23.873],[113.47,-23.8995],[113.465,-23.9225],[113.471,-23.9665],[113.4585,-24.0135],[113.4485,-24.031],[113.422,-24.045],[113.428,-24.0805],[113.4195,-24.089],[113.441,-24.1315],[113.4435,-24.1815],[113.409,-24.2235],[113.391,-24.227],[113.4055,-24.294],[113.407,-24.3505],[113.3995,-24.4115],[113.407,-24.484],[113.4535,-24.546],[113.49,-24.576],[113.5185,-24.6185],[113.5395,-24.6395],[113.6175,-24.7365],[113.629,-24.76],[113.6325,-24.7975],[113.617,-24.8575],[113.644,-24.865],[113.669,-24.902],[113.678,-24.925],[113.6615,-24.975],[113.666,-25.0225],[113.6975,-25.0865],[113.74,-25.1275],[113.7695,-25.1365],[113.8015,-25.157],[113.837,-25.21],[113.848,-25.2585],[113.8635,-25.282],[113.861,-25.296],[113.8915,-25.337],[113.891,-25.373],[113.9045,-25.395],[113.9055,-25.413],[113.941,-25.455],[113.945,-25.486],[113.9585,-25.5035],[113.9865,-25.555],[113.99,-25.59],[114.004,-25.6185],[114.021,-25.6285],[114.045,-25.669],[114.091,-25.6965],[114.1195,-25.728],[114.12,-25.7565],[114.173,-25.8075],[114.2335,-25.8755],[114.2635,-25.8835],[114.2645,-25.8965],[114.248,-25.9235],[114.247,-25.9555],[114.2585,-25.983],[114.245,-25.9925],[114.198,-25.9785],[114.1985,-26.0055],[114.209,-26.0315],[114.2395,-26.0725],[114.236,-26.118],[114.254,-26.143]]],[[[113.103,-25.172],[113.11,-25.1425],[113.1105,-25.107],[113.128,-25.06],[113.1175,-25.031],[113.1015,-25.0325],[113.0875,-25.07],[113.095,-25.121],[113.0875,-25.192],[113.069,-25.238],[113.0885,-25.24],[113.091,-25.188],[113.103,-25.172]]],[[[113.126,-24.8925],[113.1305,-24.9165],[113.1435,-24.926],[113.138,-24.87],[113.159,-24.8275],[113.1655,-24.7745],[113.151,-24.7715],[113.14,-24.7915],[113.1375,-24.822],[113.128,-24.844],[113.126,-24.8925]]],[[[113.641,-24.897],[113.644,-24.871],[113.625,-24.8765],[113.641,-24.897]]]]},"properties":{"code":"51540","name":"Carnarvon"}},
{"type":"Feature","geometry":{"type":"Polygon","coordinates":[[[114.56,-28.544],[114.5755,-28.5785],[114.602,-28.625],[114.6125,-28.6655],[114.667,-28.6725],[114.666,-28.7085],[114.6955,-28.707],[114.692,-28.727],[114.7475,-28.726],[114.7555,-28.7135],[114.7555,-28.6845],[114.7385,-28.6865],[114.739,-28.6535],[114.7845,-28.653],[114.805,-28.6445],[114.831,-28.645],[114.846,-28.6355],[114.966,-28.635],[114.966,-28.6445],[115.026,-28.6445],[115.0485,-28.6555],[115.075,-28.645],[115.0725,-28.633],[115.091,-28.6115],[115.0885,-28.597],[115.1125,-28.582],[115.123,-28.5875],[115.1425,-28.5575],[115.1695,-28.552],[115.1775,-28.504],[115.196,-28.4965],[115.203,-28.4645],[115.1935,-28.449],[115.2425,-28.4415],[115.253,-28.4665],[115.288,-28.4435],[115.282,-28.4265],[115.321,-28.4225],[115.3545,-28.4115],[115.3695,-28.39],[115.379,-28.3445],[115.429,-28.324],[115.448,-28.294],[115.442,-28.2685],[115.4485,-28.257],[115.4855,-28.229],[115.496,-28.206],[115.4385,-28.206],[115.4165,-28.2175],[115.405,-28.1965],[115.405,-28.003],[115.321,-28.002],[115.321,-27.9375],[115.355,-27.938],[115.355,-27.8975],[115.3195,-27.8975],[115.3195,-27.818],[115.2595,-27.818],[115.2595,-27.915],[115.252,-27.937],[115.195,-27.935],[115.1835,-27.9405],[115.129,-27.9375],[115.059,-27.953],[115.0575,-28.006],[115.0395,-28.024],[115.0395,-28.047],[115.021,-28.161],[114.9895,-28.1685],[114.984,-28.217],[114.7695,-28.217],[114.7695,-28.263],[114.796,-28.2755],[114.796,-28.3385],[114.782,-28.3725],[114.746,-28.3955],[114.724,-28.422],[114.724,-28.4375],[114.6875,-28.441],[114.679,-28.481],[114.6675,-28.491],[114.6325,-28.499],[114.6305,-28.5375],[114.5965,-28.5305],[114.583,-28.5205],[114.56,-28.544]]]},"properties":{"code":"51610","name":"Chapman Valley"}},
{"type":"Feature","geometry":{"type":"Polygon","coordinates":[[[115.856,-31.4745],[115.855,-31.5735],[115.8595,-31.627],[115.8835,-31.6275],[115.985,-31.6275],[115.985,-31.603],[116.0355,-31.597],[116.1505,-31.6],[116.1505,-31.5275],[116.166,-31.5275],[116.165,-31.3545],[116.2455,-31.354],[116.245,-31.2305],[116.2475,-31.1805],[116.2345,-31.178],[116.2345,-31.116],[116.2215,-31.089],[116.0485,-31.089],[116.0555,-31.1715],[116.0375,-31.228],[116.0425,-31.2725],[116.027,-31.325],[116.007,-31.3515],[115.9675,-31.3515],[115.9695,-31.379],[115.999,-31.3955],[115.999,-31.4745],[115.856,-31.4745]]]},"properties":{"code":"51680","name":"Chittering"}},
{"type":"Feature","geometry":{"type":"Polygon","coordinates":[[[105.674,-10.4155],[105.6515,-10.448],[105.6045,-10.467],[105.5655,-10.4545],[105.5545,-10.5045],[105.5845,-10.505],[105.617,-10.513],[105.634,-10.5255],[105.6375,-10.5535],[105.6485,-10.57],[105.666,-10.568],[105.6745,-10.502],[105.6955,-10.4745],[105.705,-10.473],[105.7095,-10.443],[105.7,-10.4125],[105.674,-10.4155]]]},"properties":{"code":"51710","name":"Christmas Island"}},
{"type":"Feature","geometry":{"type":"Polygon","coordinates":[[[115.767,-31.982],[115.766,-31.9935],[115.773,-31.9935],[115.787,-31.9915],[115.767,-31.982]]]},"properties":{"code":"51750","name":"Claremont"}},
{"type":"Feature","geometry":{"type":"MultiPolygon","coordinates":[[[[115.803,-32.0745],[115.751,-32.078],[115.762,-32.1055],[115.756,-32.1295],[115.766,-32.1435],[115.7635,-32.164],[115.775,-32.1815],[115.8985,-32.18],[115.8975,-32.1365],[115.916,-32.1155],[115.916,-32.1145],[115.8905,-32.092],[115.892,-32.082],[115.85,-32.0815],[115.803,-32.0745]]],[[[115.541,-31.994],[115.5115,-31.9875],[115.4935,-31.996],[115.4885,-32.0195],[115.551,-32.0125],[115.541,-31.994]]]]},"properties":{"code":"51820","name":"Cockburn"}},
{"type":"Feature","geometry":{"type":"Polygon","coordinates":[[[96.817,-12.144],[96.8215,-12.165],[96.8265,-12.161],[96.826,-12.152],[96.817,-12.144]]]},"properties":{"code":"51860","name":"Cocos Islands"}},
{"type":"Feature","geometry":{"type":"Polygon","coordinates":[[[115.919,-33.3785],[115.98,-33.4045],[116.0085,-33.4085],[116.0045,-33.363],[116.0235,-33.361],[116.0235,-33.4405],[116.064,-33.4405],[116.064,-33.485],[116.133,-33.487],[116.133,-33.5135],[116.197,-33.5135],[116.279,-33.5525],[116.299,-33.5525],[116.28,-33.5015],[116.318,-33.5015],[116.333,-33.495],[116.333,-33.473],[116.3825,-33.456],[116.3825,-33.3435],[116.389,-33.3435],[116.389,-33.3075],[116.3975,-33.2505],[116.4125,-33.195],[116.4125,-33.086],[116.4095,-32.9945],[116.3545,-32.9945],[116.3545,-33.012],[116.2845,-33.012],[116.2845,-33.0305],[116.209,-33.0305],[116.209,-33.085],[116.147,-33.085],[116.1465,-33.224],[116.145,-33.232],[116.0085,-33.232],[116.031,-33.213],[116.0135,-33.204],[115.946,-33.2225],[115.947,-33.29],[115.9185,-33.29],[115.919,-33.3785]]]},"properties":{"code":"51890","name":"Collie"}},
{"type":"Feature","geometry":{"type":"Polygon","coordinates":[[[120.0095,-31.8665],[120.2675,-31.8675],[120.5255,-31.868],[120.799,-31.868],[121.22,-31.8665],[121.5405,-31.867],[121.883,-31.8665],[122.136,-31.867],[122.3975,-31.8665],[122.399,-31.387],[122.3995,-31.1805],[122.0055,-31.1805],[121.8045,-31.1805],[121.594,-31.1815],[121.594,-31.079],[121.56,-31.079],[121.535,-31.0895],[121.535,-31.017],[121.362,-30.8065],[121.3295,-30.7725],[121.243,-30.6605],[121.0705,-30.448],[120.846,-30.448],[120.8455,-30.161],[120.5205,-30.163],[120.267,-30.1625],[120.014,-30.161],[120.0095,-31.2825],[120.0095,-31.7595],[120.0095,-31.8665]]]},"properties":{"code":"51960","name":"Coolgardie"}},
{"type":"Feature","geometry":{"type":"Polygon","coordinates":[[[115.004,-30.1445],[115.044,-30.145],[115.0375,-30.112],[115.0375,-30.0745],[115.0795,-30.0745],[115.081,-30.1065],[115.213,-30.1065],[115.217,-30.1445],[115.2345,-30.1445],[115.2345,-30.1725],[115.481,-30.173],[115.481,-30.2045],[115.5305,-30.2085],[115.588,-30.1945],[115.647,-30.1905],[115.688,-30.177],[115.766,-30.142],[115.795,-30.135],[115.795,-30.2055],[115.836,-30.1955],[115.876,-30.1955],[115.876,-30.176],[115.979,-30.176],[116.0065,-30.1785],[116.12,-30.1775],[116.152,-30.1835],[116.152,-30.2],[116.1855,-30.191],[116.2635,-30.1915],[116.2635,-30.163],[116.2955,-30.163],[116.2955,-30.186],[116.3535,-30.186],[116.3705,-30.1745],[116.371,-30.1385],[116.3535,-30.127],[116.356,-30.069],[116.3565,-29.962],[116.3225,-29.9625],[116.3225,-29.9255],[116.308,-29.8955],[116.3075,-29.86],[116.295,-29.8605],[116.29,-29.82],[116.2965,-29.8065],[116.273,-29.7915],[116.2465,-29.7915],[116.246,-29.7635],[116.217,-29.7635],[116.188,-29.773],[116.1795,-29.749],[116.163,-29.749],[116.138,-29.752],[116.1335,-29.7815],[116.0895,-29.7875],[116.0265,-29.7875],[116.028,-29.823],[116.0055,-29.8265],[115.987,-29.8095],[115.9655,-29.8365],[115.931,-29.8365],[115.931,-29.8525],[115.8975,-29.8525],[115.8975,-29.904],[115.84,-29.904],[115.8345,-29.892],[115.7275,-29.892],[115.256,-29.9465],[115.211,-29.942],[115.1345,-29.942],[115.144,-29.9175],[115.122,-29.9175],[115.1055,-29.935],[114.979,-29.9355],[114.963,-29.9735],[114.9695,-30.0075],[114.9595,-30.0495],[114.963,-30.0715],[114.9865,-30.0845],[115.004,-30.1445]]]},"properties":{"code":"52030","name":"Coorow"}},
{"type":"Feature","geometry":{"type":"Polygon","coordinates":[[[117.574,-32.541],[117.5995,-32.5555],[117.634,-32.5555],[117.6405,-32.588],[117.706,-32.5855],[117.7155,-32.593],[117.75,-32.578],[117.7695,-32.5925],[117.8245,-32.5925],[117.846,-32.6015],[117.907,-32.602],[117.907,-32.5675],[118.0155,-32.565],[118.02,-32.543],[118.019,-32.487],[118.0395,-32.487],[118.042,-32.475],[118.093,-32.475],[118.0975,-32.414],[118.146,-32.38],[118.1695,-32.3795],[118.169,-32.358],[118.2035,-32.358],[118.2035,-32.337],[118.1855,-32.3215],[118.185,-32.2815],[118.195,-32.2795],[118.195,-32.2495],[118.2085,-32.231],[118.1405,-32.2315],[118.078,-32.228],[118.0825,-32.191],[118.017,-32.192],[118.017,-32.1735],[117.981,-32.165],[117.928,-32.163],[117.9235,-32.1575],[117.8575,-32.155],[117.806,-32.1495],[117.7935,-32.16],[117.6755,-32.162],[117.633,-32.162],[117.622,-32.1885],[117.58,-32.189],[117.5435,-32.203],[117.4285,-32.201],[117.4285,-32.226],[117.412,-32.226],[117.421,-32.2745],[117.4165,-32.3115],[117.431,-32.3345],[117.431,-32.386],[117.4655,-32.383],[117.462,-32.4115],[117.471,-32.427],[117.519,-32.428],[117.5235,-32.4785],[117.5335,-32.4945],[117.5545,-32.4945],[117.573,-32.5125],[117.574,-32.541]]]},"properties":{"code":"52100","name":"Corrigin"}},
{"type":"Feature","geometry":{"type":"Polygon","coordinates":[[[115.7515,-32.016],[115.759,-32.004],[115.766,-31.9935],[115.767,-31.982],[115.753,-31.982],[115.7515,-32.016]]]},"properties":{"code":"52170","name":"Cottesloe "}},
{"type":"Feature","geometry":{"type":"Polygon","coordinates":[[[116.8425,-34.209],[116.8405,-34.2515],[116.7875,-34.2515],[116.718,-34.257],[116.6925,-34.2545],[116.692,-34.2795],[116.708,-34.279],[116.699,-34.3085],[116.6975,-34.37],[116.6775,-34.3735],[116.669,-34.419],[116.699,-34.424],[116.727,-34.4375],[116.7635,-34.4445],[116.804,-34.4765],[116.798,-34.5225],[116.786,-34.552],[116.811,-34.5795],[116.8325,-34.5745],[116.8455,-34.5245],[116.864,-34.52],[116.8665,-34.503],[116.893,-34.484],[116.8935,-34.4445],[116.95,-34.444],[116.9635,-34.4525],[117.0645,-34.4525],[117.151,-34.449],[117.151,-34.4645],[117.189,-34.4645],[117.224,-34.455],[117.224,-34.4405],[117.2655,-34.4405],[117.2665,-34.464],[117.292,-34.454],[117.3525,-34.45],[117.3525,-34.4765],[117.4225,-34.4765],[117.4225,-34.463],[117.4735,-34.4625],[117.4735,-34.438],[117.5075,-34.429],[117.5075,-34.4015],[117.606,-34.403],[117.633,-34.414],[117.679,-34.405],[117.987,-34.4055],[117.989,-34.258],[117.84,-34.258],[117.84,-34.2495],[117.7825,-34.25],[117.777,-34.2565],[117.6645,-34.2575],[117.6445,-34.2445],[117.6745,-34.1975],[117.671,-34.1825],[117.5785,-34.181],[117.5655,-34.1725],[117.507,-34.1735],[117.507,-34.149],[117.4375,-34.1495],[117.4275,-34.1245],[117.398,-34.1245],[117.374,-34.1345],[117.3655,-34.1105],[117.339,-34.0885],[117.268,-34.1025],[117.2035,-34.143],[117.1505,-34.142],[117.146,-34.1565],[117.0705,-34.1565],[117.0705,-34.184],[116.9485,-34.1835],[116.9485,-34.208],[116.916,-34.2155],[116.88,-34.209],[116.8425,-34.209]]]},"properties":{"code":"52240","name":"Cranbrook"}},
{"type":"Feature","geometry":{"type":"Polygon","coordinates":[[[116.9435,-32.761],[116.9435,-32.808],[116.9515,-32.8615],[116.9715,-32.8615],[117.018,-32.8775],[117.0665,-32.875],[117.0895,-32.8685],[117.214,-32.8715],[117.2875,-32.871],[117.3385,-32.8495],[117.381,-32.839],[117.39,-32.804],[117.361,-32.804],[117.3575,-32.74],[117.402,-32.7165],[117.387,-32.6825],[117.3805,-32.643],[117.363,-32.622],[117.322,-32.6105],[117.305,-32.5885],[117.281,-32.5935],[117.23,-32.594],[117.1765,-32.6005],[117.1655,-32.5945],[117.0865,-32.594],[117.0725,-32.5895],[117.045,-32.6045],[117.006,-32.634],[116.908,-32.6605],[116.916,-32.706],[116.934,-32.7315],[116.9435,-32.761]]]},"properties":{"code":"52310","name":"Cuballing"}},
{"type":"Feature","geometry":{"type":"Polygon","coordinates":[[[117.341,-27.687],[117.386,-27.687],[117.3855,-27.7595],[117.433,-27.7595],[117.433,-27.687],[117.567,-27.687],[117.567,-27.575],[117.591,-27.5785],[117.6745,-27.5785],[117.6745,-27.6425],[117.619,-27.6425],[117.619,-27.788],[117.684,-27.788],[117.684,-27.701],[117.8485,-27.701],[117.8485,-27.7405],[117.965,-27.7405],[117.965,-27.8255],[118.0055,-27.8255],[118.0055,-27.7635],[118.1365,-27.7635],[118.1365,-27.782],[118.202,-27.782],[118.202,-27.799],[118.3865,-27.798],[118.3865,-27.7795],[118.5565,-27.78],[118.5565,-27.761],[118.6315,-27.761],[118.6315,-27.7795],[118.7395,-27.7795],[118.7395,-27.689],[118.682,-27.689],[118.682,-27.3735],[118.8435,-27.3735],[118.8435,-27.313],[118.801,-27.313],[118.801,-27.227],[118.5755,-27.227],[118.5755,-27.14],[118.589,-27.14],[118.589,-27.016],[118.508,-27.016],[118.508,-26.999],[118.3275,-26.999],[118.3275,-26.9895],[118.158,-26.9895],[118.158,-26.9925],[117.999,-26.9925],[117.999,-26.8575],[117.9775,-26.818],[117.973,-26.776],[117.6215,-26.776],[117.6215,-26.626],[117.541,-26.626],[117.541,-26.771],[117.4115,-26.771],[117.4115,-26.7],[117.3465,-26.7],[117.3465,-26.76],[117.3265,-26.76],[117.3265,-26.805],[117.294,-26.805],[117.294,-26.9185],[117.3075,-26.9185],[117.3075,-27.194],[117.334,-27.194],[117.334,-27.265],[117.256,-27.265],[117.256,-27.294],[117.177,-27.294],[117.177,-27.4645],[117.1665,-27.4645],[117.1665,-27.6085],[117.341,-27.6085],[117.341,-27.687]]]},"properties":{"code":"52380","name":"Cue"}},
{"type":"Feature","geometry":{"type":"Polygon","coordinates":[[[116.991,-31.427],[116.991,-31.448],[116.966,-31.453],[116.8775,-31.491],[116.855,-31.4895],[116.886,-31.561],[116.9615,-31.683],[116.953,-31.703],[116.9895,-31.7615],[117.021,-31.7845],[117.0575,-31.77],[117.0755,-31.798],[117.1065,-31.8075],[117.124,-31.8],[117.134,-31.8175],[117.1855,-31.7955],[117.2285,-31.795],[117.228,-31.818],[117.2885,-31.856],[117.391,-31.814],[117.3885,-31.805],[117.384,-31.7895],[117.3595,-31.762],[117.3735,-31.736],[117.3575,-31.717],[117.3555,-31.618],[117.3395,-31.5975],[117.376,-31.5955],[117.38,-31.5455],[117.376,-31.5315],[117.376,-31.4805],[117.384,-31.4595],[117.3565,-31.459],[117.377,-31.434],[117.335,-31.4365],[117.338,-31.411],[117.319,-31.3965],[117.2905,-31.3945],[117.27,-31.4025],[117.232,-31.4025],[117.223,-31.369],[117.2085,-31.3765],[117.1575,-31.376],[117.133,-31.388],[117.0825,-31.388],[117.033,-31.4045],[117.033,-31.427],[116.991,-31.427]]]},"properties":{"code":"52450","name":"Cunderdin"}},
{"type":"Feature","geometry":{"type":"Polygon","coordinates":[[[117.502,-29.8015],[117.101,-29.8015],[117.101,-29.7735],[116.856,-29.7735],[116.856,-29.7435],[116.792,-29.7435],[116.793,-29.7895],[116.806,-29.8185],[116.8205,-29.8335],[116.84,-29.837],[116.7795,-29.8895],[116.7585,-29.8885],[116.746,-29.9075],[116.605,-29.907],[116.522,-29.904],[116.5065,-29.92],[116.45,-29.924],[116.358,-29.923],[116.3225,-29.9255],[116.3225,-29.9625],[116.3565,-29.962],[116.356,-30.069],[116.3535,-30.127],[116.371,-30.1385],[116.3705,-30.1745],[116.3535,-30.186],[116.354,-30.206],[116.297,-30.206],[116.297,-30.2435],[116.312,-30.2615],[116.3835,-30.261],[116.3835,-30.281],[116.4495,-30.2805],[116.4665,-30.2685],[116.5095,-30.2685],[116.503,-30.318],[116.5035,-30.4645],[116.5145,-30.465],[116.511,-30.5095],[116.53,-30.505],[116.6635,-30.5045],[116.7045,-30.502],[116.7325,-30.512],[116.857,-30.5115],[116.874,-30.4935],[116.911,-30.492],[116.9395,-30.4835],[116.9865,-30.4835],[116.9865,-30.492],[117.0295,-30.492],[117.0335,-30.4805],[117.0795,-30.48],[117.086,-30.4865],[117.129,-30.4885],[117.1395,-30.4825],[117.137,-30.4505],[117.2035,-30.4655],[117.2445,-30.466],[117.2495,-30.4625],[117.251,-30.2265],[117.3945,-30.2265],[117.421,-30.2175],[117.4225,-30.206],[117.5535,-30.206],[117.527,-30.155],[117.533,-30.129],[117.528,-30.085],[117.5315,-30.052],[117.522,-29.9935],[117.529,-29.9665],[117.5065,-29.95],[117.512,-29.928],[117.539,-29.9305],[117.5535,-29.943],[117.6195,-29.952],[117.637,-29.95],[117.656,-29.9345],[117.667,-29.905],[117.6655,-29.869],[117.641,-29.8475],[117.5995,-29.8505],[117.5735,-29.8675],[117.5405,-29.8685],[117.5095,-29.8845],[117.4945,-29.876],[117.49,-29.857],[117.502,-29.8015]]]},"properties":{"code":"52520","name":"Dalwallinu"}},
{"type":"Feature","geometry":{"type":"Polygon","coordinates":[[[115.2625,-30.8915],[115.424,-30.893],[115.472,-30.899],[115.4985,-30.9205],[115.5205,-30.9755],[115.692,-30.9755],[115.7375,-30.9835],[115.7965,-30.9755],[115.816,-30.9825],[115.887,-30.9755],[115.905,-31.0085],[115.952,-31.0045],[115.94,-30.98],[115.934,-30.9315],[115.934,-30.846],[115.9345,-30.71],[115.9265,-30.6555],[115.907,-30.6555],[115.907,-30.615],[115.921,-30.6135],[115.921,-30.583],[115.902,-30.583],[115.902,-30.5515],[115.8875,-30.5515],[115.8875,-30.5235],[115.902,-30.5235],[115.902,-30.4945],[115.933,-30.495],[115.933,-30.472],[115.911,-30.4575],[115.911,-30.434],[115.8985,-30.417],[115.899,-30.318],[115.876,-30.318],[115.876,-30.1955],[115.836,-30.1955],[115.795,-30.2055],[115.795,-30.135],[115.766,-30.142],[115.688,-30.177],[115.647,-30.1905],[115.588,-30.1945],[115.5305,-30.2085],[115.481,-30.2045],[115.481,-30.173],[115.2345,-30.1725],[115.2345,-30.1445],[115.217,-30.1445],[115.213,-30.1065],[115.081,-30.1065],[115.0795,-30.0745],[115.0375,-30.0745],[115.0375,-30.112],[115.044,-30.145],[115.004,-30.1445],[115.006,-30.159],[114.995,-30.187],[114.999,-30.224],[115.025,-30.235],[115.037,-30.2535],[115.0405,-30.296],[115.0205,-30.317],[115.042,-30.338],[115.0515,-30.3945],[115.051,-30.427],[115.071,-30.478],[115.0565,-30.504],[115.0755,-30.52],[115.095,-30.552],[115.0875,-30.5785],[115.1315,-30.6525],[115.152,-30.7045],[115.1885,-30.7845],[115.1895,-30.8245],[115.221,-30.834],[115.2625,-30.8915]]]},"properties":{"code":"52590","name":"Dandaragan"}},
{"type":"Feature","geometry":{"type":"Polygon","coordinates":[[[115.703,-33.404],[115.711,-33.4265],[115.738,-33.452],[115.7775,-33.453],[115.7775,-33.5215],[115.777,-33.5405],[115.815,-33.542],[115.834,-33.5145],[115.869,-33.5205],[115.867,-33.505],[115.929,-33.505],[115.95,-33.4885],[115.9735,-33.4885],[115.9735,-33.507],[116.0235,-33.5055],[116.0235,-33.4405],[116.0235,-33.361],[116.0045,-33.363],[116.0085,-33.4085],[115.98,-33.4045],[115.919,-33.3785],[115.8945,-33.3465],[115.9025,-33.327],[115.8415,-33.3185],[115.814,-33.3],[115.766,-33.296],[115.6975,-33.3095],[115.7085,-33.3285],[115.7145,-33.36],[115.703,-33.372],[115.703,-33.404]]]},"properties":{"code":"52660","name":"Dardanup"}},
{"type":"Feature","geometry":{"type":"Polygon","coordinates":[[[116.7375,-35.03],[116.7595,-35.0155],[116.7915,-35.0185],[116.863,-35.053],[116.925,-35.0635],[116.934,-35.036],[116.951,-35.0225],[116.985,-35.022],[117.0195,-35.034],[117.034,-35.025],[117.072,-35.038],[117.1005,-35.033],[117.1465,-35.056],[117.1625,-35.0295],[117.196,-35.017],[117.2475,-35.029],[117.2645,-35.0205],[117.3235,-35.044],[117.336,-34.9955],[117.358,-34.9905],[117.369,-34.9695],[117.405,-34.9735],[117.4215,-34.9845],[117.4435,-34.9715],[117.4635,-34.9705],[117.4755,-34.944],[117.4735,-34.9175],[117.488,-34.887],[117.488,-34.8305],[117.488,-34.7635],[117.474,-34.7575],[117.4245,-34.767],[117.376,-34.7695],[117.323,-34.7645],[117.323,-34.7535],[116.8425,-34.7535],[116.7995,-34.7985],[116.811,-34.8195],[116.8005,-34.8345],[116.735,-34.8715],[116.7265,-34.8885],[116.741,-34.904],[116.782,-34.9],[116.783,-34.93],[116.8225,-34.9615],[116.811,-34.9995],[116.7545,-35.0015],[116.7375,-35.03]]]},"properties":{"code":"52730","name":"Denmark"}},
{"type":"Feature","geometry":{"type":"MultiPolygon","coordinates":[[[[124.638,-15.9985],[124.634,-15.9985],[124.581,-15.9985],[124.587,-16.0115],[124.5855,-16.067],[124.589,-16.1135],[124.5635,-16.1195],[124.5285,-16.1625],[124.509,-16.155],[124.4735,-16.1095],[124.4745,-16.0755],[124.4425,-16.0755],[124.4495,-16.1205],[124.4365,-16.1635],[124.426,-16.1765],[124.3895,-16.185],[124.4,-16.2015],[124.383,-16.2275],[124.408,-16.2505],[124.394,-16.2815],[124.4055,-16.301],[124.397,-16.331],[124.4075,-16.3515],[124.4305,-16.3595],[124.453,-16.3545],[124.4645,-16.341],[124.4805,-16.3565],[124.507,-16.344],[124.571,-16.3295],[124.621,-16.336],[124.6735,-16.3505],[124.6945,-16.345],[124.715,-16.356],[124.725,-16.372],[124.7875,-16.386],[124.813,-16.4155],[124.8335,-16.4095],[124.8485,-16.4155],[124.8775,-16.41],[124.888,-16.428],[124.8385,-16.4325],[124.814,-16.426],[124.7935,-16.409],[124.751,-16.3905],[124.7035,-16.4015],[124.6245,-16.4055],[124.6115,-16.412],[124.5785,-16.413],[124.5595,-16.407],[124.4905,-16.4065],[124.4515,-16.4095],[124.4035,-16.3705],[124.4025,-16.352],[124.3875,-16.3455],[124.349,-16.389],[124.3405,-16.4245],[124.389,-16.415],[124.401,-16.425],[124.401,-16.4665],[124.43,-16.4985],[124.415,-16.5125],[124.401,-16.4975],[124.4075,-16.4785],[124.3735,-16.4425],[124.35,-16.4585],[124.3235,-16.462],[124.3315,-16.44],[124.324,-16.4185],[124.269,-16.415],[124.2565,-16.4095],[124.2335,-16.4195],[124.207,-16.394],[124.195,-16.3425],[124.175,-16.328],[124.1765,-16.3125],[124.1245,-16.2805],[124.088,-16.2725],[124.044,-16.2735],[124.021,-16.2575],[123.9905,-16.2585],[123.937,-16.231],[123.951,-16.262],[123.9725,-16.273],[123.9335,-16.297],[123.9605,-16.3305],[123.9805,-16.3475],[123.9865,-16.374],[123.975,-16.3785],[123.906,-16.335],[123.895,-16.365],[123.891,-16.3995],[123.872,-16.425],[123.857,-16.4275],[123.847,-16.407],[123.8515,-16.3715],[123.879,-16.3525],[123.86,-16.339],[123.858,-16.32],[123.8305,-16.3245],[123.812,-16.3145],[123.783,-16.284],[123.75,-16.2715],[123.777,-16.252],[123.7895,-16.232],[123.7905,-16.2005],[123.7705,-16.1705],[123.736,-16.152],[123.7135,-16.1675],[123.67,-16.1505],[123.6535,-16.1665],[123.6135,-16.1605],[123.574,-16.174],[123.5665,-16.2005],[123.5975,-16.254],[123.5705,-16.276],[123.5645,-16.298],[123.596,-16.318],[123.6245,-16.3115],[123.66,-16.314],[123.6975,-16.3375],[123.717,-16.3715],[123.6815,-16.3755],[123.6515,-16.367],[123.639,-16.3765],[123.667,-16.399],[123.6885,-16.405],[123.6935,-16.4215],[123.672,-16.435],[123.6295,-16.423],[123.602,-16.421],[123.598,-16.4055],[123.561,-16.3975],[123.546,-16.4005],[123.513,-16.424],[123.609,-16.4545],[123.6605,-16.485],[123.6575,-16.496],[123.622,-16.492],[123.5845,-16.4975],[123.6355,-16.517],[123.643,-16.53],[123.569,-16.5165],[123.501,-16.4865],[123.502,-16.504],[123.4895,-16.5165],[123.466,-16.517],[123.471,-16.5415],[123.491,-16.546],[123.4965,-16.5805],[123.519,-16.5675],[123.53,-16.5475],[123.5785,-16.55],[123.5895,-16.5385],[123.6145,-16.5535],[123.5795,-16.5945],[123.5665,-16.5865],[123.5555,-16.6125],[123.5635,-16.6295],[123.5165,-16.642],[123.5235,-16.666],[123.553,-16.664],[123.587,-16.6685],[123.635,-16.6955],[123.6445,-16.7155],[123.6875,-16.7555],[123.7115,-16.7525],[123.7175,-16.785],[123.747,-16.8305],[123.7585,-16.8375],[123.7585,-16.8685],[123.7715,-16.8915],[123.7975,-16.912],[123.832,-16.8955],[123.856,-16.8925],[123.9455,-16.8455],[123.9515,-16.8675],[123.9215,-16.8755],[123.9025,-16.8875],[123.8915,-16.907],[123.8265,-16.9585],[123.7965,-17.004],[123.818,-17.0545],[123.829,-17.1105],[123.8295,-17.1345],[123.8855,-17.1865],[123.8885,-17.2215],[123.8625,-17.2165],[123.851,-17.1945],[123.8075,-17.169],[123.775,-17.128],[123.761,-17.0875],[123.741,-17.0685],[123.7035,-17.0425],[123.6945,-17.0565],[123.66,-17.0395],[123.6585,-17.0085],[123.644,-16.998],[123.6005,-17.0105],[123.5835,-17.0335],[123.5875,-17.093],[123.6105,-17.142],[123.646,-17.184],[123.625,-17.1955],[123.619,-17.2225],[123.616,-17.2675],[123.603,-17.308],[123.603,-17.3395],[123.5945,-17.3575],[123.574,-17.367],[123.5675,-17.414],[123.58,-17.422],[123.584,-17.4735],[123.581,-17.487],[123.6,-17.5145],[123.5915,-17.5295],[123.593,-17.574],[123.5725,-17.556],[123.5775,-17.528],[123.568,-17.5085],[123.545,-17.4965],[123.5455,-17.47],[123.5145,-17.4185],[123.485,-17.3985],[123.4595,-17.3505],[123.4425,-17.3455],[123.425,-17.3255],[123.3925,-17.3165],[123.3935,-17.2755],[123.3795,-17.234],[123.029,-17.233],[123.029,-17.366],[123.114,-17.366],[123.114,-17.46],[123.165,-17.4595],[123.165,-17.5375],[122.996,-17.5375],[122.996,-17.815],[123.1485,-17.815],[123.1485,-17.9985],[123.1485,-18.272],[123.3485,-18.272],[123.3465,-18.498],[123.511,-18.498],[123.525,-18.6635],[123.404,-18.6635],[123.4045,-18.754],[123.5505,-18.754],[123.5485,-18.9985],[123.5665,-19.4955],[124.0015,-19.4985],[124.5015,-19.4985],[124.7185,-19.499],[125.0015,-19.4985],[125.5015,-19.4985],[126.0015,-19.4985],[126.002,-19.4235],[126.225,-19.4235],[126.505,-19.424],[126.505,-19.246],[126.582,-19.246],[126.582,-19.0105],[126.1855,-19.0045],[126.1205,-18.9965],[126.1215,-18.8045],[126.0805,-18.7525],[126.05,-18.765],[126.026,-18.7555],[126.026,-18.731],[126.008,-18.724],[126.011,-18.7085],[125.9565,-18.6745],[125.93,-18.62],[125.903,-18.6135],[125.991,-18.523],[126.0335,-18.4915],[126.036,-18.336],[126.0485,-18.32],[126.0975,-18.3495],[126.183,-18.323],[126.2545,-18.3965],[126.3155,-18.3965],[126.3155,-18.256],[126.3255,-18.2535],[126.3245,-18.174],[126.2825,-18.174],[126.2825,-18.0965],[126.6225,-18.0965],[126.6225,-17.779],[126.392,-17.779],[126.392,-17.633],[126.3085,-17.633],[126.3085,-17.5805],[126.132,-17.5805],[126.1435,-17.563],[126.182,-17.558],[126.1965,-17.539],[126.2285,-17.5195],[126.2215,-17.5045],[126.2555,-17.4595],[126.2895,-17.454],[126.297,-17.4865],[126.4275,-17.4865],[126.4275,-17.434],[126.5395,-17.434],[126.5395,-17.543],[126.649,-17.543],[126.649,-17.4975],[126.7005,-17.502],[126.771,-17.4815],[126.829,-17.4805],[126.8475,-17.473],[126.872,-17.4825],[126.8915,-17.477],[126.8915,-17.5495],[127.0465,-17.5495],[127.0465,-17.389],[127.247,-17.3875],[127.247,-17.2325],[127.327,-17.2325],[127.327,-17.2165],[127.413,-17.2165],[127.413,-16.998],[127.564,-16.998],[127.564,-16.8425],[127.414,-16.8425],[127.414,-16.9805],[127.3385,-16.9805],[127.3385,-17.072],[127.2195,-17.072],[127.2195,-17.108],[126.9535,-17.108],[126.9535,-16.847],[126.639,-16.847],[126.639,-16.7],[126.491,-16.7],[126.491,-16.6865],[126.2865,-16.6865],[126.3075,-16.657],[126.3085,-16.636],[126.326,-16.629],[126.03,-16.629],[126.03,-16.722],[125.9625,-16.722],[125.9625,-16.448],[125.9895,-16.448],[125.9895,-16.0805],[126.001,-16.081],[126.0015,-15.9985],[125.227,-15.9985],[125.2105,-15.953],[125.0695,-15.953],[125.1075,-15.9395],[125.1075,-15.9015],[124.9025,-15.9015],[124.9025,-15.9985],[124.638,-15.9985]]],[[[123.3635,-16.584],[123.3825,-16.602],[123.3915,-16.5825],[123.357,-16.541],[123.349,-16.5495],[123.3635,-16.584]]],[[[123.475,-16.63],[123.5055,-16.641],[123.527,-16.624],[123.4755,-16.616],[123.475,-16.63]]],[[[123.542,-17.2845],[123.554,-17.2735],[123.552,-17.2415],[123.5385,-17.242],[123.542,-17.2845]]],[[[123.458,-16.2335],[123.4735,-16.237],[123.48,-16.2615],[123.494,-16.285],[123.506,-16.2675],[123.4915,-16.259],[123.4875,-16.2245],[123.473,-16.212],[123.4485,-16.2175],[123.458,-16.2335]]],[[[124.2415,-16.3755],[124.2235,-16.381],[124.2395,-16.4025],[124.2545,-16.398],[124.2415,-16.3755]]],[[[123.8175,-16.2695],[123.8355,-16.2475],[123.8095,-16.2445],[123.8175,-16.2695]]],[[[123.7665,-16.155],[123.795,-16.1405],[123.777,-16.1255],[123.75,-16.121],[123.7065,-16.106],[123.6965,-16.115],[123.7665,-16.155]]],[[[124.0705,-16.1085],[124.0955,-16.1155],[124.1005,-16.0965],[124.072,-16.081],[124.0705,-16.1085]]],[[[123.548,-16.1],[123.551,-16.0685],[123.525,-16.062],[123.5235,-16.079],[123.5445,-16.0865],[123.548,-16.1]]]]},"properties":{"code":"52800","name":"Derby-West Kimberley"}},
{"type":"Feature","geometry":{"type":"Polygon","coordinates":[[[115.717,-33.6635],[115.7325,-33.6635],[115.732,-33.6925],[115.767,-33.701],[115.763,-33.797],[115.807,-33.7975],[115.8375,-33.791],[115.837,-33.837],[115.8175,-33.854],[115.866,-33.8555],[115.882,-33.8425],[115.902,-33.8855],[115.929,-33.8855],[115.936,-33.8975],[115.936,-33.961],[115.946,-33.964],[115.978,-33.9575],[115.9825,-33.934],[115.9705,-33.9065],[116.002,-33.895],[116,-33.8015],[116.083,-33.801],[116.1005,-33.7805],[116.196,-33.781],[116.218,-33.771],[116.2185,-33.735],[116.24,-33.7065],[116.216,-33.7015],[116.2155,-33.67],[116.206,-33.6465],[116.2065,-33.5965],[116.197,-33.5925],[116.197,-33.5135],[116.133,-33.5135],[116.133,-33.487],[116.064,-33.485],[116.064,-33.4405],[116.0235,-33.4405],[116.0235,-33.5055],[115.9735,-33.507],[115.9735,-33.4885],[115.95,-33.4885],[115.929,-33.505],[115.867,-33.505],[115.869,-33.5205],[115.834,-33.5145],[115.815,-33.542],[115.777,-33.5405],[115.7775,-33.5215],[115.759,-33.5335],[115.7305,-33.5335],[115.728,-33.5465],[115.7275,-33.646],[115.717,-33.6635]]]},"properties":{"code":"52870","name":"Donnybrook-Balingup"}},
{"type":"Feature","geometry":{"type":"Polygon","coordinates":[[[116.991,-31.427],[117.033,-31.427],[117.033,-31.4045],[117.0825,-31.388],[117.133,-31.388],[117.1575,-31.376],[117.2085,-31.3765],[117.223,-31.369],[117.232,-31.4025],[117.27,-31.4025],[117.28,-31.3275],[117.254,-31.288],[117.2665,-31.2495],[117.268,-31.1995],[117.2395,-31.1895],[117.2395,-31.147],[117.2485,-31.102],[117.248,-31.002],[117.278,-31.002],[117.278,-30.933],[117.273,-30.867],[117.2745,-30.8065],[117.211,-30.8015],[117.036,-30.801],[117.0355,-30.8655],[117.008,-30.8655],[117.008,-30.925],[116.967,-30.925],[116.9545,-30.938],[116.95,-30.9605],[116.95,-30.9955],[116.941,-31.008],[116.9395,-31.0385],[116.9465,-31.0525],[116.9515,-31.1],[116.931,-31.1185],[116.966,-31.185],[116.937,-31.185],[116.9335,-31.2315],[116.938,-31.2635],[116.9495,-31.2615],[116.95,-31.309],[116.9755,-31.3385],[116.977,-31.4085],[116.991,-31.427]]]},"properties":{"code":"52940","name":"Dowerin"}},
{"type":"Feature","geometry":{"type":"Polygon","coordinates":[[[117.633,-33.402],[117.6645,-33.41],[117.6645,-33.4335],[117.6915,-33.434],[117.691,-33.4585],[117.674,-33.4645],[117.6775,-33.483],[117.741,-33.483],[117.752,-33.4785],[117.856,-33.4785],[117.875,-33.464],[117.9075,-33.4655],[117.93,-33.471],[117.931,-33.4085],[117.9665,-33.402],[117.9675,-33.3695],[118.006,-33.3695],[118.0455,-33.3525],[118.0455,-33.368],[118.119,-33.368],[118.159,-33.361],[118.2075,-33.361],[118.245,-33.368],[118.2435,-33.3385],[118.267,-33.325],[118.3545,-33.316],[118.3535,-33.28],[118.34,-33.265],[118.32,-33.265],[118.3025,-33.251],[118.274,-33.251],[118.274,-33.1785],[118.2845,-33.1575],[118.276,-33.113],[118.26,-33.113],[118.2595,-33.0885],[118.276,-33.0515],[118.2785,-32.953],[118.2195,-32.95],[118.22,-32.9875],[118.166,-32.9805],[118.097,-32.9805],[118.0615,-32.989],[118.0565,-33.029],[118.0215,-33.0425],[117.914,-33.0445],[117.8905,-33.0585],[117.886,-33.086],[117.8725,-33.099],[117.8385,-33.103],[117.8115,-33.089],[117.814,-33.046],[117.7245,-33.048],[117.688,-33.0435],[117.686,-33.1005],[117.6635,-33.104],[117.6635,-33.1385],[117.649,-33.1425],[117.649,-33.1705],[117.6405,-33.2095],[117.6485,-33.2655],[117.662,-33.288],[117.6395,-33.291],[117.6205,-33.314],[117.6465,-33.3505],[117.633,-33.402]]]},"properties":{"code":"53010","name":"Dumbleyung"}},
{"type":"Feature","geometry":{"type":"Polygon","coordinates":[[[124.2135,-33.04],[124.2355,-33.02],[124.3055,-32.981],[124.3545,-32.96],[124.4585,-32.9355],[124.6165,-32.919],[124.7485,-32.8985],[124.8205,-32.87],[124.844,-32.8545],[124.877,-32.843],[124.9,-32.8285],[124.928,-32.794],[124.958,-32.775],[125.0055,-32.754],[125.026,-32.729],[125.1025,-32.7155],[125.1225,-32.7015],[125.24,-32.639],[125.2935,-32.616],[125.3685,-32.5925],[125.419,-32.588],[125.473,-32.57],[125.482,-32.5615],[125.532,-32.549],[125.557,-32.536],[125.615,-32.4905],[125.643,-32.4755],[125.6795,-32.444],[125.7005,-32.433],[125.801,-32.3665],[125.8575,-32.3395],[125.951,-32.2905],[126.037,-32.2685],[126.0745,-32.2765],[126.114,-32.2645],[126.154,-32.2405],[126.203,-32.2325],[126.229,-32.2355],[126.2765,-32.2505],[126.344,-32.2625],[126.4005,-32.28],[126.556,-32.3],[126.5965,-32.301],[126.673,-32.3085],[126.7305,-32.306],[126.7725,-32.2925],[126.8475,-32.298],[126.9455,-32.2985],[127.057,-32.284],[127.169,-32.276],[127.2135,-32.2765],[127.238,-32.2695],[127.326,-32.2565],[127.3445,-32.2485],[127.482,-32.2165],[127.519,-32.214],[127.5485,-32.191],[127.5855,-32.175],[127.62,-32.1675],[127.64,-32.156],[127.7055,-32.1365],[127.7895,-32.119],[127.879,-32.1025],[127.903,-32.101],[128.054,-32.0645],[128.1465,-32.0305],[128.2805,-31.991],[128.411,-31.938],[128.4355,-31.935],[128.53,-31.892],[128.5435,-31.8815],[128.59,-31.8715],[128.5965,-31.863],[128.6425,-31.851],[128.6615,-31.834],[128.7065,-31.8085],[128.7545,-31.7875],[128.8035,-31.758],[128.8515,-31.7395],[128.8965,-31.717],[128.963,-31.694],[129.002,-31.687],[129.002,-31.3605],[128.0585,-31.3605],[128.0585,-31.213],[127.758,-31.213],[127.758,-31.2325],[127.4395,-31.2325],[127.4395,-31.266],[127.167,-31.266],[127.167,-31.3795],[126.8195,-31.381],[126.573,-31.3815],[126.237,-31.3815],[126.0015,-31.381],[125.609,-31.3795],[125.609,-31.4105],[125.0915,-31.4105],[125.0915,-31.3795],[124.5175,-31.3845],[124.0085,-31.387],[123.5805,-31.3875],[123.4175,-31.3875],[123.0075,-31.388],[122.698,-31.388],[122.399,-31.387],[122.3975,-31.8665],[122.136,-31.867],[121.883,-31.8665],[121.5405,-31.867],[121.22,-31.8665],[120.799,-31.868],[120.5255,-31.868],[120.2675,-31.8675],[120.0095,-31.8665],[120.0095,-32.2035],[120.0095,-32.765],[120.287,-32.7655],[120.554,-32.765],[120.554,-32.569],[120.7555,-32.57],[120.768,-32.5645],[121.0015,-32.5645],[121.312,-32.569],[121.521,-32.569],[121.9035,-32.569],[122.0015,-32.5645],[122.5015,-32.5645],[123.4865,-32.5645],[123.4865,-32.698],[123.452,-32.698],[123.452,-32.8875],[124.213,-32.8865],[124.2135,-33.04]]]},"properties":{"code":"53080","name":"Dundas"}},
{"type":"Feature","geometry":{"type":"Polygon","coordinates":[[[115.758,-32.041],[115.7765,-32.047],[115.776,-32.029],[115.758,-32.041]]]},"properties":{"code":"53150","name":"East Fremantle"}},
{"type":"Feature","geometry":{"type":"Polygon","coordinates":[[[118.6975,-21.9605],[118.6975,-22.0355],[118.7265,-22.0355],[118.7265,-22.0505],[118.8095,-22.0505],[118.8095,-22.056],[118.9875,-22.056],[118.9875,-22.066],[119.2315,-22.066],[119.2315,-22.175],[119.18,-22.175],[119.18,-22.207],[119.379,-22.207],[119.3975,-22.2195],[119.3975,-22.2935],[119.427,-22.2935],[119.427,-22.3655],[119.1925,-22.3655],[119.1245,-22.3635],[119.1245,-22.3905],[118.862,-22.3905],[118.862,-22.3635],[118.7585,-22.3635],[118.7585,-22.432],[118.862,-22.432],[118.862,-22.4655],[119.0125,-22.4655],[119.0125,-22.546],[119.1245,-22.546],[119.1245,-22.697],[118.836,-22.697],[118.7525,-22.849],[118.5785,-23.164],[118.426,-23.4405],[118.8185,-23.4405],[118.8185,-23.419],[118.8835,-23.419],[118.8835,-23.4405],[119.2035,-23.4415],[119.642,-23.4425],[119.9015,-23.443],[120.2435,-23.4425],[120.4685,-23.442],[120.7915,-23.4405],[120.7785,-23.5035],[120.7705,-23.589],[120.7615,-23.609],[120.671,-23.728],[121.005,-23.728],[121.005,-23.4405],[121.359,-23.4405],[121.7495,-23.441],[121.9845,-23.441],[122.239,-23.441],[122.484,-23.44],[122.767,-23.442],[123.1775,-23.4435],[123.5785,-23.444],[123.847,-23.444],[124.1255,-23.443],[124.3895,-23.442],[124.668,-23.4405],[125.0395,-23.4435],[125.489,-23.4465],[126.0015,-23.449],[127.816,-23.4405],[128.484,-23.4415],[129.0005,-23.4405],[129.0005,-23.021],[129.0005,-22.247],[129.0005,-21.8665],[129.0005,-21.232],[126.0015,-21.232],[126.0015,-19.9985],[126.0015,-19.4985],[125.5015,-19.4985],[125.0015,-19.4985],[124.7185,-19.499],[124.5015,-19.4985],[124.0015,-19.4985],[123.5665,-19.4955],[123.566,-19.794],[121.697,-19.7905],[121.697,-19.853],[121.503,-19.853],[121.5015,-19.827],[121.423,-19.827],[121.423,-19.7945],[121.114,-19.7945],[121.114,-19.9065],[120.7865,-19.9065],[120.7865,-19.875],[120.685,-19.875],[120.667,-20.07],[120.4895,-20.07],[120.4455,-20.0685],[120.064,-20.07],[120.064,-19.9255],[120.01,-19.9335],[119.973,-19.933],[119.9025,-19.949],[119.8405,-19.969],[119.7725,-19.9715],[119.745,-19.9665],[119.7425,-20.013],[119.7075,-20.0255],[119.702,-19.9955],[119.68,-20.0045],[119.672,-20.0325],[119.6225,-20.063],[119.5745,-20.0755],[119.512,-20.046],[119.512,-20.365],[119.391,-20.365],[119.391,-20.583],[119.1845,-20.583],[119.1845,-20.59],[118.988,-20.59],[118.994,-20.6325],[118.9155,-20.6325],[118.9155,-20.812],[118.82,-20.812],[118.82,-20.8565],[118.8285,-20.8565],[118.828,-20.915],[118.697,-20.9145],[118.697,-21.133],[118.801,-21.133],[118.8155,-21.1385],[118.835,-21.163],[118.8375,-21.2185],[118.8325,-21.24],[118.8925,-21.373],[119.0625,-21.373],[119.0625,-21.489],[119.057,-21.489],[119.057,-21.569],[119.1225,-21.569],[119.1225,-21.6655],[119.181,-21.6655],[119.181,-21.824],[119.0625,-21.824],[119.0625,-21.9115],[119.0005,-21.9115],[119.0005,-21.962],[119.0105,-21.981],[119.01,-22.0015],[118.7475,-22.0015],[118.7475,-21.9605],[118.6975,-21.9605]]]},"properties":{"code":"53220","name":"East Pilbara"}},
{"type":"Feature","geometry":{"type":"MultiPolygon","coordinates":[[[[120.7885,-33.8865],[120.807,-33.889],[120.8685,-33.856],[120.917,-33.866],[120.94,-33.8625],[121.0085,-33.871],[121.014,-33.861],[121.049,-33.857],[121.078,-33.862],[121.0925,-33.8485],[121.1235,-33.8505],[121.1585,-33.865],[121.1805,-33.866],[121.1985,-33.8445],[121.2225,-33.8425],[121.269,-33.8505],[121.2965,-33.84],[121.3165,-33.8215],[121.3485,-33.828],[121.3615,-33.8155],[121.4355,-33.82],[121.4835,-33.828],[121.505,-33.8395],[121.5315,-33.8255],[121.5855,-33.845],[121.633,-33.873],[121.662,-33.884],[121.678,-33.8625],[121.701,-33.8625],[121.7425,-33.878],[121.786,-33.908],[121.836,-33.887],[121.8875,-33.8825],[121.9025,-33.847],[121.9335,-33.8345],[121.9695,-33.8365],[121.988,-33.8285],[122.031,-33.845],[122.0855,-33.903],[122.119,-33.98],[122.11,-33.9925],[122.1135,-34.017],[122.1965,-34.007],[122.2245,-33.995],[122.2495,-34.0045],[122.2805,-33.99],[122.268,-33.968],[122.288,-33.949],[122.359,-33.9145],[122.3995,-33.912],[122.4445,-33.919],[122.5065,-33.9405],[122.5575,-33.9365],[122.577,-33.952],[122.5905,-33.944],[122.58,-33.9195],[122.6005,-33.9005],[122.655,-33.889],[122.735,-33.892],[122.7675,-33.878],[122.8125,-33.8895],[122.8305,-33.9095],[122.9055,-33.889],[122.9655,-33.889],[123.006,-33.8815],[123.017,-33.858],[123.066,-33.865],[123.1265,-33.8975],[123.161,-33.946],[123.1585,-33.976],[123.1795,-34.0125],[123.2275,-33.989],[123.2555,-33.996],[123.2755,-33.976],[123.2925,-33.974],[123.3265,-33.935],[123.3305,-33.919],[123.3585,-33.899],[123.4125,-33.894],[123.487,-33.9105],[123.5085,-33.923],[123.512,-33.9425],[123.547,-33.935],[123.5605,-33.9025],[123.59,-33.881],[123.6335,-33.8795],[123.6565,-33.847],[123.692,-33.832],[123.7175,-33.8125],[123.7445,-33.808],[123.7555,-33.793],[123.747,-33.7745],[123.757,-33.723],[123.7745,-33.698],[123.81,-33.665],[123.8725,-33.634],[123.8685,-33.6085],[123.8925,-33.5915],[123.9285,-33.587],[123.962,-33.57],[123.98,-33.5495],[123.9865,-33.4795],[123.999,-33.4235],[124.0335,-33.3395],[124.0525,-33.3065],[124.0815,-33.242],[124.101,-33.176],[124.1235,-33.135],[124.1695,-33.08],[124.2135,-33.04],[124.213,-32.8865],[123.452,-32.8875],[123.452,-32.698],[123.4865,-32.698],[123.4865,-32.5645],[122.5015,-32.5645],[122.0015,-32.5645],[121.9035,-32.569],[121.521,-32.569],[121.312,-32.569],[121.0015,-32.5645],[120.768,-32.5645],[120.7555,-32.57],[120.554,-32.569],[120.554,-32.765],[120.5815,-32.765],[120.426,-32.8785],[120.353,-32.9295],[120.3335,-32.9505],[120.3205,-32.948],[120.255,-32.995],[120.217,-33.075],[120.0855,-33.079],[120.1275,-33.107],[120.21,-33.149],[120.245,-33.161],[120.2805,-33.1625],[120.3925,-33.203],[120.4495,-33.2135],[120.5105,-33.244],[120.603,-33.23],[120.665,-33.215],[120.7245,-33.222],[120.75,-33.246],[120.772,-33.2545],[120.7715,-33.369],[120.78,-33.4055],[120.745,-33.4215],[120.7655,-33.4535],[120.7885,-33.518],[120.8155,-33.56],[120.8265,-33.5865],[120.8235,-33.6095],[120.831,-33.6295],[120.8545,-33.6575],[120.8715,-33.723],[120.856,-33.741],[120.859,-33.7615],[120.819,-33.8065],[120.796,-33.811],[120.7885,-33.8865]]],[[[123.2055,-34.1165],[123.2015,-34.093],[123.174,-34.09],[123.1575,-34.1105],[123.202,-34.1085],[123.2055,-34.1165]]]]},"properties":{"code":"53290","name":"Esperance"}},
{"type":"Feature","geometry":{"type":"Polygon","coordinates":[[[113.819,-22.927],[113.894,-22.927],[113.894,-22.791],[114.0885,-22.79],[114.2,-22.7905],[114.2,-22.8545],[114.4555,-22.8545],[114.4795,-22.9],[114.5315,-22.962],[114.5975,-23.0115],[114.5975,-22.969],[114.645,-22.969],[114.6615,-22.933],[114.7095,-22.933],[114.7095,-22.906],[114.6715,-22.906],[114.6815,-22.857],[114.7015,-22.801],[114.7245,-22.763],[114.754,-22.7055],[114.754,-22.668],[114.6365,-22.668],[114.637,-22.5045],[114.5585,-22.5045],[114.559,-22.278],[114.432,-22.278],[114.41,-22.325],[114.41,-22.35],[114.401,-22.36],[114.3895,-22.405],[114.393,-22.4225],[114.3815,-22.4455],[114.392,-22.457],[114.381,-22.481],[114.3575,-22.4945],[114.319,-22.489],[114.3225,-22.463],[114.309,-22.435],[114.2825,-22.434],[114.262,-22.4405],[114.227,-22.471],[114.2185,-22.497],[114.182,-22.523],[114.149,-22.5175],[114.122,-22.4745],[114.1285,-22.4415],[114.123,-22.413],[114.146,-22.3905],[114.1595,-22.367],[114.1825,-22.3435],[114.174,-22.321],[114.1775,-22.303],[114.1545,-22.301],[114.1265,-22.314],[114.1235,-22.2815],[114.133,-22.2615],[114.116,-22.244],[114.1135,-22.225],[114.085,-22.1915],[114.0805,-22.156],[114.102,-22.074],[114.1155,-22.0455],[114.1315,-21.974],[114.139,-21.957],[114.139,-21.921],[114.149,-21.8665],[114.1795,-21.823],[114.191,-21.8145],[114.16,-21.7865],[114.137,-21.803],[114.109,-21.8035],[114.0785,-21.816],[113.995,-21.8755],[113.992,-21.89],[113.9695,-21.92],[113.9645,-21.937],[113.9335,-21.973],[113.925,-22.007],[113.8915,-22.089],[113.882,-22.124],[113.867,-22.151],[113.847,-22.225],[113.836,-22.2415],[113.833,-22.2745],[113.821,-22.306],[113.7955,-22.353],[113.7655,-22.3845],[113.7495,-22.4085],[113.745,-22.452],[113.7165,-22.5125],[113.697,-22.538],[113.6655,-22.55],[113.654,-22.5835],[113.6735,-22.597],[113.668,-22.626],[113.6865,-22.67],[113.671,-22.701],[113.6765,-22.723],[113.7095,-22.7155],[113.7405,-22.7385],[113.7715,-22.7855],[113.7775,-22.811],[113.794,-22.8425],[113.802,-22.8885],[113.8175,-22.9095],[113.819,-22.927]]]},"properties":{"code":"53360","name":"Exmouth"}},
{"type":"Feature","geometry":{"type":"Polygon","coordinates":[[[115.751,-32.078],[115.803,-32.0745],[115.803,-32.0565],[115.7765,-32.047],[115.758,-32.041],[115.7425,-32.0525],[115.751,-32.078]]]},"properties":{"code":"53430","name":"Fremantle"}},
{"type":"Feature","geometry":{"type":"Polygon","coordinates":[[[115.5605,-31.455],[115.67,-31.455],[115.6785,-31.477],[115.856,-31.4745],[115.999,-31.4745],[115.999,-31.3955],[115.9695,-31.379],[115.9675,-31.3515],[116.007,-31.3515],[116.027,-31.325],[116.0425,-31.2725],[116.0375,-31.228],[116.0555,-31.1715],[116.0485,-31.089],[116.0455,-31.0605],[115.952,-31.0605],[115.952,-31.0045],[115.905,-31.0085],[115.887,-30.9755],[115.816,-30.9825],[115.7965,-30.9755],[115.7375,-30.9835],[115.692,-30.9755],[115.5205,-30.9755],[115.4985,-30.9205],[115.472,-30.899],[115.424,-30.893],[115.2625,-30.8915],[115.2765,-30.9185],[115.3135,-30.975],[115.3325,-31.03],[115.3835,-31.122],[115.399,-31.1795],[115.424,-31.23],[115.4405,-31.2765],[115.5035,-31.363],[115.514,-31.3715],[115.5505,-31.4275],[115.5605,-31.455]]]},"properties":{"code":"53570","name":"Gingin"}},
{"type":"Feature","geometry":{"type":"Polygon","coordinates":[[[117.989,-34.258],[117.987,-34.4055],[118.4105,-34.405],[118.411,-34.3905],[118.374,-34.383],[118.393,-34.348],[118.3925,-34.318],[118.4115,-34.2955],[118.4365,-34.2895],[118.485,-34.304],[118.5095,-34.306],[118.535,-34.3265],[118.6045,-34.357],[118.6535,-34.337],[118.6485,-34.324],[118.6115,-34.319],[118.6115,-34.2935],[118.633,-34.2515],[118.6305,-34.24],[118.6445,-34.2105],[118.611,-34.195],[118.6155,-34.152],[118.6385,-34.134],[118.6515,-34.1],[118.654,-34.074],[118.6535,-33.954],[118.6115,-33.9545],[118.6115,-33.92],[118.635,-33.924],[118.7425,-33.83],[118.7175,-33.8275],[118.7175,-33.8045],[118.694,-33.8045],[118.694,-33.7765],[118.541,-33.777],[118.524,-33.7865],[118.4485,-33.785],[118.429,-33.781],[118.3645,-33.781],[118.3645,-33.7725],[118.2945,-33.772],[118.2945,-33.779],[118.2335,-33.779],[118.2335,-33.797],[118.1715,-33.7955],[118.1715,-33.7805],[118.076,-33.778],[118.055,-33.7715],[117.971,-33.7675],[117.9465,-33.777],[117.908,-33.7765],[117.911,-33.881],[117.8545,-33.892],[117.858,-33.9365],[117.874,-33.96],[117.901,-33.97],[117.901,-34.016],[117.9165,-34.0235],[117.9775,-34.0275],[117.9885,-34.0515],[117.989,-34.258]]]},"properties":{"code":"53640","name":"Gnowangerup"}},
{"type":"Feature","geometry":{"type":"Polygon","coordinates":[[[116.6255,-31.2735],[116.598,-31.395],[116.5985,-31.4365],[116.604,-31.4555],[116.595,-31.4955],[116.6,-31.508],[116.6505,-31.488],[116.7055,-31.499],[116.7315,-31.489],[116.7625,-31.504],[116.819,-31.4845],[116.829,-31.5025],[116.855,-31.4895],[116.8775,-31.491],[116.966,-31.453],[116.991,-31.448],[116.991,-31.427],[116.977,-31.4085],[116.9755,-31.3385],[116.95,-31.309],[116.9495,-31.2615],[116.938,-31.2635],[116.9335,-31.2315],[116.937,-31.185],[116.966,-31.185],[116.931,-31.1185],[116.9515,-31.1],[116.9465,-31.0525],[116.9395,-31.0385],[116.941,-31.008],[116.95,-30.9955],[116.95,-30.9605],[116.9115,-30.96],[116.861,-30.9735],[116.7925,-30.974],[116.7495,-30.994],[116.7205,-31.0015],[116.6975,-30.9905],[116.6825,-31.005],[116.646,-31.012],[116.6005,-31.0125],[116.613,-31.0375],[116.6165,-31.1605],[116.6015,-31.1605],[116.637,-31.221],[116.6255,-31.2735]]]},"properties":{"code":"53710","name":"Goomalling"}},
{"type":"Feature","geometry":{"type":"Polygon","coordinates":[[[115.916,-32.1145],[115.916,-32.1155],[115.931,-32.1005],[115.961,-32.127],[115.974,-32.1235],[116.008,-32.0935],[116.0745,-32.098],[116.0895,-32.085],[116.0685,-32.073],[116.033,-32.023],[116.0025,-32.0235],[115.977,-32.0045],[115.936,-32.034],[115.9145,-32.102],[115.916,-32.1145]]]},"properties":{"code":"53780","name":"Gosnells"}},
{"type":"Feature","geometry":{"type":"MultiPolygon","coordinates":[[[[114.6125,-28.6655],[114.606,-28.6875],[114.62,-28.7275],[114.6145,-28.7625],[114.606,-28.774],[114.6285,-28.8305],[114.624,-28.8435],[114.644,-28.886],[114.687,-28.9325],[114.784,-29.019],[114.8265,-29.062],[114.8685,-29.0245],[114.884,-29.019],[115.0965,-29.019],[115.141,-29.0165],[115.141,-28.9945],[115.182,-28.9945],[115.206,-28.979],[115.206,-29.0105],[115.2645,-29.0105],[115.2645,-29.0005],[115.3405,-29.0005],[115.3405,-28.948],[115.3735,-28.948],[115.3735,-28.917],[115.5935,-28.917],[115.5935,-28.9495],[115.604,-28.966],[115.622,-28.966],[115.636,-28.9375],[115.636,-28.86],[115.686,-28.86],[115.686,-28.8515],[115.8115,-28.8515],[115.8115,-28.839],[115.8845,-28.839],[115.8845,-28.8025],[115.925,-28.8025],[115.925,-28.7845],[115.958,-28.7845],[115.958,-28.7565],[115.991,-28.7565],[115.991,-28.7265],[116.052,-28.726],[116.052,-28.7565],[116.0815,-28.7585],[116.084,-28.7975],[116.2305,-28.797],[116.2305,-28.7155],[116.1685,-28.7155],[116.1685,-28.6035],[116.2305,-28.6035],[116.2595,-28.596],[116.2595,-28.4915],[116.227,-28.4915],[116.227,-28.332],[116.1695,-28.332],[116.1695,-28.253],[116.047,-28.253],[116.047,-28.2875],[115.958,-28.2875],[115.958,-28.334],[115.932,-28.334],[115.932,-28.361],[115.996,-28.361],[115.996,-28.434],[115.8385,-28.4345],[115.8085,-28.4285],[115.8085,-28.0225],[115.854,-28.0225],[115.854,-28.066],[115.9105,-28.066],[115.9105,-27.9925],[115.8925,-27.9925],[115.8925,-27.9375],[115.734,-27.9335],[115.7265,-27.9295],[115.5655,-27.929],[115.5345,-27.939],[115.3785,-27.938],[115.3785,-27.818],[115.329,-27.818],[115.3195,-27.818],[115.3195,-27.8975],[115.355,-27.8975],[115.355,-27.938],[115.321,-27.9375],[115.321,-28.002],[115.405,-28.003],[115.405,-28.1965],[115.4165,-28.2175],[115.4385,-28.206],[115.496,-28.206],[115.4855,-28.229],[115.4485,-28.257],[115.442,-28.2685],[115.448,-28.294],[115.429,-28.324],[115.379,-28.3445],[115.3695,-28.39],[115.3545,-28.4115],[115.321,-28.4225],[115.282,-28.4265],[115.288,-28.4435],[115.253,-28.4665],[115.2425,-28.4415],[115.1935,-28.449],[115.203,-28.4645],[115.196,-28.4965],[115.1775,-28.504],[115.1695,-28.552],[115.1425,-28.5575],[115.123,-28.5875],[115.1125,-28.582],[115.0885,-28.597],[115.091,-28.6115],[115.0725,-28.633],[115.075,-28.645],[115.0485,-28.6555],[115.026,-28.6445],[114.966,-28.6445],[114.966,-28.635],[114.846,-28.6355],[114.831,-28.645],[114.805,-28.6445],[114.7845,-28.653],[114.739,-28.6535],[114.7385,-28.6865],[114.7555,-28.6845],[114.7555,-28.7135],[114.7475,-28.726],[114.692,-28.727],[114.6955,-28.707],[114.666,-28.7085],[114.667,-28.6725],[114.6125,-28.6655]]],[[[113.686,-28.4825],[113.706,-28.4605],[113.6835,-28.4555],[113.686,-28.4825]]]]},"properties":{"code":"53800","name":"Greater Geraldton"}},
{"type":"Feature","geometry":{"type":"Polygon","coordinates":[[[126.0015,-19.4985],[126.0015,-19.9985],[126.0015,-21.232],[129.0005,-21.232],[129.0005,-18.6825],[129.0005,-16.9795],[128.7125,-16.9795],[128.6975,-16.9235],[128.479,-16.9235],[128.479,-16.996],[128.243,-16.996],[128.243,-16.9235],[128.2025,-16.9235],[128.2025,-17.0485],[128.1355,-17.0485],[128.1355,-17.054],[127.859,-17.054],[127.859,-17.17],[127.8215,-17.17],[127.8215,-17.232],[127.713,-17.232],[127.713,-17.2845],[127.815,-17.2845],[127.8145,-17.3365],[127.652,-17.3365],[127.652,-17.232],[127.6305,-17.232],[127.6305,-17.1495],[127.6215,-17.1495],[127.6215,-17.076],[127.7155,-17.076],[127.7155,-16.7695],[127.564,-16.7695],[127.564,-16.8425],[127.564,-16.998],[127.413,-16.998],[127.413,-17.2165],[127.327,-17.2165],[127.327,-17.2325],[127.247,-17.2325],[127.247,-17.3875],[127.0465,-17.389],[127.0465,-17.5495],[126.8915,-17.5495],[126.8915,-17.477],[126.872,-17.4825],[126.8475,-17.473],[126.829,-17.4805],[126.771,-17.4815],[126.7005,-17.502],[126.649,-17.4975],[126.649,-17.543],[126.5395,-17.543],[126.5395,-17.434],[126.4275,-17.434],[126.4275,-17.4865],[126.297,-17.4865],[126.2895,-17.454],[126.2555,-17.4595],[126.2215,-17.5045],[126.2285,-17.5195],[126.1965,-17.539],[126.182,-17.558],[126.1435,-17.563],[126.132,-17.5805],[126.3085,-17.5805],[126.3085,-17.633],[126.392,-17.633],[126.392,-17.779],[126.6225,-17.779],[126.6225,-18.0965],[126.2825,-18.0965],[126.2825,-18.174],[126.3245,-18.174],[126.3255,-18.2535],[126.3155,-18.256],[126.3155,-18.3965],[126.2545,-18.3965],[126.183,-18.323],[126.0975,-18.3495],[126.0485,-18.32],[126.036,-18.336],[126.0335,-18.4915],[125.991,-18.523],[125.903,-18.6135],[125.93,-18.62],[125.9565,-18.6745],[126.011,-18.7085],[126.008,-18.724],[126.026,-18.731],[126.026,-18.7555],[126.05,-18.765],[126.0805,-18.7525],[126.1215,-18.8045],[126.1205,-18.9965],[126.1855,-19.0045],[126.582,-19.0105],[126.582,-19.246],[126.505,-19.246],[126.505,-19.424],[126.225,-19.4235],[126.002,-19.4235],[126.0015,-19.4985]]]},"properties":{"code":"53920","name":"Halls Creek"}},
{"type":"Feature","geometry":{"type":"Polygon","coordinates":[[[115.6585,-32.933],[115.6695,-32.978],[115.6805,-33.0445],[115.6885,-33.1195],[115.683,-33.177],[115.681,-33.2755],[115.67,-33.303],[115.6975,-33.3095],[115.766,-33.296],[115.814,-33.3],[115.8415,-33.3185],[115.9025,-33.327],[115.8945,-33.3465],[115.919,-33.3785],[115.9185,-33.29],[115.947,-33.29],[115.946,-33.2225],[116.0135,-33.204],[116.031,-33.213],[116.0085,-33.232],[116.145,-33.232],[116.1465,-33.224],[116.147,-33.085],[116.209,-33.085],[116.209,-33.0305],[116.209,-32.984],[116.187,-32.9665],[116.18,-32.943],[116.164,-32.9335],[116.0215,-32.936],[115.9565,-32.933],[115.94,-32.941],[115.8745,-32.938],[115.813,-32.926],[115.781,-32.9365],[115.764,-32.922],[115.72,-32.922],[115.7085,-32.9295],[115.6585,-32.933]]]},"properties":{"code":"53990","name":"Harvey"}},
{"type":"Feature","geometry":{"type":"Polygon","coordinates":[[[114.9585,-29.6885],[114.993,-29.6885],[114.993,-29.702],[115.1025,-29.7025],[115.1025,-29.6975],[115.2095,-29.6975],[115.245,-29.689],[115.245,-29.634],[115.2535,-29.634],[115.2535,-29.3645],[115.2535,-29.2415],[115.255,-29.1925],[115.2645,-29.1505],[115.2645,-29.0105],[115.206,-29.0105],[115.206,-28.979],[115.182,-28.9945],[115.141,-28.9945],[115.141,-29.0165],[115.0965,-29.019],[114.884,-29.019],[114.8685,-29.0245],[114.8265,-29.062],[114.872,-29.1165],[114.8875,-29.1585],[114.9015,-29.2125],[114.919,-29.2495],[114.927,-29.3125],[114.9465,-29.334],[114.9585,-29.3655],[114.9585,-29.4025],[114.997,-29.4915],[114.998,-29.511],[114.977,-29.5575],[114.9775,-29.584],[114.9665,-29.6285],[114.9585,-29.6885]]]},"properties":{"code":"54060","name":"Irwin"}},
{"type":"Feature","geometry":{"type":"Polygon","coordinates":[[[118.6535,-34.337],[118.679,-34.3365],[118.688,-34.353],[118.709,-34.3635],[118.7065,-34.381],[118.726,-34.3885],[118.73,-34.408],[118.7755,-34.433],[118.809,-34.441],[118.8365,-34.457],[118.904,-34.469],[118.9345,-34.455],[118.985,-34.451],[119.069,-34.459],[119.1155,-34.4695],[119.1545,-34.4945],[119.1805,-34.486],[119.218,-34.498],[119.252,-34.533],[119.258,-34.5185],[119.285,-34.5095],[119.2715,-34.4665],[119.3095,-34.4455],[119.3465,-34.446],[119.3835,-34.468],[119.404,-34.4445],[119.391,-34.4185],[119.4135,-34.374],[119.442,-34.3665],[119.4535,-34.379],[119.482,-34.375],[119.4925,-34.393],[119.5165,-34.41],[119.54,-34.3815],[119.5075,-34.359],[119.499,-34.33],[119.4975,-34.2885],[119.4975,-33.999],[119.4975,-33.8035],[119.4485,-33.803],[119.431,-33.7635],[119.455,-33.741],[119.4405,-33.7105],[119.54,-33.577],[119.4435,-33.526],[119.433,-33.54],[119.3985,-33.593],[119.3755,-33.612],[119.2495,-33.5725],[119.266,-33.6525],[119.202,-33.6325],[119.2015,-33.7035],[118.916,-33.704],[118.916,-33.748],[118.923,-33.776],[118.8775,-33.771],[118.8215,-33.771],[118.8215,-33.785],[118.776,-33.785],[118.776,-33.8045],[118.7175,-33.8045],[118.7175,-33.8275],[118.7425,-33.83],[118.635,-33.924],[118.6115,-33.92],[118.6115,-33.9545],[118.6535,-33.954],[118.654,-34.074],[118.6515,-34.1],[118.6385,-34.134],[118.6155,-34.152],[118.611,-34.195],[118.6445,-34.2105],[118.6305,-34.24],[118.633,-34.2515],[118.6115,-34.2935],[118.6115,-34.319],[118.6485,-34.324],[118.6535,-34.337]]]},"properties":{"code":"54130","name":"Jerramungup"}},
{"type":"Feature","geometry":{"type":"Polygon","coordinates":[[[115.7065,-31.712],[115.7175,-31.729],[115.732,-31.776],[115.7275,-31.8065],[115.751,-31.846],[115.8235,-31.8425],[115.8195,-31.8055],[115.7965,-31.783],[115.7925,-31.743],[115.7685,-31.7175],[115.748,-31.712],[115.7065,-31.712]]]},"properties":{"code":"54170","name":"Joondalup"}},
{"type":"Feature","geometry":{"type":"Polygon","coordinates":[[[115.9785,-31.9885],[115.977,-32.0045],[116.0025,-32.0235],[116.033,-32.023],[116.0685,-32.073],[116.0895,-32.085],[116.18,-32.0855],[116.191,-32.083],[116.285,-32.083],[116.289,-32.062],[116.256,-32.023],[116.2355,-32.014],[116.206,-31.9815],[116.1255,-31.9375],[116.0815,-31.9495],[116.0615,-31.9265],[116.043,-31.933],[115.996,-31.9235],[115.981,-31.9435],[115.9875,-31.949],[115.9785,-31.9885]]]},"properties":{"code":"54200","name":"Kalamunda"}},
{"type":"Feature","geometry":{"type":"Polygon","coordinates":[[[122.399,-31.387],[122.698,-31.388],[123.0075,-31.388],[123.4175,-31.3875],[123.5805,-31.3875],[124.0085,-31.387],[124.5175,-31.3845],[125.0915,-31.3795],[125.0915,-31.4105],[125.609,-31.4105],[125.609,-31.3795],[126.0015,-31.381],[126.237,-31.3815],[126.573,-31.3815],[126.8195,-31.381],[127.167,-31.3795],[127.167,-31.266],[127.4395,-31.266],[127.4395,-31.2325],[127.758,-31.2325],[127.758,-31.213],[128.0585,-31.213],[128.0585,-31.3605],[129.002,-31.3605],[129.002,-30.7635],[129.002,-30.3055],[127.8175,-30.3075],[127.3505,-30.3055],[127.3505,-30.1435],[126.0015,-30.153],[125.5925,-30.1535],[124.5015,-30.142],[123.0015,-30.142],[122.817,-30.1435],[122.57,-30.142],[122.408,-30.142],[122.01,-30.1435],[121.8425,-30.1455],[121.4365,-30.145],[121.1835,-30.144],[120.8455,-30.161],[120.846,-30.448],[121.0705,-30.448],[121.243,-30.6605],[121.3295,-30.7725],[121.362,-30.8065],[121.535,-31.017],[121.535,-31.0895],[121.56,-31.079],[121.594,-31.079],[121.594,-31.1815],[121.8045,-31.1805],[122.0055,-31.1805],[122.3995,-31.1805],[122.399,-31.387]]]},"properties":{"code":"54280","name":"Kalgoorlie-Boulder"}},
{"type":"Feature","geometry":{"type":"MultiPolygon","coordinates":[[[[115.5965,-21.4095],[115.888,-21.4095],[115.888,-21.4405],[115.9605,-21.475],[115.9605,-21.58],[116.0085,-21.58],[116.0085,-21.5315],[116.1125,-21.5315],[116.1125,-21.392],[116.1745,-21.392],[116.1745,-21.3175],[116.453,-21.3175],[116.453,-21.337],[116.798,-21.337],[116.798,-21.2115],[117.018,-21.2115],[117.018,-21.1625],[117.1135,-21.1625],[117.1135,-21.1915],[117.0885,-21.1915],[117.0885,-21.2525],[117.148,-21.2525],[117.148,-21.1845],[117.293,-21.1845],[117.293,-21.2525],[117.2205,-21.2525],[117.2205,-21.308],[117.5465,-21.308],[117.5465,-21.1515],[117.7015,-21.1515],[117.7015,-21.3715],[117.924,-21.3715],[117.924,-21.482],[117.983,-21.482],[117.983,-21.7275],[118.1095,-21.7275],[118.1095,-21.6495],[118.0695,-21.6495],[118.0695,-21.2965],[118.0695,-21.239],[118.0155,-21.239],[118.0155,-21.0805],[118.2045,-21.0805],[118.2045,-20.9265],[118.212,-20.9265],[118.212,-20.875],[118.1605,-20.875],[118.1605,-20.854],[118.186,-20.854],[118.186,-20.8045],[118.145,-20.8045],[118.091,-20.838],[118.0715,-20.8255],[118.0095,-20.8255],[118.0095,-20.794],[117.929,-20.794],[117.929,-20.674],[117.811,-20.6735],[117.796,-20.6775],[117.7695,-20.666],[117.7385,-20.6785],[117.6965,-20.688],[117.6805,-20.6665],[117.647,-20.693],[117.6415,-20.665],[117.6305,-20.664],[117.5735,-20.694],[117.527,-20.714],[117.4425,-20.7305],[117.3985,-20.7295],[117.383,-20.7505],[117.3475,-20.7355],[117.2845,-20.7205],[117.274,-20.723],[117.25,-20.7055],[117.223,-20.695],[117.2075,-20.6985],[117.1835,-20.683],[117.1725,-20.651],[117.198,-20.6255],[117.165,-20.6035],[117.1385,-20.627],[117.1305,-20.6535],[117.1135,-20.655],[117.085,-20.6355],[117.0665,-20.6395],[117.0395,-20.666],[117.03,-20.65],[116.9885,-20.6585],[116.947,-20.7025],[116.896,-20.7235],[116.87,-20.722],[116.828,-20.7075],[116.7935,-20.664],[116.796,-20.647],[116.814,-20.6075],[116.8225,-20.579],[116.8555,-20.539],[116.848,-20.522],[116.809,-20.529],[116.8065,-20.5535],[116.79,-20.558],[116.7775,-20.584],[116.747,-20.619],[116.751,-20.6355],[116.7215,-20.6465],[116.6845,-20.6805],[116.6635,-20.687],[116.634,-20.7145],[116.6125,-20.7205],[116.59,-20.7405],[116.526,-20.753],[116.516,-20.7755],[116.4635,-20.8215],[116.403,-20.8295],[116.36,-20.8425],[116.3465,-20.839],[116.329,-20.868],[116.291,-20.8775],[116.2365,-20.8605],[116.203,-20.8355],[116.191,-20.8885],[116.188,-20.968],[116.165,-20.969],[116.139,-20.9935],[116.066,-21.018],[115.9895,-21.04],[115.938,-21.0745],[115.918,-21.079],[115.8795,-21.1255],[115.8505,-21.192],[115.8345,-21.204],[115.8215,-21.2515],[115.803,-21.245],[115.7805,-21.254],[115.7625,-21.272],[115.7195,-21.287],[115.703,-21.2795],[115.6795,-21.314],[115.6535,-21.315],[115.612,-21.353],[115.588,-21.382],[115.5965,-21.4095]]],[[[117.7115,-20.643],[117.733,-20.654],[117.7445,-20.6275],[117.7185,-20.6075],[117.7115,-20.643]]],[[[116.55,-20.605],[116.559,-20.5865],[116.542,-20.575],[116.5325,-20.599],[116.5135,-20.583],[116.478,-20.595],[116.4775,-20.612],[116.5025,-20.6215],[116.5535,-20.6205],[116.55,-20.605]]],[[[115.5945,-21.4095],[115.578,-21.387],[115.5555,-21.4095],[115.5945,-21.4095]]],[[[116.61,-20.455],[116.593,-20.4615],[116.576,-20.4835],[116.5865,-20.5015],[116.606,-20.4905],[116.61,-20.455]]],[[[116.7865,-20.511],[116.798,-20.5185],[116.8195,-20.4845],[116.7975,-20.486],[116.7865,-20.511]]],[[[116.922,-20.4105],[116.917,-20.4035],[116.8505,-20.3645],[116.847,-20.377],[116.881,-20.395],[116.922,-20.4105]]],[[[116.6115,-20.5935],[116.6155,-20.608],[116.637,-20.6065],[116.6455,-20.5835],[116.637,-20.564],[116.6115,-20.5935]]],[[[116.658,-20.594],[116.642,-20.6235],[116.667,-20.628],[116.677,-20.5995],[116.658,-20.594]]],[[[116.5965,-20.689],[116.5785,-20.693],[116.5745,-20.7095],[116.6005,-20.729],[116.637,-20.7],[116.648,-20.6825],[116.5965,-20.689]]],[[[116.824,-20.498],[116.8155,-20.5175],[116.8365,-20.5195],[116.8575,-20.511],[116.866,-20.495],[116.881,-20.4325],[116.851,-20.449],[116.824,-20.498]]]]},"properties":{"code":"54310","name":"Karratha"}},
{"type":"Feature","geometry":{"type":"Polygon","coordinates":[[[117.333,-33.6485],[117.333,-33.6895],[117.339,-33.752],[117.3315,-33.7825],[117.4,-33.7845],[117.4245,-33.772],[117.461,-33.772],[117.461,-33.787],[117.5395,-33.7875],[117.54,-33.778],[117.607,-33.7685],[117.6125,-33.7755],[117.799,-33.7745],[117.908,-33.7765],[117.9465,-33.777],[117.951,-33.711],[117.951,-33.625],[117.939,-33.6015],[117.943,-33.4995],[117.9105,-33.4875],[117.9075,-33.4655],[117.875,-33.464],[117.856,-33.4785],[117.752,-33.4785],[117.741,-33.483],[117.6775,-33.483],[117.674,-33.4645],[117.6395,-33.523],[117.614,-33.522],[117.5815,-33.537],[117.5655,-33.5635],[117.5085,-33.5635],[117.5075,-33.595],[117.4855,-33.595],[117.4575,-33.627],[117.424,-33.6275],[117.424,-33.6485],[117.333,-33.6485]]]},"properties":{"code":"54340","name":"Katanning"}},
{"type":"Feature","geometry":{"type":"Polygon","coordinates":[[[117.57,-31.8295],[117.6485,-31.814],[117.678,-31.8225],[117.723,-31.81],[117.7475,-31.8165],[117.794,-31.8115],[117.879,-31.8115],[117.879,-31.8285],[117.992,-31.8285],[117.992,-31.7085],[117.9815,-31.701],[117.9695,-31.701],[117.969,-31.593],[117.9855,-31.5815],[118.01,-31.58],[118.039,-31.5625],[118.0415,-31.489],[118.0355,-31.466],[118.009,-31.4655],[118.0075,-31.4065],[118.0335,-31.4065],[118.032,-31.358],[118.0155,-31.334],[117.9925,-31.323],[117.9845,-31.3355],[117.9345,-31.334],[117.839,-31.334],[117.839,-31.344],[117.792,-31.34],[117.792,-31.3505],[117.753,-31.3795],[117.7455,-31.392],[117.681,-31.392],[117.654,-31.3785],[117.622,-31.3785],[117.6045,-31.3905],[117.6045,-31.4265],[117.6165,-31.4465],[117.6115,-31.504],[117.617,-31.538],[117.6215,-31.6675],[117.604,-31.6945],[117.6045,-31.7775],[117.595,-31.816],[117.57,-31.813],[117.57,-31.8295]]]},"properties":{"code":"54410","name":"Kellerberrin"}},
{"type":"Feature","geometry":{"type":"Polygon","coordinates":[[[117.9465,-33.777],[117.971,-33.7675],[118.055,-33.7715],[118.076,-33.778],[118.1715,-33.7805],[118.1715,-33.7955],[118.2335,-33.797],[118.2335,-33.779],[118.2945,-33.779],[118.2945,-33.772],[118.3645,-33.7725],[118.3645,-33.781],[118.429,-33.781],[118.4485,-33.785],[118.524,-33.7865],[118.541,-33.777],[118.694,-33.7765],[118.694,-33.8045],[118.7175,-33.8045],[118.776,-33.8045],[118.776,-33.785],[118.8215,-33.785],[118.8215,-33.771],[118.8775,-33.771],[118.923,-33.776],[118.916,-33.748],[118.916,-33.704],[119.2015,-33.7035],[119.202,-33.6325],[119.266,-33.6525],[119.2495,-33.5725],[119.3755,-33.612],[119.3985,-33.593],[119.433,-33.54],[119.1345,-33.54],[119.135,-33.323],[119.119,-33.309],[119.0215,-33.3085],[119.017,-33.3275],[118.901,-33.303],[118.889,-33.287],[118.8075,-33.332],[118.7475,-33.274],[118.6795,-33.332],[118.6325,-33.287],[118.5985,-33.3025],[118.5985,-33.339],[118.553,-33.3445],[118.475,-33.3445],[118.4535,-33.3415],[118.457,-33.3245],[118.4195,-33.3215],[118.4135,-33.332],[118.3545,-33.3325],[118.3545,-33.316],[118.267,-33.325],[118.2435,-33.3385],[118.245,-33.368],[118.2075,-33.361],[118.159,-33.361],[118.119,-33.368],[118.0455,-33.368],[118.0455,-33.3525],[118.006,-33.3695],[117.9675,-33.3695],[117.9665,-33.402],[117.931,-33.4085],[117.93,-33.471],[117.9075,-33.4655],[117.9105,-33.4875],[117.943,-33.4995],[117.939,-33.6015],[117.951,-33.625],[117.951,-33.711],[117.9465,-33.777]]]},"properties":{"code":"54480","name":"Kent"}},
{"type":"Feature","geometry":{"type":"Polygon","coordinates":[[[116.8425,-34.209],[116.88,-34.209],[116.916,-34.2155],[116.9485,-34.208],[116.9485,-34.1835],[117.0705,-34.184],[117.0705,-34.1565],[117.146,-34.1565],[117.1505,-34.142],[117.2035,-34.143],[117.268,-34.1025],[117.339,-34.0885],[117.3415,-34.0565],[117.356,-34.0415],[117.345,-34.0235],[117.347,-33.9635],[117.3415,-33.9255],[117.3265,-33.9205],[117.327,-33.7825],[117.3315,-33.7825],[117.339,-33.752],[117.333,-33.6895],[117.333,-33.6485],[117.2745,-33.6455],[117.2395,-33.655],[117.19,-33.6355],[117.169,-33.643],[117.134,-33.6415],[117.091,-33.633],[116.987,-33.6335],[116.987,-33.6695],[116.905,-33.6675],[116.905,-33.6785],[116.8095,-33.6735],[116.7915,-33.697],[116.77,-33.6775],[116.73,-33.684],[116.7665,-33.714],[116.7885,-33.724],[116.776,-33.7905],[116.776,-33.833],[116.7705,-33.859],[116.7765,-33.9225],[116.7475,-33.9495],[116.72,-33.9495],[116.7295,-33.981],[116.7485,-33.9785],[116.745,-34.015],[116.7595,-34.0515],[116.782,-34.0515],[116.7795,-34.1115],[116.842,-34.1405],[116.8425,-34.209]]]},"properties":{"code":"54550","name":"Kojonup"}},
{"type":"Feature","geometry":{"type":"Polygon","coordinates":[[[119.6985,-32.718],[119.738,-32.765],[120.0095,-32.765],[120.0095,-32.2035],[119.498,-32.204],[119.179,-32.2035],[119.1615,-32.2145],[118.914,-32.2135],[118.914,-32.2375],[118.86,-32.241],[118.797,-32.23],[118.7445,-32.246],[118.615,-32.252],[118.624,-32.2775],[118.5115,-32.274],[118.4705,-32.2855],[118.3215,-32.2865],[118.3215,-32.2715],[118.27,-32.272],[118.2485,-32.2775],[118.195,-32.2795],[118.185,-32.2815],[118.1855,-32.3215],[118.2035,-32.337],[118.2035,-32.358],[118.169,-32.358],[118.1695,-32.3795],[118.146,-32.38],[118.0975,-32.414],[118.093,-32.475],[118.042,-32.475],[118.0395,-32.487],[118.054,-32.493],[118.051,-32.534],[118.081,-32.527],[118.1485,-32.5255],[118.157,-32.5505],[118.187,-32.5505],[118.2375,-32.578],[118.314,-32.5745],[118.332,-32.5855],[118.3805,-32.5695],[118.476,-32.567],[118.5085,-32.573],[118.5665,-32.573],[118.62,-32.577],[118.7525,-32.5645],[118.886,-32.566],[118.89,-32.599],[118.924,-32.5985],[118.924,-32.583],[118.9565,-32.59],[119.0035,-32.5835],[119.1915,-32.583],[119.215,-32.579],[119.235,-32.5925],[119.2515,-32.5685],[119.3085,-32.5675],[119.3465,-32.548],[119.381,-32.5845],[119.454,-32.5885],[119.454,-32.577],[119.5195,-32.5755],[119.5485,-32.5575],[119.6985,-32.718]]]},"properties":{"code":"54620","name":"Kondinin"}},
{"type":"Feature","geometry":{"type":"Polygon","coordinates":[[[117.211,-30.8015],[117.2745,-30.8065],[117.273,-30.867],[117.278,-30.933],[117.278,-31.002],[117.355,-31.002],[117.3635,-30.9775],[117.4025,-30.963],[117.4385,-30.9635],[117.438,-30.975],[117.4935,-30.984],[117.4955,-30.9695],[117.5305,-30.9725],[117.542,-30.9555],[117.596,-30.959],[117.596,-30.919],[117.584,-30.919],[117.588,-30.8865],[117.5985,-30.8865],[117.5985,-30.701],[117.6035,-30.6955],[117.6035,-30.5185],[117.6035,-30.206],[117.5535,-30.206],[117.4225,-30.206],[117.421,-30.2175],[117.3945,-30.2265],[117.251,-30.2265],[117.2495,-30.4625],[117.2445,-30.466],[117.2455,-30.623],[117.238,-30.6615],[117.2475,-30.665],[117.2415,-30.7025],[117.242,-30.757],[117.211,-30.8015]]]},"properties":{"code":"54690","name":"Koorda"}},
{"type":"Feature","geometry":{"type":"Polygon","coordinates":[[[117.914,-33.0445],[118.0215,-33.0425],[118.0565,-33.029],[118.0615,-32.989],[118.097,-32.9805],[118.166,-32.9805],[118.22,-32.9875],[118.2195,-32.95],[118.2785,-32.953],[118.305,-32.9435],[118.357,-32.9435],[118.357,-32.9015],[118.3795,-32.847],[118.3965,-32.834],[118.4415,-32.834],[118.4415,-32.802],[118.467,-32.814],[118.4965,-32.814],[118.4965,-32.795],[118.5505,-32.7915],[118.5555,-32.8195],[118.5825,-32.7945],[118.5885,-32.7575],[118.7685,-32.758],[118.793,-32.763],[118.8595,-32.763],[118.885,-32.7755],[118.888,-32.751],[118.9015,-32.7415],[118.95,-32.7415],[118.965,-32.753],[118.9845,-32.7445],[119.08,-32.744],[119.142,-32.755],[119.2715,-32.758],[119.3265,-32.77],[119.3355,-32.761],[119.414,-32.765],[119.58,-32.7645],[119.58,-32.75],[119.6515,-32.75],[119.6985,-32.718],[119.5485,-32.5575],[119.5195,-32.5755],[119.454,-32.577],[119.454,-32.5885],[119.381,-32.5845],[119.3465,-32.548],[119.3085,-32.5675],[119.2515,-32.5685],[119.235,-32.5925],[119.215,-32.579],[119.1915,-32.583],[119.0035,-32.5835],[118.9565,-32.59],[118.924,-32.583],[118.924,-32.5985],[118.89,-32.599],[118.886,-32.566],[118.7525,-32.5645],[118.62,-32.577],[118.5665,-32.573],[118.5085,-32.573],[118.476,-32.567],[118.3805,-32.5695],[118.332,-32.5855],[118.314,-32.5745],[118.2375,-32.578],[118.187,-32.5505],[118.157,-32.5505],[118.1485,-32.5255],[118.081,-32.527],[118.051,-32.534],[118.054,-32.493],[118.0395,-32.487],[118.019,-32.487],[118.02,-32.543],[118.0155,-32.565],[117.907,-32.5675],[117.907,-32.602],[117.846,-32.6015],[117.8875,-32.845],[117.922,-32.9365],[117.914,-33.0445]]]},"properties":{"code":"54760","name":"Kulin"}},
{"type":"Feature","geometry":{"type":"Polygon","coordinates":[[[115.755,-32.2515],[115.7855,-32.249],[115.785,-32.269],[115.7985,-32.2865],[115.8425,-32.2725],[115.8725,-32.278],[115.8855,-32.265],[115.8855,-32.204],[115.8985,-32.18],[115.775,-32.1815],[115.7685,-32.208],[115.7555,-32.224],[115.755,-32.2515]]]},"properties":{"code":"54830","name":"Kwinana"}},
{"type":"Feature","geometry":{"type":"Polygon","coordinates":[[[118.3545,-33.316],[118.3545,-33.3325],[118.4135,-33.332],[118.4195,-33.3215],[118.457,-33.3245],[118.4535,-33.3415],[118.475,-33.3445],[118.553,-33.3445],[118.5985,-33.339],[118.5985,-33.3025],[118.6325,-33.287],[118.6795,-33.332],[118.7475,-33.274],[118.8075,-33.332],[118.889,-33.287],[118.901,-33.303],[119.017,-33.3275],[119.0215,-33.3085],[119.119,-33.309],[119.135,-33.323],[119.1345,-33.54],[119.433,-33.54],[119.4435,-33.526],[119.4525,-33.5115],[119.543,-33.4475],[119.6785,-33.329],[119.7705,-33.3895],[119.8045,-33.3515],[119.849,-33.342],[119.943,-33.291],[120.0025,-33.254],[120.0025,-33.238],[119.9795,-33.238],[119.9795,-33.1775],[119.972,-33.1675],[120.061,-33.119],[120.0275,-33.0805],[120.0855,-33.079],[120.217,-33.075],[120.255,-32.995],[120.3205,-32.948],[120.3335,-32.9505],[120.353,-32.9295],[120.426,-32.8785],[120.5815,-32.765],[120.554,-32.765],[120.287,-32.7655],[120.0095,-32.765],[119.738,-32.765],[119.6985,-32.718],[119.6515,-32.75],[119.58,-32.75],[119.58,-32.7645],[119.414,-32.765],[119.3355,-32.761],[119.3265,-32.77],[119.2715,-32.758],[119.142,-32.755],[119.08,-32.744],[118.9845,-32.7445],[118.965,-32.753],[118.95,-32.7415],[118.9015,-32.7415],[118.888,-32.751],[118.885,-32.7755],[118.8595,-32.763],[118.793,-32.763],[118.7685,-32.758],[118.5885,-32.7575],[118.5825,-32.7945],[118.5555,-32.8195],[118.5505,-32.7915],[118.4965,-32.795],[118.4965,-32.814],[118.467,-32.814],[118.4415,-32.802],[118.4415,-32.834],[118.3965,-32.834],[118.3795,-32.847],[118.357,-32.9015],[118.357,-32.9435],[118.305,-32.9435],[118.2785,-32.953],[118.276,-33.0515],[118.2595,-33.0885],[118.26,-33.113],[118.276,-33.113],[118.2845,-33.1575],[118.274,-33.1785],[118.274,-33.251],[118.3025,-33.251],[118.32,-33.265],[118.34,-33.265],[118.3535,-33.28],[118.3545,-33.316]]]},"properties":{"code":"54900","name":"Lake Grace"}},
{"type":"Feature","geometry":{"type":"Polygon","coordinates":[[[122.474,-29.221],[122.474,-29.193],[122.7465,-29.193],[122.7465,-29.102],[122.7675,-29.102],[122.7675,-29.03],[122.884,-29.03],[122.8845,-29.0335],[123.124,-29.0335],[123.5015,-29.033],[124.0165,-29.035],[124.8115,-29.034],[125.0985,-29.0335],[125.733,-29.035],[126.3625,-29.0335],[126.4855,-29.0335],[127.3505,-29.039],[128.4995,-29.037],[129.002,-29.033],[129.002,-28.116],[129.002,-26.745],[128.6,-26.747],[128.329,-26.748],[127.1485,-26.745],[125.7565,-26.745],[125.009,-26.746],[124.668,-26.745],[124.387,-26.7465],[123.9155,-26.747],[123.4845,-26.7465],[123.1735,-26.7455],[123.0465,-26.7455],[123.0465,-26.682],[122.964,-26.682],[122.964,-26.6545],[122.689,-26.6545],[122.689,-26.713],[122.461,-26.713],[122.461,-26.8285],[122.0655,-26.8285],[122.0655,-26.807],[121.779,-26.807],[121.779,-27.2905],[121.649,-27.2905],[121.649,-27.315],[121.603,-27.315],[121.603,-27.356],[121.587,-27.356],[121.587,-27.64],[121.664,-27.64],[121.664,-27.681],[121.774,-27.681],[121.774,-27.6055],[121.895,-27.6055],[121.895,-27.578],[121.9845,-27.578],[121.9845,-27.788],[121.888,-27.788],[121.888,-28.065],[121.959,-28.065],[121.959,-28.268],[121.9615,-28.268],[121.961,-28.4785],[121.7965,-28.4785],[121.7965,-28.455],[121.5445,-28.455],[121.5445,-28.584],[121.594,-28.584],[121.61,-28.5915],[121.658,-28.5915],[121.658,-28.6125],[121.788,-28.6125],[121.788,-28.729],[121.8385,-28.729],[121.8385,-28.8025],[121.8495,-28.8025],[121.8495,-28.8615],[121.91,-28.8615],[121.91,-28.9225],[121.9445,-28.9225],[121.9445,-29.033],[122.3885,-29.032],[122.4045,-29.0485],[122.4065,-29.0775],[122.3945,-29.0885],[122.4215,-29.1235],[122.4235,-29.1475],[122.4365,-29.1715],[122.4555,-29.1865],[122.474,-29.221]]]},"properties":{"code":"54970","name":"Laverton"}},
{"type":"Feature","geometry":{"type":"Polygon","coordinates":[[[120.045,-28.464],[120.4505,-28.464],[120.4505,-28.516],[120.623,-28.516],[120.623,-28.61],[120.7605,-28.61],[120.7605,-28.7715],[120.688,-28.7715],[120.688,-28.9365],[120.8375,-28.9365],[120.8375,-29.0565],[121.1845,-29.055],[121.1845,-29.113],[121.3845,-29.113],[121.3845,-29.1845],[121.5295,-29.1845],[121.5295,-29.178],[121.698,-29.178],[121.698,-29.125],[121.78,-29.125],[121.78,-29.1845],[121.882,-29.1855],[121.8785,-29.2765],[121.8815,-29.3115],[122.0645,-29.3115],[122.0645,-29.453],[122.163,-29.453],[122.163,-29.498],[122.288,-29.498],[122.288,-29.445],[122.37,-29.4455],[122.37,-29.354],[122.474,-29.354],[122.474,-29.221],[122.4555,-29.1865],[122.4365,-29.1715],[122.4235,-29.1475],[122.4215,-29.1235],[122.3945,-29.0885],[122.4065,-29.0775],[122.4045,-29.0485],[122.3885,-29.032],[121.9445,-29.033],[121.9445,-28.9225],[121.91,-28.9225],[121.91,-28.8615],[121.8495,-28.8615],[121.8495,-28.8025],[121.8385,-28.8025],[121.8385,-28.729],[121.788,-28.729],[121.788,-28.6125],[121.658,-28.6125],[121.658,-28.5915],[121.61,-28.5915],[121.594,-28.584],[121.5445,-28.584],[121.5445,-28.455],[121.7965,-28.455],[121.7965,-28.4785],[121.961,-28.4785],[121.9615,-28.268],[121.959,-28.268],[121.959,-28.065],[121.888,-28.065],[121.888,-27.788],[121.9845,-27.788],[121.9845,-27.578],[121.895,-27.578],[121.895,-27.6055],[121.774,-27.6055],[121.774,-27.681],[121.664,-27.681],[121.664,-27.64],[121.587,-27.64],[121.587,-27.356],[121.603,-27.356],[121.603,-27.315],[121.649,-27.315],[121.649,-27.2905],[121.2095,-27.292],[120.8325,-27.2925],[120.5255,-27.292],[120.0585,-27.2905],[120.0585,-27.5025],[120.0745,-27.5025],[120.0745,-27.6125],[120.1575,-27.6125],[120.1545,-28.043],[120.196,-28.047],[120.196,-28.291],[120.045,-28.291],[120.045,-28.464]]]},"properties":{"code":"55040","name":"Leonora"}},
{"type":"Feature","geometry":{"type":"MultiPolygon","coordinates":[[[[115.6285,-32.7935],[115.671,-32.7975],[115.6675,-32.7825],[115.703,-32.783],[115.691,-32.7545],[115.6725,-32.728],[115.672,-32.702],[115.647,-32.648],[115.6415,-32.6135],[115.6675,-32.5975],[115.6695,-32.577],[115.7165,-32.5585],[115.716,-32.5325],[115.7005,-32.519],[115.6715,-32.561],[115.6375,-32.593],[115.624,-32.6165],[115.607,-32.685],[115.614,-32.7055],[115.6285,-32.7935]]],[[[115.76,-32.5745],[115.754,-32.5585],[115.7735,-32.5395],[115.788,-32.4655],[115.7845,-32.4555],[115.748,-32.4555],[115.7395,-32.4985],[115.722,-32.5395],[115.723,-32.568],[115.754,-32.5645],[115.76,-32.5745]]]]},"properties":{"code":"55110","name":"Mandurah"}},
{"type":"Feature","geometry":{"type":"Polygon","coordinates":[[[115.6745,-34.4855],[115.735,-34.5325],[115.8535,-34.634],[115.947,-34.7205],[115.963,-34.746],[115.96,-34.7615],[115.9865,-34.7875],[116.0045,-34.8185],[116.002,-34.841],[116.0275,-34.837],[116.0965,-34.8495],[116.1345,-34.8445],[116.1965,-34.863],[116.2275,-34.869],[116.2725,-34.885],[116.379,-34.945],[116.4275,-34.969],[116.4785,-35.004],[116.501,-35.009],[116.533,-35.0045],[116.5915,-35.0335],[116.6055,-35.031],[116.629,-35.046],[116.6585,-35.051],[116.708,-35.029],[116.7375,-35.03],[116.7545,-35.0015],[116.811,-34.9995],[116.8225,-34.9615],[116.783,-34.93],[116.782,-34.9],[116.741,-34.904],[116.7265,-34.8885],[116.735,-34.8715],[116.8005,-34.8345],[116.811,-34.8195],[116.7995,-34.7985],[116.8425,-34.7535],[116.835,-34.727],[116.845,-34.6705],[116.8205,-34.6735],[116.7915,-34.6665],[116.785,-34.6535],[116.8135,-34.62],[116.798,-34.6025],[116.811,-34.5795],[116.786,-34.552],[116.798,-34.5225],[116.804,-34.4765],[116.7635,-34.4445],[116.727,-34.4375],[116.699,-34.424],[116.669,-34.419],[116.6775,-34.3735],[116.6975,-34.37],[116.699,-34.3085],[116.708,-34.279],[116.692,-34.2795],[116.6925,-34.2545],[116.667,-34.2575],[116.667,-34.225],[116.6585,-34.2205],[116.6125,-34.226],[116.514,-34.226],[116.506,-34.2095],[116.523,-34.185],[116.523,-34.1555],[116.485,-34.159],[116.419,-34.16],[116.419,-34.202],[116.3215,-34.202],[116.314,-34.177],[116.2615,-34.177],[116.269,-34.1495],[116.2465,-34.1315],[116.226,-34.129],[116.1455,-34.1355],[116.011,-34.136],[115.971,-34.129],[115.9445,-34.135],[115.9445,-34.1615],[115.909,-34.1665],[115.906,-34.19],[115.878,-34.213],[115.877,-34.2945],[115.867,-34.3045],[115.8385,-34.3025],[115.828,-34.3285],[115.794,-34.334],[115.7895,-34.375],[115.8205,-34.406],[115.792,-34.4405],[115.7655,-34.459],[115.725,-34.4625],[115.6745,-34.4855]]]},"properties":{"code":"55180","name":"Manjimup"}},
{"type":"Feature","geometry":{"type":"Polygon","coordinates":[[[117.6215,-26.626],[117.6215,-26.776],[117.973,-26.776],[117.9775,-26.818],[117.999,-26.8575],[117.999,-26.9925],[118.158,-26.9925],[118.158,-26.9895],[118.3275,-26.9895],[118.3275,-26.999],[118.508,-26.999],[118.508,-27.016],[118.589,-27.016],[118.589,-27.14],[118.5755,-27.14],[118.5755,-27.227],[118.801,-27.227],[118.801,-27.313],[118.8435,-27.313],[119.0245,-27.313],[119.0245,-27.297],[119.094,-27.297],[119.094,-27.2745],[119.1855,-27.2745],[119.201,-27.231],[119.197,-27.2025],[119.2015,-27.1695],[119.2365,-27.063],[119.273,-27.015],[119.288,-27.0085],[119.332,-26.8995],[119.3395,-26.864],[119.4115,-26.785],[119.4475,-26.769],[119.486,-26.722],[119.502,-26.681],[119.5285,-26.6445],[119.5765,-26.6055],[119.5835,-26.5775],[119.6025,-26.571],[119.614,-26.5525],[119.7375,-26.481],[119.7495,-26.4685],[119.8045,-26.4405],[119.8045,-26.382],[119.8675,-26.257],[119.883,-26.2405],[119.8945,-26.2135],[119.922,-26.1875],[119.961,-26.0855],[119.977,-26.0605],[120.008,-26.027],[120.119,-25.7545],[120.112,-25.726],[120.1075,-25.632],[120.0995,-25.622],[120.0885,-25.5275],[120.085,-25.3385],[120.137,-25.2325],[120.177,-25.2015],[120.202,-25.192],[120.1895,-25.1425],[120.1155,-24.9975],[120.1055,-24.94],[120.0885,-24.916],[120.0555,-24.845],[120.056,-24.7335],[120.043,-24.7075],[120.085,-24.553],[120.0925,-24.54],[120.077,-24.5025],[120.078,-24.476],[120.1115,-24.4565],[120.1325,-24.3705],[120.1585,-24.3445],[120.1835,-24.331],[120.213,-24.286],[120.2195,-24.246],[120.2415,-24.2215],[120.288,-24.159],[120.321,-24.1085],[120.365,-24.072],[120.41,-24.017],[120.4365,-23.9535],[120.493,-23.866],[120.5125,-23.848],[120.542,-23.8495],[120.61,-23.8125],[120.612,-23.8055],[120.671,-23.728],[120.7615,-23.609],[120.7705,-23.589],[120.7785,-23.5035],[120.7915,-23.4405],[120.4685,-23.442],[120.2435,-23.4425],[119.9015,-23.443],[119.642,-23.4425],[119.2035,-23.4415],[118.8835,-23.4405],[118.8835,-23.419],[118.8185,-23.419],[118.8185,-23.4405],[118.426,-23.4405],[118.426,-23.315],[118.1675,-23.315],[118.1675,-23.2935],[118.079,-23.2935],[118.079,-23.375],[117.9915,-23.375],[117.9915,-23.3935],[117.8405,-23.3935],[117.8405,-23.3785],[117.716,-23.3785],[117.716,-23.438],[117.6365,-23.438],[117.6365,-23.4855],[117.658,-23.4855],[117.658,-23.533],[117.744,-23.533],[117.744,-23.618],[117.7145,-23.6785],[117.7145,-23.74],[117.626,-23.74],[117.626,-23.7925],[117.626,-23.8905],[117.8085,-23.8905],[117.8085,-23.9725],[117.83,-23.9725],[117.83,-24.0255],[117.819,-24.375],[117.6655,-24.375],[117.6655,-24.5155],[117.6785,-24.5345],[117.6185,-24.5345],[117.6185,-24.6945],[117.791,-24.6945],[117.791,-24.707],[117.871,-24.707],[117.871,-24.7835],[117.721,-24.7835],[117.721,-24.855],[117.794,-24.855],[117.794,-25.2145],[117.736,-25.2145],[117.736,-25.274],[117.757,-25.274],[117.757,-25.392],[117.677,-25.392],[117.677,-25.367],[117.371,-25.367],[117.371,-25.4825],[117.373,-25.5835],[117.2945,-25.5835],[117.2945,-25.6075],[117.247,-25.6075],[117.247,-25.6365],[117.247,-25.796],[117.2085,-25.7965],[117.208,-25.949],[117.371,-25.949],[117.371,-26.023],[117.208,-26.023],[117.208,-26.1],[117.2725,-26.1],[117.2725,-26.092],[117.349,-26.092],[117.349,-26.269],[117.4765,-26.269],[117.4765,-26.3595],[117.621,-26.3595],[117.6215,-26.626]]]},"properties":{"code":"55250","name":"Meekatharra"}},
{"type":"Feature","geometry":{"type":"Polygon","coordinates":[[[115.776,-32.029],[115.7765,-32.047],[115.803,-32.0565],[115.803,-32.0745],[115.85,-32.0815],[115.892,-32.082],[115.871,-32.066],[115.8615,-32.046],[115.8445,-32.0025],[115.8245,-32.024],[115.786,-32.012],[115.776,-32.029]]]},"properties":{"code":"55320","name":"Melville"}},
{"type":"Feature","geometry":{"type":"Polygon","coordinates":[[[129.002,-30.3055],[129.002,-29.033],[128.4995,-29.037],[127.3505,-29.039],[126.4855,-29.0335],[126.3625,-29.0335],[125.733,-29.035],[125.0985,-29.0335],[124.8115,-29.034],[124.0165,-29.035],[123.5015,-29.033],[123.124,-29.0335],[122.8845,-29.0335],[122.884,-29.03],[122.7675,-29.03],[122.7675,-29.102],[122.7465,-29.102],[122.7465,-29.193],[122.474,-29.193],[122.474,-29.221],[122.474,-29.354],[122.37,-29.354],[122.37,-29.4455],[122.288,-29.445],[122.288,-29.498],[122.163,-29.498],[122.163,-29.453],[122.0645,-29.453],[122.0645,-29.3115],[121.8815,-29.3115],[121.8785,-29.2765],[121.882,-29.1855],[121.78,-29.1845],[121.78,-29.125],[121.698,-29.125],[121.698,-29.178],[121.5295,-29.178],[121.5295,-29.1845],[121.3845,-29.1845],[121.3845,-29.113],[121.1845,-29.113],[121.1845,-29.055],[120.8375,-29.0565],[120.8375,-28.9365],[120.688,-28.9365],[120.688,-28.7715],[120.7605,-28.7715],[120.7605,-28.61],[120.623,-28.61],[120.623,-28.516],[120.4505,-28.516],[120.4505,-28.464],[120.045,-28.464],[119.8025,-28.464],[119.8025,-28.848],[119.776,-28.848],[119.776,-28.915],[119.663,-29.113],[119.3445,-29.111],[119.2005,-29.291],[119.058,-29.2925],[118.7205,-29.2925],[118.7205,-29.107],[118.4355,-29.105],[118.4355,-29.2795],[118.503,-29.6125],[118.794,-29.7175],[119.081,-29.8205],[119.3,-29.901],[119.539,-29.9885],[119.878,-30.113],[120.014,-30.161],[120.267,-30.1625],[120.5205,-30.163],[120.8455,-30.161],[121.1835,-30.144],[121.4365,-30.145],[121.8425,-30.1455],[122.01,-30.1435],[122.408,-30.142],[122.57,-30.142],[122.817,-30.1435],[123.0015,-30.142],[124.5015,-30.142],[125.5925,-30.1535],[126.0015,-30.153],[127.3505,-30.1435],[127.3505,-30.3055],[127.8175,-30.3075],[129.002,-30.3055]]]},"properties":{"code":"55390","name":"Menzies"}},
{"type":"Feature","geometry":{"type":"Polygon","coordinates":[[[117.9815,-31.701],[118.0195,-31.7005],[118.027,-31.715],[118.053,-31.72],[118.113,-31.7135],[118.1645,-31.703],[118.1665,-31.71],[118.2355,-31.6965],[118.378,-31.6965],[118.3785,-31.7815],[118.67,-31.7805],[118.7085,-31.7835],[118.734,-31.758],[118.79,-31.7575],[118.739,-31.6955],[118.8045,-31.6955],[118.8045,-31.6185],[118.755,-31.6185],[118.755,-31.5555],[118.741,-31.5555],[118.6755,-31.5555],[118.631,-31.545],[118.618,-31.5275],[118.602,-31.5365],[118.502,-31.4045],[118.509,-31.332],[118.5085,-31.2075],[118.505,-31.1375],[118.4335,-31.1395],[118.393,-31.153],[118.352,-31.151],[118.3235,-31.194],[118.3195,-31.2285],[118.2825,-31.245],[118.2825,-31.2635],[118.1795,-31.2635],[118.149,-31.2775],[118.112,-31.2775],[118.12,-31.319],[118.0775,-31.3335],[118.0155,-31.334],[118.032,-31.358],[118.0335,-31.4065],[118.0075,-31.4065],[118.009,-31.4655],[118.0355,-31.466],[118.0415,-31.489],[118.039,-31.5625],[118.01,-31.58],[117.9855,-31.5815],[117.969,-31.593],[117.9695,-31.701],[117.9815,-31.701]]]},"properties":{"code":"55460","name":"Merredin"}},
{"type":"Feature","geometry":{"type":"Polygon","coordinates":[[[115.2535,-29.3645],[115.3065,-29.361],[115.3545,-29.346],[115.5715,-29.347],[115.5715,-29.3575],[115.6295,-29.356],[115.6505,-29.373],[115.663,-29.356],[115.75,-29.356],[115.752,-29.2885],[115.7525,-29.2155],[115.6735,-29.216],[115.6735,-29.07],[115.7355,-29.069],[115.7355,-29.0355],[115.6715,-29.0355],[115.647,-29.029],[115.647,-29.009],[115.622,-29.009],[115.622,-28.966],[115.604,-28.966],[115.5935,-28.9495],[115.5935,-28.917],[115.3735,-28.917],[115.3735,-28.948],[115.3405,-28.948],[115.3405,-29.0005],[115.2645,-29.0005],[115.2645,-29.0105],[115.2645,-29.1505],[115.255,-29.1925],[115.2535,-29.2415],[115.2535,-29.3645]]]},"properties":{"code":"55530","name":"Mingenew"}},
{"type":"Feature","geometry":{"type":"Polygon","coordinates":[[[115.934,-30.846],[115.9945,-30.846],[116.014,-30.855],[116.029,-30.8485],[116.1245,-30.8485],[116.1235,-30.861],[116.1985,-30.8615],[116.194,-30.8295],[116.2075,-30.8295],[116.2075,-30.7445],[116.401,-30.744],[116.401,-30.721],[116.453,-30.721],[116.5435,-30.7205],[116.543,-30.5995],[116.5115,-30.598],[116.511,-30.5095],[116.5145,-30.465],[116.5035,-30.4645],[116.503,-30.318],[116.5095,-30.2685],[116.4665,-30.2685],[116.4495,-30.2805],[116.3835,-30.281],[116.3835,-30.261],[116.312,-30.2615],[116.297,-30.2435],[116.297,-30.206],[116.354,-30.206],[116.3535,-30.186],[116.2955,-30.186],[116.2955,-30.163],[116.2635,-30.163],[116.2635,-30.1915],[116.1855,-30.191],[116.152,-30.2],[116.152,-30.1835],[116.12,-30.1775],[116.0065,-30.1785],[115.979,-30.176],[115.876,-30.176],[115.876,-30.1955],[115.876,-30.318],[115.899,-30.318],[115.8985,-30.417],[115.911,-30.434],[115.911,-30.4575],[115.933,-30.472],[115.933,-30.495],[115.902,-30.4945],[115.902,-30.5235],[115.8875,-30.5235],[115.8875,-30.5515],[115.902,-30.5515],[115.902,-30.583],[115.921,-30.583],[115.921,-30.6135],[115.907,-30.615],[115.907,-30.6555],[115.9265,-30.6555],[115.9345,-30.71],[115.934,-30.846]]]},"properties":{"code":"55600","name":"Moora"}},
{"type":"Feature","geometry":{"type":"Polygon","coordinates":[[[115.752,-29.2885],[115.8535,-29.288],[115.8535,-29.344],[115.918,-29.344],[115.9185,-29.3245],[116.1195,-29.324],[116.1195,-29.2895],[116.2735,-29.2745],[116.2735,-29.2625],[116.3865,-29.2595],[116.3855,-29.195],[116.491,-29.194],[116.491,-29.094],[116.4805,-29.094],[116.382,-29.094],[116.382,-29.016],[116.346,-29.016],[116.346,-28.9525],[116.235,-28.9525],[116.235,-28.922],[116.212,-28.922],[116.2115,-28.891],[116.18,-28.891],[116.18,-28.8755],[116.157,-28.8765],[116.157,-28.847],[116.0875,-28.847],[116.084,-28.7975],[116.0815,-28.7585],[116.052,-28.7565],[116.052,-28.726],[115.991,-28.7265],[115.991,-28.7565],[115.958,-28.7565],[115.958,-28.7845],[115.925,-28.7845],[115.925,-28.8025],[115.8845,-28.8025],[115.8845,-28.839],[115.8115,-28.839],[115.8115,-28.8515],[115.686,-28.8515],[115.686,-28.86],[115.636,-28.86],[115.636,-28.9375],[115.622,-28.966],[115.622,-29.009],[115.647,-29.009],[115.647,-29.029],[115.6715,-29.0355],[115.7355,-29.0355],[115.7355,-29.069],[115.6735,-29.07],[115.6735,-29.216],[115.7525,-29.2155],[115.752,-29.2885]]]},"properties":{"code":"55670","name":"Morawa"}},
{"type":"Feature","geometry":{"type":"Polygon","coordinates":[[[115.7515,-32.016],[115.751,-32.0215],[115.759,-32.024],[115.7725,-32.0035],[115.759,-32.004],[115.7515,-32.016]]]},"properties":{"code":"55740","name":"Mosman Park"}},
{"type":"Feature","geometry":{"type":"Polygon","coordinates":[[[117.341,-27.687],[117.284,-27.687],[117.2835,-27.7595],[117.369,-27.7595],[117.369,-27.8105],[117.2215,-27.8105],[117.2215,-27.8345],[117.25,-27.8345],[117.2505,-27.925],[117.241,-27.925],[117.241,-28.15],[117.266,-28.15],[117.266,-28.248],[117.342,-28.248],[117.342,-28.316],[117.424,-28.316],[117.424,-28.407],[117.47,-28.407],[117.47,-28.4645],[117.556,-28.4645],[117.556,-28.693],[117.76,-28.693],[117.7605,-28.7855],[117.791,-28.7855],[117.791,-28.7565],[117.959,-28.7565],[117.959,-28.6925],[118.004,-28.6925],[118.004,-28.657],[118.0865,-28.657],[118.0865,-28.748],[118.0455,-28.748],[118.042,-28.806],[118.042,-28.895],[118.0765,-28.895],[118.0765,-28.961],[118.1995,-28.961],[118.1995,-28.9515],[118.284,-28.9515],[118.284,-29.0065],[118.4075,-29.0065],[118.4075,-28.9805],[118.449,-28.9805],[118.4485,-28.73],[118.543,-28.545],[118.5725,-28.545],[118.5725,-28.4725],[118.5315,-28.4725],[118.5315,-28.462],[118.448,-28.462],[118.448,-28.3125],[118.519,-28.3125],[118.519,-28.303],[118.5725,-28.303],[118.5725,-28.1615],[118.519,-28.1615],[118.519,-28.135],[118.7115,-28.135],[118.7115,-28.006],[118.65,-28.006],[118.65,-27.8845],[118.6315,-27.8845],[118.6315,-27.7795],[118.6315,-27.761],[118.5565,-27.761],[118.5565,-27.78],[118.3865,-27.7795],[118.3865,-27.798],[118.202,-27.799],[118.202,-27.782],[118.1365,-27.782],[118.1365,-27.7635],[118.0055,-27.7635],[118.0055,-27.8255],[117.965,-27.8255],[117.965,-27.7405],[117.8485,-27.7405],[117.8485,-27.701],[117.684,-27.701],[117.684,-27.788],[117.619,-27.788],[117.619,-27.6425],[117.6745,-27.6425],[117.6745,-27.5785],[117.591,-27.5785],[117.567,-27.575],[117.567,-27.687],[117.433,-27.687],[117.433,-27.7595],[117.3855,-27.7595],[117.386,-27.687],[117.341,-27.687]]]},"properties":{"code":"55810","name":"Mount Magnet"}},
{"type":"Feature","geometry":{"type":"Polygon","coordinates":[[[117.5535,-30.206],[117.6035,-30.206],[117.6035,-30.5185],[117.6035,-30.6955],[117.5985,-30.701],[117.5985,-30.8865],[117.588,-30.8865],[117.584,-30.919],[117.596,-30.919],[117.596,-30.959],[117.621,-30.9535],[117.697,-30.9555],[117.701,-30.9725],[117.7545,-30.975],[117.754,-30.9515],[117.832,-30.95],[117.862,-30.9415],[117.923,-30.9415],[117.923,-30.962],[118.059,-30.9605],[118.0625,-30.928],[118.0805,-30.926],[118.0535,-30.8655],[118.061,-30.8415],[118.0855,-30.8415],[118.0855,-30.8195],[118.1035,-30.8195],[118.1035,-30.78],[118.1215,-30.762],[118.142,-30.762],[118.142,-30.7075],[118.115,-30.674],[118.115,-30.6485],[118.0745,-30.6485],[118.0745,-30.595],[118.1165,-30.599],[118.117,-30.5785],[118.1395,-30.5785],[118.16,-30.566],[118.16,-30.4955],[118.15,-30.464],[118.15,-30.2035],[118.508,-30.2035],[118.508,-29.8985],[118.508,-29.637],[118.503,-29.6125],[118.217,-29.6125],[117.932,-29.6125],[117.695,-29.6125],[117.7105,-29.6305],[117.7105,-29.664],[117.703,-29.6755],[117.669,-29.6725],[117.6125,-29.641],[117.6035,-29.644],[117.576,-29.618],[117.553,-29.6825],[117.5515,-29.7145],[117.5675,-29.74],[117.5425,-29.768],[117.5155,-29.7735],[117.502,-29.8015],[117.49,-29.857],[117.4945,-29.876],[117.5095,-29.8845],[117.5405,-29.8685],[117.5735,-29.8675],[117.5995,-29.8505],[117.641,-29.8475],[117.6655,-29.869],[117.667,-29.905],[117.656,-29.9345],[117.637,-29.95],[117.6195,-29.952],[117.5535,-29.943],[117.539,-29.9305],[117.512,-29.928],[117.5065,-29.95],[117.529,-29.9665],[117.522,-29.9935],[117.5315,-30.052],[117.528,-30.085],[117.533,-30.129],[117.527,-30.155],[117.5535,-30.206]]]},"properties":{"code":"55880","name":"Mount Marshall"}},
{"type":"Feature","geometry":{"type":"Polygon","coordinates":[[[118.059,-30.9605],[118.059,-31.001],[118.08,-31.001],[118.08,-31.049],[118.1565,-31.0175],[118.1645,-31.0335],[118.2025,-31.0265],[118.221,-31.0025],[118.2485,-31.0565],[118.275,-31.0435],[118.3475,-31.07],[118.3525,-31.049],[118.4355,-31.026],[118.4355,-30.937],[118.5055,-30.937],[118.52,-30.4925],[118.5195,-30.315],[118.508,-30.247],[118.508,-30.2035],[118.15,-30.2035],[118.15,-30.464],[118.16,-30.4955],[118.16,-30.566],[118.1395,-30.5785],[118.117,-30.5785],[118.1165,-30.599],[118.0745,-30.595],[118.0745,-30.6485],[118.115,-30.6485],[118.115,-30.674],[118.142,-30.7075],[118.142,-30.762],[118.1215,-30.762],[118.1035,-30.78],[118.1035,-30.8195],[118.0855,-30.8195],[118.0855,-30.8415],[118.061,-30.8415],[118.0535,-30.8655],[118.0805,-30.926],[118.0625,-30.928],[118.059,-30.9605]]]},"properties":{"code":"55950","name":"Mukinbudin"}},
{"type":"Feature","geometry":{"type":"Polygon","coordinates":[[[116.043,-31.933],[116.0615,-31.9265],[116.0815,-31.9495],[116.1255,-31.9375],[116.206,-31.9815],[116.2355,-32.014],[116.256,-32.023],[116.289,-32.062],[116.3235,-32.0625],[116.3235,-32.0235],[116.3025,-32.023],[116.303,-32.005],[116.367,-32.0055],[116.409,-32.0125],[116.415,-31.9095],[116.346,-31.907],[116.346,-31.8565],[116.3585,-31.8385],[116.3585,-31.8195],[116.343,-31.802],[116.348,-31.7095],[116.298,-31.7065],[116.283,-31.714],[116.263,-31.7615],[116.28,-31.7615],[116.282,-31.8195],[116.263,-31.827],[116.2115,-31.827],[116.1965,-31.8385],[116.077,-31.8385],[116.0765,-31.863],[116.0525,-31.882],[116.023,-31.886],[116.015,-31.9105],[116.043,-31.933]]]},"properties":{"code":"56090","name":"Mundaring"}},
{"type":"Feature","geometry":{"type":"Polygon","coordinates":[[[116.047,-28.253],[116.0325,-28.253],[116.0325,-28.199],[116.169,-28.199],[116.169,-28.184],[116.2405,-28.184],[116.2405,-28.12],[116.0535,-28.12],[116.0535,-28.013],[116.1185,-28.013],[116.1185,-28.0485],[116.1685,-28.0485],[116.1685,-27.7745],[116.3405,-27.7745],[116.3405,-27.751],[116.405,-27.751],[116.405,-27.647],[116.4535,-27.647],[116.4535,-27.604],[116.569,-27.604],[116.569,-27.629],[116.586,-27.629],[116.586,-27.67],[116.74,-27.6705],[116.74,-27.385],[116.717,-27.385],[116.717,-27.268],[116.8295,-27.268],[116.8295,-27.4045],[116.869,-27.4045],[116.869,-27.305],[117.0325,-27.305],[117.0325,-27.1745],[117.256,-27.1745],[117.256,-27.265],[117.334,-27.265],[117.334,-27.194],[117.3075,-27.194],[117.3075,-26.9185],[117.294,-26.9185],[117.294,-26.805],[117.3265,-26.805],[117.3265,-26.76],[117.3465,-26.76],[117.3465,-26.7],[117.4115,-26.7],[117.4115,-26.771],[117.541,-26.771],[117.541,-26.626],[117.6215,-26.626],[117.621,-26.3595],[117.4765,-26.3595],[117.4765,-26.269],[117.349,-26.269],[117.349,-26.092],[117.2725,-26.092],[117.2725,-26.1],[117.208,-26.1],[117.208,-26.023],[117.371,-26.023],[117.371,-25.949],[117.208,-25.949],[117.2085,-25.7965],[117.247,-25.796],[117.247,-25.6365],[116.915,-25.637],[116.915,-25.5835],[116.502,-25.584],[116.502,-25.6255],[116.4655,-25.6255],[116.466,-25.6845],[116.001,-25.6845],[116.001,-25.69],[115.859,-25.69],[115.859,-25.6845],[115.7045,-25.6845],[115.7045,-25.7335],[115.615,-25.7335],[115.615,-25.8275],[115.558,-25.8385],[115.508,-25.871],[115.4715,-25.866],[115.4715,-25.929],[115.4715,-26.0075],[115.5035,-26.0075],[115.5035,-26.2045],[115.516,-26.2045],[115.516,-26.277],[115.4065,-26.277],[115.4065,-26.7855],[115.3115,-26.7855],[115.312,-26.9745],[115.2985,-26.9745],[115.2985,-27.196],[115.319,-27.196],[115.319,-27.216],[115.2135,-27.216],[115.2135,-27.303],[115.229,-27.303],[115.229,-27.387],[115.2025,-27.387],[115.2025,-27.495],[115.229,-27.495],[115.229,-27.539],[115.305,-27.539],[115.305,-27.563],[115.4035,-27.565],[115.4035,-27.668],[115.399,-27.6925],[115.3295,-27.6925],[115.329,-27.818],[115.3785,-27.818],[115.3785,-27.938],[115.5345,-27.939],[115.5655,-27.929],[115.7265,-27.9295],[115.734,-27.9335],[115.8925,-27.9375],[115.8925,-27.9925],[115.9105,-27.9925],[115.9105,-28.066],[115.854,-28.066],[115.854,-28.0225],[115.8085,-28.0225],[115.8085,-28.4285],[115.8385,-28.4345],[115.996,-28.434],[115.996,-28.361],[115.932,-28.361],[115.932,-28.334],[115.958,-28.334],[115.958,-28.2875],[116.047,-28.2875],[116.047,-28.253]]]},"properties":{"code":"56160","name":"Murchison"}},
{"type":"Feature","geometry":{"type":"Polygon","coordinates":[[[115.76,-32.5745],[115.7765,-32.594],[115.761,-32.643],[115.7295,-32.6345],[115.7045,-32.6435],[115.6705,-32.6145],[115.6665,-32.633],[115.6845,-32.6535],[115.685,-32.6775],[115.728,-32.761],[115.713,-32.7735],[115.715,-32.794],[115.7595,-32.7905],[115.8455,-32.7985],[115.872,-32.792],[115.949,-32.7915],[115.9695,-32.772],[115.994,-32.779],[116.0145,-32.7555],[116.0795,-32.7625],[116.1105,-32.7755],[116.114,-32.7895],[116.178,-32.7895],[116.178,-32.803],[116.1875,-32.7815],[116.226,-32.792],[116.226,-32.756],[116.206,-32.7555],[116.2065,-32.675],[116.2645,-32.675],[116.2595,-32.6155],[116.2595,-32.498],[116.2595,-32.4585],[116.0075,-32.4585],[115.976,-32.4695],[115.9105,-32.4695],[115.9105,-32.455],[115.8575,-32.455],[115.8575,-32.4445],[115.8315,-32.4445],[115.8275,-32.458],[115.7845,-32.4555],[115.788,-32.4655],[115.7735,-32.5395],[115.754,-32.5585],[115.76,-32.5745]]]},"properties":{"code":"56230","name":"Murray"}},
{"type":"Feature","geometry":{"type":"Polygon","coordinates":[[[115.337,-34.315],[115.3695,-34.3225],[115.418,-34.3425],[115.486,-34.385],[115.5205,-34.397],[115.543,-34.4155],[115.559,-34.415],[115.5915,-34.4295],[115.6745,-34.4855],[115.725,-34.4625],[115.7655,-34.459],[115.792,-34.4405],[115.8205,-34.406],[115.7895,-34.375],[115.794,-34.334],[115.828,-34.3285],[115.8385,-34.3025],[115.867,-34.3045],[115.877,-34.2945],[115.878,-34.213],[115.906,-34.19],[115.909,-34.1665],[115.9445,-34.1615],[115.9445,-34.135],[115.971,-34.129],[116.011,-34.136],[116.011,-34.086],[115.98,-34.0855],[115.9795,-33.9975],[115.946,-33.9975],[115.946,-33.964],[115.936,-33.961],[115.936,-33.8975],[115.929,-33.8855],[115.902,-33.8855],[115.882,-33.8425],[115.866,-33.8555],[115.8175,-33.854],[115.837,-33.837],[115.8375,-33.791],[115.807,-33.7975],[115.763,-33.797],[115.7365,-33.7965],[115.736,-33.8115],[115.6695,-33.812],[115.6465,-33.8245],[115.542,-33.906],[115.536,-33.914],[115.4195,-33.92],[115.4145,-33.9765],[115.3905,-33.9995],[115.4035,-34.0535],[115.3915,-34.078],[115.4025,-34.092],[115.402,-34.1565],[115.337,-34.16],[115.337,-34.315]]]},"properties":{"code":"56300","name":"Nannup"}},
{"type":"Feature","geometry":{"type":"Polygon","coordinates":[[[118.2085,-32.231],[118.195,-32.2495],[118.195,-32.2795],[118.2485,-32.2775],[118.27,-32.272],[118.3215,-32.2715],[118.3215,-32.2865],[118.4705,-32.2855],[118.5115,-32.274],[118.624,-32.2775],[118.615,-32.252],[118.7445,-32.246],[118.797,-32.23],[118.86,-32.241],[118.914,-32.2375],[118.914,-32.2135],[119.1615,-32.2145],[119.179,-32.2035],[119.0875,-32.1005],[119.185,-32.1005],[119.176,-32.082],[119.176,-32.0135],[119.1345,-32.0135],[119.1345,-31.9715],[119.103,-31.9715],[119.0915,-31.963],[119.0415,-31.968],[118.9795,-31.968],[118.958,-31.9445],[118.9205,-31.9155],[118.79,-31.7575],[118.734,-31.758],[118.7085,-31.7835],[118.67,-31.7805],[118.3785,-31.7815],[118.37,-31.802],[118.37,-31.8535],[118.3445,-31.8535],[118.3445,-31.8735],[118.317,-31.874],[118.318,-31.984],[118.294,-31.984],[118.294,-32.024],[118.2635,-32.024],[118.268,-32.0635],[118.2445,-32.064],[118.2065,-32.0995],[118.2085,-32.231]]]},"properties":{"code":"56370","name":"Narembeen"}},
{"type":"Feature","geometry":{"type":"Polygon","coordinates":[[[116.9515,-32.8615],[116.9575,-32.888],[116.9545,-32.931],[116.9825,-32.943],[116.974,-32.9695],[116.974,-33.0005],[116.987,-33.0105],[117.0065,-33.0035],[117.005,-33.071],[117.017,-33.09],[117.0185,-33.1385],[117.027,-33.1695],[117.013,-33.19],[117.083,-33.18],[117.1075,-33.179],[117.153,-33.1565],[117.187,-33.16],[117.194,-33.148],[117.2785,-33.142],[117.2815,-33.124],[117.351,-33.1255],[117.363,-33.1035],[117.3945,-33.108],[117.4385,-33.103],[117.4915,-33.105],[117.5125,-33.093],[117.5095,-33.072],[117.532,-33.064],[117.564,-33.063],[117.5675,-33.0345],[117.561,-33.0005],[117.5695,-32.9725],[117.5685,-32.924],[117.572,-32.887],[117.563,-32.8745],[117.5135,-32.878],[117.4865,-32.8735],[117.4785,-32.839],[117.422,-32.836],[117.4105,-32.804],[117.39,-32.804],[117.381,-32.839],[117.3385,-32.8495],[117.2875,-32.871],[117.214,-32.8715],[117.0895,-32.8685],[117.0665,-32.875],[117.018,-32.8775],[116.9715,-32.8615],[116.9515,-32.8615]]]},"properties":{"code":"56460","name":"Narrogin"}},
{"type":"Feature","geometry":{"type":"Polygon","coordinates":[[[115.754,-31.9515],[115.753,-31.982],[115.767,-31.982],[115.787,-31.9915],[115.8175,-31.99],[115.814,-31.9645],[115.804,-31.9475],[115.754,-31.9515]]]},"properties":{"code":"56580","name":"Nedlands"}},
{"type":"Feature","geometry":{"type":"Polygon","coordinates":[[[129.002,-26.745],[129.002,-25.9985],[129.0005,-25.9985],[129.0005,-23.4405],[128.484,-23.4415],[127.816,-23.4405],[126.0015,-23.449],[125.489,-23.4465],[125.0395,-23.4435],[124.668,-23.4405],[124.668,-26.745],[125.009,-26.746],[125.7565,-26.745],[127.1485,-26.745],[128.329,-26.748],[128.6,-26.747],[129.002,-26.745]]]},"properties":{"code":"56620","name":"Ngaanyatjarraku"}},
{"type":"Feature","geometry":{"type":"Polygon","coordinates":[[[116.348,-31.7095],[116.343,-31.802],[116.3585,-31.8195],[116.3585,-31.8385],[116.346,-31.8565],[116.346,-31.907],[116.415,-31.9095],[116.521,-31.9135],[116.5565,-31.886],[116.53,-31.8605],[116.5095,-31.8185],[116.541,-31.8055],[116.573,-31.8055],[116.748,-31.7285],[116.776,-31.7275],[116.7855,-31.7435],[116.812,-31.7315],[116.827,-31.7565],[116.923,-31.717],[116.9145,-31.7],[116.9365,-31.694],[116.953,-31.703],[116.9615,-31.683],[116.886,-31.561],[116.855,-31.4895],[116.829,-31.5025],[116.819,-31.4845],[116.7625,-31.504],[116.7315,-31.489],[116.7055,-31.499],[116.6505,-31.488],[116.6,-31.508],[116.599,-31.5325],[116.587,-31.572],[116.4915,-31.614],[116.5115,-31.64],[116.4885,-31.65],[116.5185,-31.686],[116.4955,-31.686],[116.476,-31.6965],[116.463,-31.6785],[116.423,-31.702],[116.3765,-31.702],[116.348,-31.7095]]]},"properties":{"code":"56730","name":"Northam"}},
{"type":"Feature","geometry":{"type":"Polygon","coordinates":[[[114.56,-28.544],[114.583,-28.5205],[114.5965,-28.5305],[114.6305,-28.5375],[114.6325,-28.499],[114.6675,-28.491],[114.679,-28.481],[114.6875,-28.441],[114.724,-28.4375],[114.724,-28.422],[114.746,-28.3955],[114.782,-28.3725],[114.796,-28.3385],[114.796,-28.2755],[114.7695,-28.263],[114.7695,-28.217],[114.984,-28.217],[114.9895,-28.1685],[115.021,-28.161],[115.0395,-28.047],[115.0395,-28.024],[115.0575,-28.006],[115.059,-27.953],[115.129,-27.9375],[115.1835,-27.9405],[115.195,-27.935],[115.252,-27.937],[115.2595,-27.915],[115.2595,-27.818],[115.3195,-27.818],[115.329,-27.818],[115.3295,-27.6925],[115.399,-27.6925],[115.4035,-27.668],[115.4035,-27.565],[115.305,-27.563],[115.305,-27.539],[115.229,-27.539],[115.229,-27.495],[115.2025,-27.495],[115.2025,-27.387],[115.229,-27.387],[115.229,-27.303],[115.2135,-27.303],[115.0695,-27.304],[114.7505,-27.283],[114.4575,-27.283],[114.4575,-27.228],[114.2825,-27.228],[114.2815,-27.2015],[114.2305,-27.2015],[114.2305,-27.1125],[114.068,-27.1125],[114.068,-27.23],[113.965,-27.23],[114.017,-27.3225],[114.0855,-27.4605],[114.11,-27.5195],[114.1285,-27.585],[114.1505,-27.6475],[114.161,-27.7015],[114.1525,-27.733],[114.14,-27.744],[114.118,-27.7925],[114.105,-27.8495],[114.12,-27.8865],[114.141,-27.9565],[114.1695,-28.093],[114.234,-28.175],[114.2395,-28.1865],[114.2785,-28.2115],[114.321,-28.2305],[114.334,-28.257],[114.409,-28.342],[114.4345,-28.396],[114.491,-28.4465],[114.5145,-28.474],[114.56,-28.544]]]},"properties":{"code":"56790","name":"Northampton"}},
{"type":"Feature","geometry":{"type":"Polygon","coordinates":[[[118.08,-31.049],[118.011,-31.0945],[117.9995,-31.1215],[117.997,-31.17],[117.955,-31.2405],[117.9555,-31.282],[117.9345,-31.334],[117.9845,-31.3355],[117.9925,-31.323],[118.0155,-31.334],[118.0775,-31.3335],[118.12,-31.319],[118.112,-31.2775],[118.149,-31.2775],[118.1795,-31.2635],[118.2825,-31.2635],[118.2825,-31.245],[118.3195,-31.2285],[118.3235,-31.194],[118.352,-31.151],[118.393,-31.153],[118.4335,-31.1395],[118.505,-31.1375],[118.5055,-30.937],[118.4355,-30.937],[118.4355,-31.026],[118.3525,-31.049],[118.3475,-31.07],[118.275,-31.0435],[118.2485,-31.0565],[118.221,-31.0025],[118.2025,-31.0265],[118.1645,-31.0335],[118.1565,-31.0175],[118.08,-31.049]]]},"properties":{"code":"56860","name":"Nungarin"}},
{"type":"Feature","geometry":{"type":"Polygon","coordinates":[[[115.759,-32.004],[115.7725,-32.0035],[115.773,-31.9935],[115.766,-31.9935],[115.759,-32.004]]]},"properties":{"code":"56930","name":"Peppermint Grove"}},
{"type":"Feature","geometry":{"type":"Polygon","coordinates":[[[116.018,-29.516],[116.053,-29.516],[116.0835,-29.529],[116.0835,-29.55],[116.102,-29.55],[116.106,-29.6505],[116.134,-29.651],[116.144,-29.6805],[116.144,-29.7195],[116.163,-29.7175],[116.163,-29.749],[116.1795,-29.749],[116.188,-29.773],[116.217,-29.7635],[116.246,-29.7635],[116.2465,-29.7915],[116.273,-29.7915],[116.2965,-29.8065],[116.29,-29.82],[116.295,-29.8605],[116.3075,-29.86],[116.308,-29.8955],[116.3225,-29.9255],[116.358,-29.923],[116.45,-29.924],[116.5065,-29.92],[116.522,-29.904],[116.605,-29.907],[116.746,-29.9075],[116.7585,-29.8885],[116.7795,-29.8895],[116.84,-29.837],[116.8205,-29.8335],[116.806,-29.8185],[116.793,-29.7895],[116.792,-29.7435],[116.856,-29.7435],[116.856,-29.7735],[117.101,-29.7735],[117.1005,-29.46],[117.1015,-29.442],[117.029,-29.442],[117.029,-29.262],[117.153,-29.262],[117.153,-29.1865],[117.032,-29.1865],[117.032,-29.143],[117.0515,-29.143],[117.065,-29.122],[117.0515,-29.1],[117.0515,-29.062],[116.959,-29.062],[116.9335,-29.071],[116.9335,-28.9605],[116.839,-28.961],[116.8385,-28.866],[116.626,-28.8665],[116.627,-28.908],[116.5465,-28.908],[116.5465,-29.082],[116.4805,-29.082],[116.4805,-29.094],[116.491,-29.094],[116.491,-29.194],[116.3855,-29.195],[116.3865,-29.2595],[116.2735,-29.2625],[116.2735,-29.2745],[116.1195,-29.2895],[116.1195,-29.324],[115.9185,-29.3245],[115.918,-29.344],[115.918,-29.406],[115.968,-29.4055],[115.968,-29.4645],[116.018,-29.464],[116.018,-29.516]]]},"properties":{"code":"57000","name":"Perenjori"}},
{"type":"Feature","geometry":{"type":"Polygon","coordinates":[[[115.814,-31.9645],[115.8175,-31.99],[115.822,-31.977],[115.8545,-31.9585],[115.8785,-31.9665],[115.8815,-31.9475],[115.844,-31.9415],[115.8415,-31.9435],[115.814,-31.9645]]]},"properties":{"code":"57080","name":"Perth"}},
{"type":"Feature","geometry":{"type":"Polygon","coordinates":[[[116.908,-32.6605],[117.006,-32.634],[117.045,-32.6045],[117.0725,-32.5895],[117.0865,-32.594],[117.1655,-32.5945],[117.1765,-32.6005],[117.23,-32.594],[117.281,-32.5935],[117.305,-32.5885],[117.322,-32.6105],[117.363,-32.622],[117.3875,-32.6075],[117.4175,-32.612],[117.4815,-32.6115],[117.5145,-32.618],[117.552,-32.618],[117.552,-32.6035],[117.5735,-32.5925],[117.574,-32.541],[117.573,-32.5125],[117.5545,-32.4945],[117.5335,-32.4945],[117.5235,-32.4785],[117.519,-32.428],[117.471,-32.427],[117.462,-32.4115],[117.4165,-32.402],[117.405,-32.414],[117.349,-32.414],[117.3315,-32.404],[117.206,-32.411],[117.2005,-32.403],[117.1515,-32.431],[117.101,-32.4385],[117.0475,-32.4615],[116.99,-32.4615],[116.971,-32.4565],[116.9,-32.4525],[116.8415,-32.453],[116.8235,-32.4885],[116.891,-32.561],[116.917,-32.581],[116.91,-32.6045],[116.908,-32.6605]]]},"properties":{"code":"57140","name":"Pingelly"}},
{"type":"Feature","geometry":{"type":"Polygon","coordinates":[[[116.8425,-34.7535],[117.323,-34.7535],[117.323,-34.7645],[117.376,-34.7695],[117.4245,-34.767],[117.474,-34.7575],[117.488,-34.7635],[117.488,-34.8305],[117.5645,-34.83],[117.5705,-34.8375],[117.624,-34.84],[117.6995,-34.84],[117.706,-34.8435],[117.854,-34.8475],[117.8695,-34.8345],[117.8555,-34.818],[117.909,-34.818],[117.909,-34.7665],[117.9345,-34.7665],[117.9525,-34.7465],[117.966,-34.7625],[117.9695,-34.696],[117.99,-34.6925],[118.0055,-34.6655],[118.031,-34.658],[118.031,-34.646],[118.0745,-34.6395],[118.0915,-34.6635],[118.209,-34.664],[118.2085,-34.5475],[118.262,-34.5475],[118.3205,-34.53],[118.3235,-34.4865],[118.351,-34.46],[118.3535,-34.434],[118.4105,-34.405],[117.987,-34.4055],[117.679,-34.405],[117.633,-34.414],[117.606,-34.403],[117.5075,-34.4015],[117.5075,-34.429],[117.4735,-34.438],[117.4735,-34.4625],[117.4225,-34.463],[117.4225,-34.4765],[117.3525,-34.4765],[117.3525,-34.45],[117.292,-34.454],[117.2665,-34.464],[117.2655,-34.4405],[117.224,-34.4405],[117.224,-34.455],[117.189,-34.4645],[117.151,-34.4645],[117.151,-34.449],[117.0645,-34.4525],[116.9635,-34.4525],[116.95,-34.444],[116.8935,-34.4445],[116.893,-34.484],[116.8665,-34.503],[116.864,-34.52],[116.8455,-34.5245],[116.8325,-34.5745],[116.811,-34.5795],[116.798,-34.6025],[116.8135,-34.62],[116.785,-34.6535],[116.7915,-34.6665],[116.8205,-34.6735],[116.845,-34.6705],[116.835,-34.727],[116.8425,-34.7535]]]},"properties":{"code":"57210","name":"Plantagenet"}},
{"type":"Feature","geometry":{"type":"Polygon","coordinates":[[[117.811,-20.6735],[117.929,-20.674],[117.929,-20.794],[118.0095,-20.794],[118.0095,-20.8255],[118.0715,-20.8255],[118.091,-20.838],[118.145,-20.8045],[118.186,-20.8045],[118.186,-20.854],[118.1605,-20.854],[118.1605,-20.875],[118.212,-20.875],[118.212,-20.9265],[118.2045,-20.9265],[118.2045,-21.0805],[118.0155,-21.0805],[118.0155,-21.239],[118.0695,-21.239],[118.0695,-21.2965],[118.1465,-21.2965],[118.1465,-21.345],[118.111,-21.345],[118.111,-21.4165],[118.0855,-21.4165],[118.0855,-21.479],[118.156,-21.479],[118.156,-21.387],[118.205,-21.387],[118.205,-21.49],[118.231,-21.49],[118.231,-21.53],[118.199,-21.53],[118.199,-21.608],[118.2535,-21.608],[118.2535,-21.6845],[118.3695,-21.6845],[118.3695,-21.6575],[118.502,-21.6575],[118.502,-21.696],[118.551,-21.696],[118.551,-21.769],[118.532,-21.769],[118.532,-21.81],[118.5885,-21.81],[118.5885,-21.9605],[118.6975,-21.9605],[118.7475,-21.9605],[118.7475,-22.0015],[119.01,-22.0015],[119.0105,-21.981],[119.0005,-21.962],[119.0005,-21.9115],[119.0625,-21.9115],[119.0625,-21.824],[119.181,-21.824],[119.181,-21.6655],[119.1225,-21.6655],[119.1225,-21.569],[119.057,-21.569],[119.057,-21.489],[119.0625,-21.489],[119.0625,-21.373],[118.8925,-21.373],[118.8325,-21.24],[118.8375,-21.2185],[118.835,-21.163],[118.8155,-21.1385],[118.801,-21.133],[118.697,-21.133],[118.697,-20.9145],[118.828,-20.915],[118.8285,-20.8565],[118.82,-20.8565],[118.82,-20.812],[118.9155,-20.812],[118.9155,-20.6325],[118.994,-20.6325],[118.988,-20.59],[119.1845,-20.59],[119.1845,-20.583],[119.391,-20.583],[119.391,-20.365],[119.512,-20.365],[119.512,-20.046],[119.47,-20.0115],[119.444,-20.0175],[119.4205,-19.996],[119.3855,-19.999],[119.3425,-19.9865],[119.32,-19.9885],[119.2585,-19.972],[119.2185,-19.953],[119.1855,-19.9515],[119.1735,-19.9575],[119.168,-19.992],[119.1185,-19.9615],[119.0965,-19.9605],[119.0795,-20.0045],[119.0535,-20.023],[118.9955,-20.0345],[118.9855,-20.055],[118.9785,-20.09],[118.959,-20.127],[118.943,-20.1435],[118.8965,-20.168],[118.8675,-20.209],[118.8605,-20.227],[118.8415,-20.2315],[118.8215,-20.2815],[118.771,-20.2815],[118.7515,-20.287],[118.677,-20.3265],[118.642,-20.3125],[118.633,-20.2985],[118.6145,-20.306],[118.5745,-20.311],[118.6055,-20.331],[118.576,-20.338],[118.5635,-20.3295],[118.569,-20.2945],[118.532,-20.303],[118.509,-20.3395],[118.486,-20.3465],[118.419,-20.3405],[118.352,-20.358],[118.343,-20.331],[118.298,-20.3515],[118.262,-20.3575],[118.2525,-20.3695],[118.225,-20.367],[118.166,-20.385],[118.177,-20.3665],[118.173,-20.351],[118.138,-20.37],[118.07,-20.416],[118.05,-20.422],[118.026,-20.4535],[117.986,-20.474],[117.939,-20.4815],[117.9435,-20.4975],[117.9275,-20.5405],[117.8735,-20.558],[117.873,-20.58],[117.86,-20.604],[117.7785,-20.657],[117.794,-20.675],[117.811,-20.6735]]]},"properties":{"code":"57280","name":"Port Hedland"}},
{"type":"Feature","geometry":{"type":"Polygon","coordinates":[[[117.2395,-32.2285],[117.3165,-32.2295],[117.4115,-32.221],[117.412,-32.226],[117.4285,-32.226],[117.4285,-32.201],[117.5435,-32.203],[117.58,-32.189],[117.622,-32.1885],[117.633,-32.162],[117.6755,-32.162],[117.6795,-32.095],[117.702,-32.095],[117.7,-32.008],[117.694,-31.968],[117.678,-31.933],[117.678,-31.8225],[117.6485,-31.814],[117.57,-31.8295],[117.539,-31.841],[117.4845,-31.839],[117.4845,-31.8285],[117.4455,-31.8205],[117.428,-31.808],[117.3885,-31.805],[117.391,-31.814],[117.2885,-31.856],[117.228,-31.818],[117.2285,-31.795],[117.1855,-31.7955],[117.134,-31.8175],[117.1585,-31.8565],[117.126,-31.891],[117.142,-31.9105],[117.0965,-31.9305],[117.105,-31.945],[117.0875,-31.9595],[117.0995,-31.982],[117.144,-31.982],[117.195,-32.007],[117.2165,-32.036],[117.2275,-32.039],[117.231,-32.073],[117.2255,-32.1195],[117.239,-32.1195],[117.238,-32.165],[117.247,-32.1795],[117.239,-32.198],[117.2395,-32.2285]]]},"properties":{"code":"57350","name":"Quairading"}},
{"type":"Feature","geometry":{"type":"Polygon","coordinates":[[[119.4435,-33.526],[119.54,-33.577],[119.4405,-33.7105],[119.455,-33.741],[119.431,-33.7635],[119.4485,-33.803],[119.4975,-33.8035],[119.4975,-33.999],[119.4975,-34.2885],[119.531,-34.227],[119.554,-34.199],[119.588,-34.17],[119.5815,-34.153],[119.5975,-34.1345],[119.6405,-34.112],[119.64,-34.095],[119.6825,-34.079],[119.71,-34.062],[119.733,-34.061],[119.744,-34.0475],[119.7815,-34.027],[119.788,-34.0055],[119.8045,-33.991],[119.8585,-33.97],[119.926,-33.9695],[119.9455,-33.9765],[119.9895,-33.9375],[120.011,-33.9365],[120.044,-33.923],[120.113,-33.945],[120.119,-33.952],[120.1765,-33.935],[120.2305,-33.9325],[120.3655,-33.9525],[120.4365,-33.972],[120.4665,-33.9675],[120.53,-33.931],[120.5565,-33.9245],[120.5625,-33.896],[120.6015,-33.886],[120.639,-33.8915],[120.6805,-33.8855],[120.7115,-33.893],[120.7885,-33.8865],[120.796,-33.811],[120.819,-33.8065],[120.859,-33.7615],[120.856,-33.741],[120.8715,-33.723],[120.8545,-33.6575],[120.831,-33.6295],[120.8235,-33.6095],[120.8265,-33.5865],[120.8155,-33.56],[120.7885,-33.518],[120.7655,-33.4535],[120.745,-33.4215],[120.78,-33.4055],[120.7715,-33.369],[120.772,-33.2545],[120.75,-33.246],[120.7245,-33.222],[120.665,-33.215],[120.603,-33.23],[120.5105,-33.244],[120.4495,-33.2135],[120.3925,-33.203],[120.2805,-33.1625],[120.245,-33.161],[120.21,-33.149],[120.1275,-33.107],[120.0855,-33.079],[120.0275,-33.0805],[120.061,-33.119],[119.972,-33.1675],[119.9795,-33.1775],[119.9795,-33.238],[120.0025,-33.238],[120.0025,-33.254],[119.943,-33.291],[119.849,-33.342],[119.8045,-33.3515],[119.7705,-33.3895],[119.6785,-33.329],[119.543,-33.4475],[119.4525,-33.5115],[119.4435,-33.526]]]},"properties":{"code":"57420","name":"Ravensthorpe"}},
{"type":"Feature","geometry":{"type":"MultiPolygon","coordinates":[[[[115.7845,-32.4555],[115.8275,-32.458],[115.8315,-32.4445],[115.8575,-32.4445],[115.8575,-32.406],[115.83,-32.4065],[115.8355,-32.379],[115.852,-32.3685],[115.855,-32.3465],[115.875,-32.3325],[115.8895,-32.292],[115.8725,-32.278],[115.8425,-32.2725],[115.7985,-32.2865],[115.785,-32.269],[115.7855,-32.249],[115.755,-32.2515],[115.726,-32.2765],[115.699,-32.278],[115.702,-32.3055],[115.73,-32.31],[115.7435,-32.337],[115.739,-32.359],[115.713,-32.372],[115.746,-32.4085],[115.748,-32.4555],[115.7845,-32.4555]]],[[[115.67,-32.196],[115.681,-32.244],[115.6955,-32.22],[115.67,-32.196]]]]},"properties":{"code":"57490","name":"Rockingham"}},
{"type":"Feature","geometry":{"type":"Polygon","coordinates":[[[120.0585,-27.2905],[119.585,-27.2905],[119.585,-27.242],[119.3325,-27.242],[119.201,-27.231],[119.1855,-27.2745],[119.094,-27.2745],[119.094,-27.297],[119.0245,-27.297],[119.0245,-27.313],[118.8435,-27.313],[118.8435,-27.3735],[118.682,-27.3735],[118.682,-27.689],[118.7395,-27.689],[118.7395,-27.7795],[118.6315,-27.7795],[118.6315,-27.8845],[118.65,-27.8845],[118.65,-28.006],[118.7115,-28.006],[118.7115,-28.135],[118.519,-28.135],[118.519,-28.1615],[118.5725,-28.1615],[118.5725,-28.303],[118.519,-28.303],[118.519,-28.3125],[118.448,-28.3125],[118.448,-28.462],[118.5315,-28.462],[118.5315,-28.4725],[118.5725,-28.4725],[118.5725,-28.545],[118.543,-28.545],[118.4485,-28.73],[118.449,-28.9805],[118.4075,-28.9805],[118.4075,-29.0065],[118.284,-29.0065],[118.284,-29.086],[118.1545,-29.086],[118.1545,-29.1475],[118.0915,-29.1475],[118.0915,-29.121],[117.946,-29.121],[117.946,-29.101],[117.8725,-29.101],[117.8725,-29.1105],[117.774,-29.1105],[117.7735,-29.2775],[117.8775,-29.278],[117.8775,-29.3065],[117.91,-29.3065],[117.91,-29.3275],[117.9275,-29.3285],[117.932,-29.382],[117.932,-29.6125],[118.217,-29.6125],[118.503,-29.6125],[118.4355,-29.2795],[118.4355,-29.105],[118.7205,-29.107],[118.7205,-29.2925],[119.058,-29.2925],[119.2005,-29.291],[119.3445,-29.111],[119.663,-29.113],[119.776,-28.915],[119.776,-28.848],[119.8025,-28.848],[119.8025,-28.464],[120.045,-28.464],[120.045,-28.291],[120.196,-28.291],[120.196,-28.047],[120.1545,-28.043],[120.1575,-27.6125],[120.0745,-27.6125],[120.0745,-27.5025],[120.0585,-27.5025],[120.0585,-27.2905]]]},"properties":{"code":"57630","name":"Sandstone"}},
{"type":"Feature","geometry":{"type":"Polygon","coordinates":[[[115.8725,-32.278],[115.8895,-32.292],[115.875,-32.3325],[115.855,-32.3465],[115.852,-32.3685],[115.8355,-32.379],[115.83,-32.4065],[115.8575,-32.406],[115.8575,-32.4445],[115.8575,-32.455],[115.9105,-32.455],[115.9105,-32.4695],[115.976,-32.4695],[116.0075,-32.4585],[116.2595,-32.4585],[116.2595,-32.39],[116.231,-32.356],[116.1895,-32.2875],[116.113,-32.2875],[116.1095,-32.2125],[116.0675,-32.2125],[116.024,-32.205],[116.016,-32.1865],[115.9725,-32.18],[115.8985,-32.18],[115.8855,-32.204],[115.8855,-32.265],[115.8725,-32.278]]]},"properties":{"code":"57700","name":"Serpentine-Jarrahdale"}},
{"type":"Feature","geometry":{"type":"MultiPolygon","coordinates":[[[[113.965,-27.23],[114.068,-27.23],[114.068,-27.1125],[114.2305,-27.1125],[114.2305,-27.2015],[114.2815,-27.2015],[114.2825,-27.228],[114.4575,-27.228],[114.4575,-27.283],[114.7505,-27.283],[115.0695,-27.304],[115.2135,-27.303],[115.2135,-27.216],[115.319,-27.216],[115.319,-27.196],[115.2985,-27.196],[115.2985,-26.9745],[115.312,-26.9745],[115.3115,-26.7855],[115.4065,-26.7855],[115.4065,-26.277],[115.516,-26.277],[115.516,-26.2045],[115.5035,-26.2045],[115.5035,-26.0075],[115.4715,-26.0075],[115.4715,-25.929],[115.2845,-25.929],[115.2845,-25.889],[115.268,-25.889],[115.268,-25.7855],[114.9915,-25.7855],[114.9915,-25.8745],[114.8495,-25.8745],[114.8495,-25.941],[114.758,-25.941],[114.758,-25.9985],[114.353,-25.9985],[114.353,-26.1435],[114.254,-26.143],[114.2415,-26.166],[114.191,-26.1685],[114.192,-26.2035],[114.2055,-26.224],[114.204,-26.245],[114.238,-26.284],[114.2375,-26.313],[114.216,-26.3415],[114.2175,-26.364],[114.194,-26.3815],[114.1665,-26.39],[114.1565,-26.41],[114.13,-26.426],[114.086,-26.4685],[114.054,-26.419],[113.9755,-26.3475],[113.9675,-26.3215],[113.9675,-26.294],[113.9505,-26.2675],[113.958,-26.241],[113.9425,-26.2255],[113.934,-26.1895],[113.947,-26.142],[113.92,-26.132],[113.9075,-26.1135],[113.909,-26.0585],[113.894,-26.0265],[113.9145,-25.9835],[113.9055,-25.9595],[113.8655,-25.9535],[113.8865,-26.0435],[113.88,-26.071],[113.811,-26.181],[113.79,-26.2075],[113.763,-26.213],[113.7255,-26.2045],[113.728,-26.18],[113.7075,-26.15],[113.6995,-26.0915],[113.7045,-26.0855],[113.7,-26.045],[113.7345,-26.0135],[113.7315,-25.9495],[113.7585,-25.905],[113.762,-25.8785],[113.7245,-25.865],[113.7195,-25.8405],[113.721,-25.793],[113.7035,-25.794],[113.673,-25.7725],[113.654,-25.7455],[113.6135,-25.723],[113.598,-25.699],[113.5895,-25.67],[113.585,-25.628],[113.571,-25.638],[113.538,-25.626],[113.525,-25.608],[113.515,-25.556],[113.517,-25.5165],[113.499,-25.527],[113.486,-25.551],[113.473,-25.5585],[113.449,-25.611],[113.432,-25.6255],[113.4185,-25.68],[113.4145,-25.7245],[113.4375,-25.7535],[113.455,-25.766],[113.4605,-25.7405],[113.4465,-25.723],[113.4585,-25.703],[113.4735,-25.727],[113.467,-25.7355],[113.4785,-25.7835],[113.463,-25.8115],[113.513,-25.852],[113.525,-25.883],[113.5175,-25.9195],[113.559,-25.9465],[113.5605,-25.9985],[113.5745,-26.0095],[113.567,-26.039],[113.5825,-26.074],[113.583,-26.0955],[113.6135,-26.098],[113.6395,-26.122],[113.663,-26.1655],[113.6825,-26.1785],[113.6835,-26.1985],[113.6975,-26.2215],[113.7535,-26.2335],[113.802,-26.255],[113.8365,-26.281],[113.865,-26.31],[113.8835,-26.341],[113.8855,-26.3715],[113.8705,-26.402],[113.8825,-26.42],[113.8885,-26.476],[113.885,-26.5025],[113.8635,-26.5365],[113.833,-26.5515],[113.8115,-26.577],[113.814,-26.6005],[113.7875,-26.605],[113.7635,-26.589],[113.753,-26.6085],[113.737,-26.6175],[113.7125,-26.6075],[113.687,-26.634],[113.666,-26.645],[113.658,-26.6115],[113.635,-26.6135],[113.632,-26.5765],[113.638,-26.503],[113.6185,-26.513],[113.5955,-26.513],[113.599,-26.5445],[113.589,-26.561],[113.5845,-26.5965],[113.559,-26.5725],[113.5645,-26.531],[113.577,-26.506],[113.5525,-26.469],[113.5605,-26.462],[113.5615,-26.403],[113.5485,-26.381],[113.555,-26.352],[113.539,-26.3145],[113.5355,-26.284],[113.5185,-26.2845],[113.513,-26.338],[113.528,-26.358],[113.516,-26.3985],[113.508,-26.402],[113.499,-26.477],[113.476,-26.474],[113.4845,-26.433],[113.5015,-26.4135],[113.485,-26.392],[113.499,-26.337],[113.4795,-26.3105],[113.48,-26.271],[113.462,-26.2535],[113.4595,-26.222],[113.4485,-26.2125],[113.444,-26.1665],[113.4215,-26.156],[113.4265,-26.1405],[113.3965,-26.114],[113.3855,-26.092],[113.388,-26.0665],[113.3795,-26.052],[113.36,-26.063],[113.377,-26.0775],[113.375,-26.0985],[113.387,-26.1085],[113.379,-26.1535],[113.383,-26.201],[113.3645,-26.2105],[113.354,-26.2765],[113.3585,-26.328],[113.382,-26.36],[113.3805,-26.399],[113.357,-26.3735],[113.3655,-26.354],[113.3535,-26.331],[113.3265,-26.3375],[113.3335,-26.3115],[113.3185,-26.239],[113.322,-26.1795],[113.319,-26.117],[113.311,-26.0675],[113.298,-26.021],[113.2845,-26.04],[113.2845,-26.0785],[113.2915,-26.0855],[113.288,-26.1525],[113.278,-26.1945],[113.28,-26.2265],[113.2675,-26.239],[113.2615,-26.192],[113.1975,-26.174],[113.178,-26.18],[113.231,-26.2275],[113.2775,-26.294],[113.2995,-26.3425],[113.2925,-26.3575],[113.308,-26.3875],[113.296,-26.399],[113.351,-26.4555],[113.4455,-26.5395],[113.5035,-26.5885],[113.5845,-26.6715],[113.6425,-26.7435],[113.6485,-26.757],[113.7365,-26.8665],[113.7845,-26.9315],[113.8165,-26.9795],[113.834,-27.0195],[113.861,-27.0605],[113.934,-27.182],[113.965,-27.23]]],[[[113.0125,-25.5165],[113.022,-25.5015],[112.9865,-25.4975],[112.972,-25.4805],[112.928,-25.5285],[112.929,-25.564],[112.921,-25.588],[112.9295,-25.6385],[112.937,-25.647],[112.958,-25.705],[112.9795,-25.7495],[112.974,-25.794],[113.023,-25.8605],[113.031,-25.894],[113.062,-25.9445],[113.1115,-25.994],[113.1555,-26.052],[113.18,-26.12],[113.2095,-26.136],[113.2235,-26.1245],[113.2365,-26.0915],[113.222,-26.0525],[113.202,-26.024],[113.194,-26.0015],[113.167,-25.98],[113.1365,-25.9775],[113.1265,-25.9225],[113.156,-25.888],[113.121,-25.8805],[113.1095,-25.868],[113.115,-25.8385],[113.1,-25.8105],[113.097,-25.789],[113.077,-25.7685],[113.0385,-25.6335],[113.009,-25.558],[113.0055,-25.536],[113.0125,-25.5165]]],[[[113.917,-25.859],[113.91,-25.818],[113.8805,-25.801],[113.856,-25.8105],[113.8545,-25.845],[113.88,-25.887],[113.908,-25.898],[113.922,-25.884],[113.917,-25.859]]]]},"properties":{"code":"57770","name":"Shark Bay"}},
{"type":"Feature","geometry":{"type":"Polygon","coordinates":[[[115.8975,-32.0185],[115.897,-32.0115],[115.893,-31.9835],[115.8785,-31.971],[115.8515,-31.97],[115.8565,-32.0205],[115.8975,-32.0185]]]},"properties":{"code":"57840","name":"South Perth"}},
{"type":"Feature","geometry":{"type":"Polygon","coordinates":[[[115.8785,-31.9375],[115.8935,-31.9195],[115.8805,-31.9085],[115.8925,-31.8905],[115.8785,-31.868],[115.8775,-31.8505],[115.8235,-31.8425],[115.751,-31.846],[115.755,-31.908],[115.766,-31.922],[115.802,-31.9325],[115.826,-31.9225],[115.847,-31.913],[115.8785,-31.9375]]]},"properties":{"code":"57910","name":"Stirling"}},
{"type":"Feature","geometry":{"type":"Polygon","coordinates":[[[115.814,-31.9645],[115.8415,-31.9435],[115.804,-31.9475],[115.814,-31.9645]]]},"properties":{"code":"57980","name":"Subiaco"}},
{"type":"Feature","geometry":{"type":"Polygon","coordinates":[[[115.8835,-31.6275],[115.883,-31.7955],[115.877,-31.812],[115.8775,-31.8505],[115.8785,-31.868],[115.9155,-31.866],[115.9335,-31.8875],[115.9595,-31.8945],[115.964,-31.91],[115.954,-31.92],[115.981,-31.9435],[115.996,-31.9235],[116.043,-31.933],[116.015,-31.9105],[116.023,-31.886],[116.0525,-31.882],[116.0765,-31.863],[116.077,-31.8385],[116.1965,-31.8385],[116.2115,-31.827],[116.263,-31.827],[116.282,-31.8195],[116.28,-31.7615],[116.263,-31.7615],[116.283,-31.714],[116.298,-31.7065],[116.2875,-31.7065],[116.288,-31.671],[116.2385,-31.6705],[116.2385,-31.6],[116.1505,-31.6],[116.0355,-31.597],[115.985,-31.603],[115.985,-31.6275],[115.8835,-31.6275]]]},"properties":{"code":"58050","name":"Swan"}},
{"type":"Feature","geometry":{"type":"Polygon","coordinates":[[[117.3885,-31.805],[117.428,-31.808],[117.4455,-31.8205],[117.4845,-31.8285],[117.4845,-31.839],[117.539,-31.841],[117.57,-31.8295],[117.57,-31.813],[117.595,-31.816],[117.6045,-31.7775],[117.604,-31.6945],[117.6215,-31.6675],[117.617,-31.538],[117.6115,-31.504],[117.6165,-31.4465],[117.6045,-31.4265],[117.6045,-31.3905],[117.622,-31.3785],[117.622,-31.369],[117.524,-31.3695],[117.4675,-31.373],[117.4675,-31.408],[117.4355,-31.408],[117.4355,-31.439],[117.377,-31.434],[117.3565,-31.459],[117.384,-31.4595],[117.376,-31.4805],[117.376,-31.5315],[117.38,-31.5455],[117.376,-31.5955],[117.3395,-31.5975],[117.3555,-31.618],[117.3575,-31.717],[117.3735,-31.736],[117.3595,-31.762],[117.384,-31.7895],[117.3885,-31.805]]]},"properties":{"code":"58190","name":"Tammin"}},
{"type":"Feature","geometry":{"type":"Polygon","coordinates":[[[115.2535,-29.3645],[115.2535,-29.634],[115.245,-29.634],[115.245,-29.689],[115.245,-29.7395],[115.7345,-29.7395],[115.7715,-29.7335],[115.762,-29.6785],[115.749,-29.6655],[115.748,-29.636],[115.759,-29.6205],[115.76,-29.5715],[115.7705,-29.568],[115.845,-29.5805],[115.8765,-29.5805],[115.8765,-29.5515],[115.917,-29.5515],[115.9185,-29.5345],[115.9925,-29.5345],[115.9925,-29.5155],[116.018,-29.516],[116.018,-29.464],[115.968,-29.4645],[115.968,-29.4055],[115.918,-29.406],[115.918,-29.344],[115.8535,-29.344],[115.8535,-29.288],[115.752,-29.2885],[115.75,-29.356],[115.663,-29.356],[115.6505,-29.373],[115.6295,-29.356],[115.5715,-29.3575],[115.5715,-29.347],[115.3545,-29.346],[115.3065,-29.361],[115.2535,-29.3645]]]},"properties":{"code":"58260","name":"Three Springs"}},
{"type":"Feature","geometry":{"type":"Polygon","coordinates":[[[116.1505,-31.6],[116.2385,-31.6],[116.2385,-31.6705],[116.288,-31.671],[116.2875,-31.7065],[116.298,-31.7065],[116.348,-31.7095],[116.3765,-31.702],[116.423,-31.702],[116.463,-31.6785],[116.476,-31.6965],[116.4955,-31.686],[116.5185,-31.686],[116.4885,-31.65],[116.5115,-31.64],[116.4915,-31.614],[116.587,-31.572],[116.599,-31.5325],[116.6,-31.508],[116.595,-31.4955],[116.604,-31.4555],[116.5985,-31.4365],[116.598,-31.395],[116.6255,-31.2735],[116.569,-31.3115],[116.548,-31.2765],[116.499,-31.298],[116.492,-31.2865],[116.4495,-31.3055],[116.44,-31.291],[116.4025,-31.3075],[116.3605,-31.2365],[116.308,-31.2365],[116.245,-31.2305],[116.2455,-31.354],[116.165,-31.3545],[116.166,-31.5275],[116.1505,-31.5275],[116.1505,-31.6]]]},"properties":{"code":"58330","name":"Toodyay"}},
{"type":"Feature","geometry":{"type":"Polygon","coordinates":[[[117.654,-31.3785],[117.681,-31.392],[117.7455,-31.392],[117.753,-31.3795],[117.792,-31.3505],[117.792,-31.34],[117.839,-31.344],[117.839,-31.334],[117.9345,-31.334],[117.9555,-31.282],[117.955,-31.2405],[117.997,-31.17],[117.9995,-31.1215],[118.011,-31.0945],[118.08,-31.049],[118.08,-31.001],[118.059,-31.001],[118.059,-30.9605],[117.923,-30.962],[117.923,-30.9415],[117.862,-30.9415],[117.832,-30.95],[117.754,-30.9515],[117.7545,-30.975],[117.701,-30.9725],[117.697,-30.9555],[117.621,-30.9535],[117.621,-31.0055],[117.5965,-31.018],[117.614,-31.0375],[117.6165,-31.1165],[117.6095,-31.1165],[117.6095,-31.22],[117.6025,-31.22],[117.6045,-31.319],[117.642,-31.319],[117.642,-31.3685],[117.654,-31.3785]]]},"properties":{"code":"58400","name":"Trayning"}},
{"type":"Feature","geometry":{"type":"Polygon","coordinates":[[[117.626,-23.7925],[117.053,-23.7885],[117.0445,-23.8045],[116.8585,-23.805],[116.8585,-23.573],[116.598,-23.5745],[116.5985,-23.51],[116.4955,-23.51],[116.494,-23.599],[116.297,-23.5995],[116.297,-23.655],[116.1905,-23.655],[116.1905,-23.6315],[116.137,-23.6315],[116.137,-23.6025],[116.076,-23.6025],[116.076,-23.578],[115.9795,-23.578],[115.98,-23.888],[115.872,-23.888],[115.872,-23.867],[115.777,-23.8665],[115.774,-23.842],[115.726,-23.8425],[115.7275,-23.743],[115.7035,-23.743],[115.7035,-23.675],[115.605,-23.6755],[115.569,-23.6755],[115.569,-23.7785],[115.4705,-23.7785],[115.4705,-23.7995],[115.425,-23.7995],[115.4175,-23.804],[115.429,-23.8425],[115.4165,-23.895],[115.406,-23.9105],[115.405,-24.006],[115.477,-24.006],[115.477,-24.0875],[115.481,-24.0875],[115.481,-24.169],[115.4625,-24.169],[115.4625,-24.2415],[115.445,-24.2415],[115.445,-24.274],[115.3845,-24.274],[115.3855,-24.2245],[115.2105,-24.224],[115.211,-24.1185],[115.1125,-24.1225],[115.113,-24.2375],[114.995,-24.239],[114.995,-24.4555],[114.988,-24.4555],[114.988,-24.5795],[115.149,-24.578],[115.149,-24.6485],[115.1835,-24.6485],[115.1835,-24.7935],[115.1675,-24.7935],[115.1675,-24.866],[115.1285,-24.866],[115.1285,-24.9125],[115.0385,-24.9125],[114.97,-24.917],[114.97,-24.9105],[114.821,-24.9105],[114.821,-24.9515],[114.807,-24.967],[114.807,-25.207],[114.8965,-25.207],[114.8965,-25.288],[114.8065,-25.288],[114.8065,-25.349],[114.9445,-25.349],[114.9445,-25.575],[114.9915,-25.575],[114.9915,-25.7855],[115.268,-25.7855],[115.268,-25.889],[115.2845,-25.889],[115.2845,-25.929],[115.4715,-25.929],[115.4715,-25.866],[115.508,-25.871],[115.558,-25.8385],[115.615,-25.8275],[115.615,-25.7335],[115.7045,-25.7335],[115.7045,-25.6845],[115.859,-25.6845],[115.859,-25.69],[116.001,-25.69],[116.001,-25.6845],[116.466,-25.6845],[116.4655,-25.6255],[116.502,-25.6255],[116.502,-25.584],[116.915,-25.5835],[116.915,-25.637],[117.247,-25.6365],[117.247,-25.6075],[117.2945,-25.6075],[117.2945,-25.5835],[117.373,-25.5835],[117.371,-25.4825],[117.371,-25.367],[117.677,-25.367],[117.677,-25.392],[117.757,-25.392],[117.757,-25.274],[117.736,-25.274],[117.736,-25.2145],[117.794,-25.2145],[117.794,-24.855],[117.721,-24.855],[117.721,-24.7835],[117.871,-24.7835],[117.871,-24.707],[117.791,-24.707],[117.791,-24.6945],[117.6185,-24.6945],[117.6185,-24.5345],[117.6785,-24.5345],[117.6655,-24.5155],[117.6655,-24.375],[117.819,-24.375],[117.83,-24.0255],[117.83,-23.9725],[117.8085,-23.9725],[117.8085,-23.8905],[117.626,-23.8905],[117.626,-23.7925]]]},"properties":{"code":"58470","name":"Upper Gascoyne"}},
{"type":"Feature","geometry":{"type":"Polygon","coordinates":[[[115.8785,-31.971],[115.893,-31.9835],[115.897,-32.0115],[115.933,-31.984],[115.897,-31.9525],[115.8785,-31.971]]]},"properties":{"code":"58510","name":"Victoria Park"}},
{"type":"Feature","geometry":{"type":"Polygon","coordinates":[[[115.934,-30.846],[115.934,-30.9315],[115.94,-30.98],[115.952,-31.0045],[115.952,-31.0605],[116.0455,-31.0605],[116.0485,-31.089],[116.2215,-31.089],[116.2345,-31.116],[116.2345,-31.178],[116.2475,-31.1805],[116.245,-31.2305],[116.308,-31.2365],[116.3605,-31.2365],[116.4025,-31.3075],[116.44,-31.291],[116.4495,-31.3055],[116.492,-31.2865],[116.499,-31.298],[116.548,-31.2765],[116.569,-31.3115],[116.6255,-31.2735],[116.637,-31.221],[116.6015,-31.1605],[116.6165,-31.1605],[116.613,-31.0375],[116.6005,-31.0125],[116.5985,-30.99],[116.5725,-30.96],[116.541,-30.96],[116.541,-30.886],[116.467,-30.8865],[116.45,-30.87],[116.4415,-30.8415],[116.445,-30.8185],[116.4445,-30.7395],[116.453,-30.721],[116.401,-30.721],[116.401,-30.744],[116.2075,-30.7445],[116.2075,-30.8295],[116.194,-30.8295],[116.1985,-30.8615],[116.1235,-30.861],[116.1245,-30.8485],[116.029,-30.8485],[116.014,-30.855],[115.9945,-30.846],[115.934,-30.846]]]},"properties":{"code":"58540","name":"Victoria Plains"}},
{"type":"Feature","geometry":{"type":"Polygon","coordinates":[[[115.826,-31.9225],[115.844,-31.9415],[115.8815,-31.9475],[115.885,-31.938],[115.8785,-31.9375],[115.847,-31.913],[115.826,-31.9225]]]},"properties":{"code":"58570","name":"Vincent"}},
{"type":"Feature","geometry":{"type":"Polygon","coordinates":[[[117.0915,-33.497],[117.0915,-33.5105],[117.121,-33.518],[117.17,-33.5095],[117.255,-33.5065],[117.255,-33.4825],[117.292,-33.462],[117.318,-33.4535],[117.33,-33.4345],[117.386,-33.44],[117.4155,-33.4335],[117.47,-33.397],[117.47,-33.3865],[117.5295,-33.3875],[117.5465,-33.405],[117.633,-33.402],[117.6465,-33.3505],[117.6205,-33.314],[117.6395,-33.291],[117.662,-33.288],[117.6485,-33.2655],[117.6405,-33.2095],[117.649,-33.1705],[117.649,-33.1425],[117.6635,-33.1385],[117.6635,-33.104],[117.686,-33.1005],[117.688,-33.0435],[117.608,-33.0435],[117.5675,-33.0345],[117.564,-33.063],[117.532,-33.064],[117.5095,-33.072],[117.5125,-33.093],[117.4915,-33.105],[117.4385,-33.103],[117.3945,-33.108],[117.363,-33.1035],[117.351,-33.1255],[117.2815,-33.124],[117.2785,-33.142],[117.194,-33.148],[117.187,-33.16],[117.153,-33.1565],[117.1075,-33.179],[117.083,-33.18],[117.086,-33.25],[117.0955,-33.254],[117.0845,-33.283],[117.0855,-33.386],[117.0965,-33.4345],[117.106,-33.4475],[117.0915,-33.497]]]},"properties":{"code":"58610","name":"Wagin"}},
{"type":"Feature","geometry":{"type":"Polygon","coordinates":[[[116.908,-32.6605],[116.91,-32.6045],[116.917,-32.581],[116.891,-32.561],[116.8235,-32.4885],[116.776,-32.4925],[116.7495,-32.484],[116.6975,-32.4865],[116.535,-32.4865],[116.5345,-32.3575],[116.384,-32.3575],[116.384,-32.2365],[116.358,-32.2365],[116.225,-32.236],[116.1895,-32.2875],[116.231,-32.356],[116.2595,-32.39],[116.2595,-32.4585],[116.2595,-32.498],[116.3595,-32.498],[116.3925,-32.526],[116.44,-32.574],[116.4765,-32.628],[116.5065,-32.659],[116.5215,-32.689],[116.567,-32.7315],[116.5905,-32.7715],[116.6255,-32.7715],[116.6545,-32.782],[116.6595,-32.816],[116.67,-32.8],[116.7285,-32.801],[116.763,-32.8125],[116.771,-32.7935],[116.83,-32.766],[116.878,-32.766],[116.9435,-32.761],[116.934,-32.7315],[116.916,-32.706],[116.908,-32.6605]]]},"properties":{"code":"58680","name":"Wandering"}},
{"type":"Feature","geometry":{"type":"Polygon","coordinates":[[[115.8775,-31.8505],[115.877,-31.812],[115.883,-31.7955],[115.8835,-31.6275],[115.8595,-31.627],[115.855,-31.5735],[115.856,-31.4745],[115.6785,-31.477],[115.67,-31.455],[115.5605,-31.455],[115.5795,-31.4955],[115.6035,-31.5195],[115.637,-31.5685],[115.664,-31.623],[115.686,-31.6535],[115.7065,-31.712],[115.748,-31.712],[115.7685,-31.7175],[115.7925,-31.743],[115.7965,-31.783],[115.8195,-31.8055],[115.8235,-31.8425],[115.8775,-31.8505]]]},"properties":{"code":"58760","name":"Wanneroo"}},
{"type":"Feature","geometry":{"type":"Polygon","coordinates":[[[115.6285,-32.7935],[115.6335,-32.8375],[115.653,-32.895],[115.6585,-32.933],[115.7085,-32.9295],[115.72,-32.922],[115.764,-32.922],[115.781,-32.9365],[115.813,-32.926],[115.8745,-32.938],[115.94,-32.941],[115.9565,-32.933],[116.0215,-32.936],[116.164,-32.9335],[116.18,-32.943],[116.178,-32.803],[116.178,-32.7895],[116.114,-32.7895],[116.1105,-32.7755],[116.0795,-32.7625],[116.0145,-32.7555],[115.994,-32.779],[115.9695,-32.772],[115.949,-32.7915],[115.872,-32.792],[115.8455,-32.7985],[115.7595,-32.7905],[115.715,-32.794],[115.713,-32.7735],[115.703,-32.783],[115.6675,-32.7825],[115.671,-32.7975],[115.6285,-32.7935]]]},"properties":{"code":"58820","name":"Waroona"}},
{"type":"Feature","geometry":{"type":"Polygon","coordinates":[[[116.389,-33.3435],[116.3825,-33.3435],[116.3825,-33.456],[116.333,-33.473],[116.333,-33.495],[116.318,-33.5015],[116.28,-33.5015],[116.299,-33.5525],[116.3115,-33.569],[116.365,-33.569],[116.406,-33.5835],[116.412,-33.6055],[116.439,-33.622],[116.473,-33.624],[116.498,-33.659],[116.5325,-33.659],[116.5325,-33.673],[116.574,-33.6675],[116.6265,-33.68],[116.654,-33.7],[116.6875,-33.6965],[116.697,-33.6845],[116.73,-33.684],[116.77,-33.6775],[116.7915,-33.697],[116.8095,-33.6735],[116.905,-33.6785],[116.905,-33.6675],[116.987,-33.6695],[116.987,-33.6335],[116.9825,-33.6225],[116.9825,-33.4985],[117.0155,-33.5085],[117.042,-33.491],[117.066,-33.509],[117.0915,-33.497],[117.106,-33.4475],[117.0965,-33.4345],[117.0855,-33.386],[117.0845,-33.283],[117.0955,-33.254],[117.086,-33.25],[117.083,-33.18],[117.013,-33.19],[117,-33.2],[116.945,-33.204],[116.945,-33.2165],[116.911,-33.217],[116.894,-33.229],[116.8595,-33.2285],[116.8355,-33.253],[116.772,-33.251],[116.772,-33.262],[116.693,-33.261],[116.695,-33.281],[116.67,-33.281],[116.584,-33.311],[116.527,-33.304],[116.527,-33.32],[116.454,-33.3395],[116.389,-33.3435]]]},"properties":{"code":"58890","name":"West Arthur"}},
{"type":"Feature","geometry":{"type":"Polygon","coordinates":[[[118.5055,-30.937],[118.505,-31.1375],[118.5085,-31.2075],[118.509,-31.332],[118.502,-31.4045],[118.602,-31.5365],[118.618,-31.5275],[118.631,-31.545],[118.6755,-31.5555],[118.741,-31.5555],[118.741,-31.482],[118.7375,-31.4215],[118.7405,-31.353],[118.763,-31.353],[118.763,-31.3285],[118.7395,-31.3285],[118.7385,-31.2595],[118.772,-31.2435],[118.772,-31.218],[118.81,-31.218],[118.811,-31.149],[118.8235,-31.121],[118.8485,-31.121],[118.844,-31.075],[118.8705,-31.075],[118.8745,-31.0205],[118.8635,-31.0075],[118.8635,-30.962],[118.9185,-30.9675],[118.92,-30.9345],[118.9575,-30.9265],[118.944,-30.895],[118.9295,-30.8855],[118.9285,-30.8625],[118.9175,-30.847],[118.8595,-30.8175],[118.825,-30.8115],[118.785,-30.8115],[118.785,-30.7705],[118.773,-30.758],[118.773,-30.721],[118.755,-30.721],[118.7515,-30.691],[118.7515,-30.633],[118.6565,-30.466],[118.508,-30.2035],[118.508,-30.247],[118.5195,-30.315],[118.52,-30.4925],[118.5055,-30.937]]]},"properties":{"code":"59030","name":"Westonia"}},
{"type":"Feature","geometry":{"type":"Polygon","coordinates":[[[117.5675,-33.0345],[117.608,-33.0435],[117.688,-33.0435],[117.7245,-33.048],[117.814,-33.046],[117.8115,-33.089],[117.8385,-33.103],[117.8725,-33.099],[117.886,-33.086],[117.8905,-33.0585],[117.914,-33.0445],[117.922,-32.9365],[117.8875,-32.845],[117.846,-32.6015],[117.8245,-32.5925],[117.7695,-32.5925],[117.75,-32.578],[117.7155,-32.593],[117.706,-32.5855],[117.6405,-32.588],[117.634,-32.5555],[117.5995,-32.5555],[117.574,-32.541],[117.5735,-32.5925],[117.552,-32.6035],[117.552,-32.618],[117.5145,-32.618],[117.4815,-32.6115],[117.4175,-32.612],[117.3875,-32.6075],[117.363,-32.622],[117.3805,-32.643],[117.387,-32.6825],[117.402,-32.7165],[117.3575,-32.74],[117.361,-32.804],[117.39,-32.804],[117.4105,-32.804],[117.422,-32.836],[117.4785,-32.839],[117.4865,-32.8735],[117.5135,-32.878],[117.563,-32.8745],[117.572,-32.887],[117.5685,-32.924],[117.5695,-32.9725],[117.561,-33.0005],[117.5675,-33.0345]]]},"properties":{"code":"59100","name":"Wickepin"}},
{"type":"Feature","geometry":{"type":"Polygon","coordinates":[[[116.6595,-32.816],[116.65,-32.847],[116.65,-32.908],[116.6175,-32.908],[116.6175,-32.9815],[116.6035,-32.9815],[116.6035,-33.0085],[116.5785,-33.0085],[116.5675,-33.039],[116.568,-33.061],[116.5405,-33.058],[116.469,-33.062],[116.469,-33.086],[116.4125,-33.086],[116.4125,-33.195],[116.3975,-33.2505],[116.389,-33.3075],[116.389,-33.3435],[116.454,-33.3395],[116.527,-33.32],[116.527,-33.304],[116.584,-33.311],[116.67,-33.281],[116.695,-33.281],[116.693,-33.261],[116.772,-33.262],[116.772,-33.251],[116.8355,-33.253],[116.8595,-33.2285],[116.894,-33.229],[116.911,-33.217],[116.945,-33.2165],[116.945,-33.204],[117,-33.2],[117.013,-33.19],[117.027,-33.1695],[117.0185,-33.1385],[117.017,-33.09],[117.005,-33.071],[117.0065,-33.0035],[116.987,-33.0105],[116.974,-33.0005],[116.974,-32.9695],[116.9825,-32.943],[116.9545,-32.931],[116.9575,-32.888],[116.9515,-32.8615],[116.9435,-32.808],[116.9435,-32.761],[116.878,-32.766],[116.83,-32.766],[116.771,-32.7935],[116.763,-32.8125],[116.7285,-32.801],[116.67,-32.8],[116.6595,-32.816]]]},"properties":{"code":"59170","name":"Williams"}},
{"type":"Feature","geometry":{"type":"Polygon","coordinates":[[[119.201,-27.231],[119.3325,-27.242],[119.585,-27.242],[119.585,-27.2905],[120.0585,-27.2905],[120.5255,-27.292],[120.8325,-27.2925],[121.2095,-27.292],[121.649,-27.2905],[121.779,-27.2905],[121.779,-26.807],[122.0655,-26.807],[122.0655,-26.8285],[122.461,-26.8285],[122.461,-26.713],[122.689,-26.713],[122.689,-26.6545],[122.964,-26.6545],[122.964,-26.682],[123.0465,-26.682],[123.0465,-26.7455],[123.1735,-26.7455],[123.4845,-26.7465],[123.9155,-26.747],[124.387,-26.7465],[124.668,-26.745],[124.668,-23.4405],[124.3895,-23.442],[124.1255,-23.443],[123.847,-23.444],[123.5785,-23.444],[123.1775,-23.4435],[122.767,-23.442],[122.484,-23.44],[122.239,-23.441],[121.9845,-23.441],[121.7495,-23.441],[121.359,-23.4405],[121.005,-23.4405],[121.005,-23.728],[120.671,-23.728],[120.612,-23.8055],[120.61,-23.8125],[120.542,-23.8495],[120.5125,-23.848],[120.493,-23.866],[120.4365,-23.9535],[120.41,-24.017],[120.365,-24.072],[120.321,-24.1085],[120.288,-24.159],[120.2415,-24.2215],[120.2195,-24.246],[120.213,-24.286],[120.1835,-24.331],[120.1585,-24.3445],[120.1325,-24.3705],[120.1115,-24.4565],[120.078,-24.476],[120.077,-24.5025],[120.0925,-24.54],[120.085,-24.553],[120.043,-24.7075],[120.056,-24.7335],[120.0555,-24.845],[120.0885,-24.916],[120.1055,-24.94],[120.1155,-24.9975],[120.1895,-25.1425],[120.202,-25.192],[120.177,-25.2015],[120.137,-25.2325],[120.085,-25.3385],[120.0885,-25.5275],[120.0995,-25.622],[120.1075,-25.632],[120.112,-25.726],[120.119,-25.7545],[120.008,-26.027],[119.977,-26.0605],[119.961,-26.0855],[119.922,-26.1875],[119.8945,-26.2135],[119.883,-26.2405],[119.8675,-26.257],[119.8045,-26.382],[119.8045,-26.4405],[119.7495,-26.4685],[119.7375,-26.481],[119.614,-26.5525],[119.6025,-26.571],[119.5835,-26.5775],[119.5765,-26.6055],[119.5285,-26.6445],[119.502,-26.681],[119.486,-26.722],[119.4475,-26.769],[119.4115,-26.785],[119.3395,-26.864],[119.332,-26.8995],[119.288,-27.0085],[119.273,-27.015],[119.2365,-27.063],[119.2015,-27.1695],[119.197,-27.2025],[119.201,-27.231]]]},"properties":{"code":"59250","name":"Wiluna"}},
{"type":"Feature","geometry":{"type":"Polygon","coordinates":[[[116.453,-30.721],[116.4445,-30.7395],[116.445,-30.8185],[116.4415,-30.8415],[116.45,-30.87],[116.467,-30.8865],[116.541,-30.886],[116.541,-30.96],[116.5725,-30.96],[116.5985,-30.99],[116.6005,-31.0125],[116.646,-31.012],[116.6825,-31.005],[116.6975,-30.9905],[116.7205,-31.0015],[116.7495,-30.994],[116.7925,-30.974],[116.861,-30.9735],[116.9115,-30.96],[116.95,-30.9605],[116.9545,-30.938],[116.967,-30.925],[117.008,-30.925],[117.008,-30.8655],[117.0355,-30.8655],[117.036,-30.801],[117.211,-30.8015],[117.242,-30.757],[117.2415,-30.7025],[117.2475,-30.665],[117.238,-30.6615],[117.2455,-30.623],[117.2445,-30.466],[117.2035,-30.4655],[117.137,-30.4505],[117.1395,-30.4825],[117.129,-30.4885],[117.086,-30.4865],[117.0795,-30.48],[117.0335,-30.4805],[117.0295,-30.492],[116.9865,-30.492],[116.9865,-30.4835],[116.9395,-30.4835],[116.911,-30.492],[116.874,-30.4935],[116.857,-30.5115],[116.7325,-30.512],[116.7045,-30.502],[116.6635,-30.5045],[116.53,-30.505],[116.511,-30.5095],[116.5115,-30.598],[116.543,-30.5995],[116.5435,-30.7205],[116.453,-30.721]]]},"properties":{"code":"59310","name":"Wongan-Ballidu"}},
{"type":"Feature","geometry":{"type":"Polygon","coordinates":[[[117.0915,-33.497],[117.066,-33.509],[117.042,-33.491],[117.0155,-33.5085],[116.9825,-33.4985],[116.9825,-33.6225],[116.987,-33.6335],[117.091,-33.633],[117.134,-33.6415],[117.169,-33.643],[117.19,-33.6355],[117.2395,-33.655],[117.2745,-33.6455],[117.333,-33.6485],[117.424,-33.6485],[117.424,-33.6275],[117.4575,-33.627],[117.4855,-33.595],[117.5075,-33.595],[117.5085,-33.5635],[117.5655,-33.5635],[117.5815,-33.537],[117.614,-33.522],[117.6395,-33.523],[117.674,-33.4645],[117.691,-33.4585],[117.6915,-33.434],[117.6645,-33.4335],[117.6645,-33.41],[117.633,-33.402],[117.5465,-33.405],[117.5295,-33.3875],[117.47,-33.3865],[117.47,-33.397],[117.4155,-33.4335],[117.386,-33.44],[117.33,-33.4345],[117.318,-33.4535],[117.292,-33.462],[117.255,-33.4825],[117.255,-33.5065],[117.17,-33.5095],[117.121,-33.518],[117.0915,-33.5105],[117.0915,-33.497]]]},"properties":{"code":"59320","name":"Woodanilling"}},
{"type":"Feature","geometry":{"type":"Polygon","coordinates":[[[117.27,-31.4025],[117.2905,-31.3945],[117.319,-31.3965],[117.338,-31.411],[117.335,-31.4365],[117.377,-31.434],[117.4355,-31.439],[117.4355,-31.408],[117.4675,-31.408],[117.4675,-31.373],[117.524,-31.3695],[117.622,-31.369],[117.622,-31.3785],[117.654,-31.3785],[117.642,-31.3685],[117.642,-31.319],[117.6045,-31.319],[117.6025,-31.22],[117.6095,-31.22],[117.6095,-31.1165],[117.6165,-31.1165],[117.614,-31.0375],[117.5965,-31.018],[117.621,-31.0055],[117.621,-30.9535],[117.596,-30.959],[117.542,-30.9555],[117.5305,-30.9725],[117.4955,-30.9695],[117.4935,-30.984],[117.438,-30.975],[117.4385,-30.9635],[117.4025,-30.963],[117.3635,-30.9775],[117.355,-31.002],[117.278,-31.002],[117.248,-31.002],[117.2485,-31.102],[117.2395,-31.147],[117.2395,-31.1895],[117.268,-31.1995],[117.2665,-31.2495],[117.254,-31.288],[117.28,-31.3275],[117.27,-31.4025]]]},"properties":{"code":"59330","name":"Wyalkatchem"}},
{"type":"Feature","geometry":{"type":"MultiPolygon","coordinates":[[[[129.0005,-16.9795],[129.0005,-15.3655],[129.001,-15.2635],[129.0015,-14.8795],[128.9675,-14.878],[128.91,-14.8565],[128.8595,-14.8615],[128.8335,-14.859],[128.768,-14.837],[128.738,-14.839],[128.7205,-14.818],[128.6815,-14.796],[128.6145,-14.7885],[128.603,-14.804],[128.5755,-14.7925],[128.548,-14.7705],[128.5045,-14.7815],[128.4375,-14.8105],[128.4175,-14.7975],[128.38,-14.8165],[128.417,-14.8335],[128.439,-14.852],[128.477,-14.9115],[128.47,-14.926],[128.474,-14.9565],[128.441,-14.9135],[128.426,-14.8875],[128.4155,-14.9145],[128.4485,-15.002],[128.426,-14.9735],[128.419,-14.9505],[128.388,-14.922],[128.3685,-14.89],[128.356,-14.886],[128.352,-14.973],[128.371,-15.059],[128.363,-15.0665],[128.3425,-15.007],[128.328,-14.974],[128.3225,-14.9315],[128.297,-14.936],[128.29,-14.975],[128.23,-15.0005],[128.204,-15.059],[128.194,-15.097],[128.221,-15.131],[128.224,-15.1655],[128.22,-15.204],[128.2395,-15.2475],[128.278,-15.2785],[128.301,-15.3195],[128.2925,-15.3615],[128.2955,-15.4015],[128.2825,-15.3965],[128.278,-15.361],[128.2815,-15.346],[128.256,-15.3165],[128.2545,-15.302],[128.2115,-15.2605],[128.1905,-15.231],[128.127,-15.184],[128.111,-15.2085],[128.1135,-15.2565],[128.128,-15.2915],[128.1245,-15.3755],[128.1185,-15.4155],[128.087,-15.477],[128.054,-15.499],[128.0375,-15.486],[128.0565,-15.4735],[128.0775,-15.434],[128.0895,-15.3905],[128.0865,-15.366],[128.068,-15.337],[128.066,-15.3125],[128.0925,-15.28],[128.083,-15.262],[128.099,-15.1665],[128.085,-15.155],[128.075,-15.107],[128.08,-15.088],[128.103,-15.065],[128.095,-15.0435],[128.0995,-15.0125],[128.1135,-14.9935],[128.1145,-14.965],[128.108,-14.947],[128.1235,-14.902],[128.139,-14.871],[128.1185,-14.8615],[128.1575,-14.8405],[128.192,-14.837],[128.175,-14.79],[128.184,-14.7445],[128.2005,-14.7375],[128.214,-14.711],[128.184,-14.7145],[128.1565,-14.7045],[128.131,-14.664],[128.087,-14.646],[128.067,-14.647],[128.0695,-14.6205],[128.0335,-14.5835],[128,-14.57],[127.9625,-14.5905],[127.948,-14.567],[127.9315,-14.557],[127.9435,-14.5225],[127.9295,-14.503],[127.901,-14.503],[127.88,-14.471],[127.8545,-14.4865],[127.841,-14.47],[127.833,-14.452],[127.82,-14.4405],[127.8285,-14.403],[127.8125,-14.4],[127.8035,-14.3835],[127.788,-14.388],[127.7795,-14.333],[127.763,-14.304],[127.7495,-14.297],[127.7115,-14.256],[127.6895,-14.2445],[127.6855,-14.219],[127.6685,-14.2135],[127.67,-14.1915],[127.6465,-14.179],[127.6135,-14.143],[127.5975,-14.146],[127.538,-14.0875],[127.49,-14.065],[127.449,-14.054],[127.4595,-14.035],[127.4485,-14.025],[127.465,-13.995],[127.439,-13.972],[127.4135,-13.9615],[127.3475,-13.9065],[127.3245,-13.917],[127.326,-13.929],[127.348,-13.9485],[127.3345,-13.963],[127.3145,-13.96],[127.2635,-13.9015],[127.237,-13.907],[127.225,-13.9435],[127.1905,-13.951],[127.186,-13.939],[127.1595,-13.932],[127.148,-13.956],[127.1455,-13.9795],[127.114,-13.9615],[127.107,-13.9435],[127.103,-13.8845],[127.0695,-13.896],[127.081,-13.8545],[127.0705,-13.8355],[127.0395,-13.814],[126.986,-13.7835],[126.9845,-13.7665],[126.9575,-13.7415],[126.932,-13.7415],[126.9255,-13.775],[126.882,-13.749],[126.8545,-13.757],[126.8565,-13.7965],[126.8325,-13.796],[126.8195,-13.7695],[126.743,-13.792],[126.7605,-13.808],[126.7585,-13.826],[126.773,-13.8605],[126.798,-13.8835],[126.8095,-13.917],[126.8395,-13.9275],[126.8735,-13.954],[126.9055,-13.985],[126.8785,-13.982],[126.856,-13.9715],[126.8355,-13.972],[126.81,-13.99],[126.797,-13.9725],[126.748,-13.9785],[126.7445,-13.996],[126.723,-13.9975],[126.71,-13.974],[126.694,-14.0005],[126.7015,-14.022],[126.7265,-14.0275],[126.7395,-14.014],[126.755,-14.042],[126.737,-14.067],[126.7315,-14.09],[126.714,-14.094],[126.7205,-14.1155],[126.705,-14.1305],[126.689,-14.1325],[126.69,-14.1075],[126.6515,-14.073],[126.645,-14.077],[126.6605,-14.1125],[126.6475,-14.1375],[126.652,-14.158],[126.6455,-14.185],[126.6105,-14.1985],[126.6055,-14.233],[126.5755,-14.2285],[126.565,-14.217],[126.5705,-14.196],[126.5635,-14.1675],[126.575,-14.1545],[126.57,-14.14],[126.538,-14.147],[126.5275,-14.156],[126.499,-14.1305],[126.492,-14.0985],[126.47,-14.1055],[126.4555,-14.099],[126.4545,-14.0765],[126.4835,-14.0475],[126.495,-14.007],[126.507,-14.0095],[126.542,-13.962],[126.5315,-13.941],[126.504,-13.966],[126.4865,-13.995],[126.4585,-14.0065],[126.431,-13.9895],[126.422,-14.0115],[126.3965,-14.015],[126.3855,-14.047],[126.3415,-14.0455],[126.345,-14.096],[126.3145,-14.0975],[126.3135,-14.1185],[126.301,-14.1415],[126.3215,-14.154],[126.3535,-14.185],[126.3065,-14.21],[126.3005,-14.231],[126.2825,-14.2215],[126.2735,-14.2365],[126.2575,-14.238],[126.2365,-14.224],[126.2325,-14.2045],[126.2465,-14.1895],[126.2335,-14.1765],[126.198,-14.1765],[126.1895,-14.163],[126.1995,-14.1465],[126.1925,-14.1295],[126.221,-14.112],[126.1895,-14.068],[126.1885,-14.046],[126.2175,-14.043],[126.225,-14.0285],[126.1985,-14.006],[126.1855,-14.0125],[126.1515,-14.0095],[126.159,-13.9685],[126.1415,-13.96],[126.1615,-13.9245],[126.135,-13.919],[126.134,-13.9415],[126.087,-13.921],[126.066,-13.9265],[126.0625,-13.943],[126.0965,-13.9985],[126.089,-14.0225],[126.074,-14.03],[126.0655,-13.988],[126.0405,-13.9835],[126.038,-13.9995],[126.056,-14.0265],[126.0345,-14.031],[126.0145,-14.0255],[125.981,-14.0065],[125.981,-14.032],[125.993,-14.068],[126.0345,-14.095],[126.064,-14.0735],[126.088,-14.086],[126.101,-14.075],[126.126,-14.097],[126.1335,-14.118],[126.1515,-14.1255],[126.157,-14.152],[126.142,-14.16],[126.1575,-14.1785],[126.149,-14.208],[126.128,-14.233],[126.099,-14.24],[126.078,-14.2375],[126.0575,-14.2555],[126.0655,-14.28],[126.083,-14.3035],[126.088,-14.33],[126.0695,-14.3625],[126.046,-14.359],[126.0035,-14.4005],[125.9795,-14.398],[125.987,-14.42],[126.0165,-14.416],[126.0245,-14.431],[126.031,-14.47],[126.0465,-14.472],[126.043,-14.537],[126.0165,-14.519],[126.001,-14.554],[125.972,-14.545],[125.9705,-14.5225],[125.92,-14.539],[125.902,-14.569],[125.92,-14.584],[125.9345,-14.6165],[125.928,-14.6455],[125.909,-14.6545],[125.901,-14.6315],[125.8825,-14.6235],[125.876,-14.6065],[125.857,-14.6135],[125.8465,-14.5905],[125.8315,-14.575],[125.846,-14.556],[125.8315,-14.549],[125.836,-14.5235],[125.818,-14.498],[125.823,-14.486],[125.8465,-14.477],[125.8515,-14.457],[125.8105,-14.479],[125.802,-14.4725],[125.8125,-14.4465],[125.7985,-14.445],[125.7945,-14.4665],[125.7675,-14.472],[125.7405,-14.4855],[125.7145,-14.482],[125.701,-14.522],[125.6815,-14.5665],[125.6695,-14.609],[125.6505,-14.6185],[125.6785,-14.5465],[125.6885,-14.4935],[125.6765,-14.4505],[125.6595,-14.4415],[125.6615,-14.4],[125.6745,-14.36],[125.671,-14.331],[125.7025,-14.348],[125.724,-14.3105],[125.667,-14.2755],[125.6515,-14.2505],[125.62,-14.2345],[125.607,-14.25],[125.584,-14.26],[125.599,-14.277],[125.5815,-14.316],[125.6,-14.344],[125.588,-14.358],[125.603,-14.377],[125.62,-14.4135],[125.6015,-14.4335],[125.595,-14.464],[125.607,-14.515],[125.5945,-14.5355],[125.554,-14.557],[125.544,-14.5385],[125.558,-14.5305],[125.548,-14.51],[125.4965,-14.5165],[125.4655,-14.549],[125.4735,-14.562],[125.4535,-14.5775],[125.456,-14.6],[125.424,-14.6],[125.4025,-14.5685],[125.379,-14.5725],[125.359,-14.554],[125.3445,-14.5505],[125.312,-14.5735],[125.2935,-14.575],[125.2655,-14.5895],[125.2485,-14.62],[125.279,-14.639],[125.2895,-14.629],[125.3085,-14.65],[125.2615,-14.657],[125.2575,-14.678],[125.2285,-14.663],[125.214,-14.6695],[125.2175,-14.7055],[125.1825,-14.7075],[125.1815,-14.7385],[125.1575,-14.7345],[125.1425,-14.752],[125.151,-14.775],[125.189,-14.785],[125.1985,-14.837],[125.222,-14.858],[125.251,-14.864],[125.259,-14.855],[125.305,-14.8815],[125.3065,-14.9245],[125.272,-14.9315],[125.254,-14.9075],[125.231,-14.92],[125.2235,-14.942],[125.2085,-14.948],[125.2135,-14.9695],[125.2375,-14.9615],[125.257,-14.9465],[125.284,-14.9745],[125.283,-14.9945],[125.3185,-15.006],[125.3635,-15.006],[125.386,-15.0325],[125.3755,-15.0525],[125.3765,-15.071],[125.4,-15.073],[125.4,-15.089],[125.3735,-15.1095],[125.397,-15.1315],[125.4545,-15.1305],[125.4815,-15.1365],[125.4815,-15.155],[125.443,-15.1485],[125.412,-15.1575],[125.3825,-15.143],[125.3635,-15.154],[125.347,-15.146],[125.315,-15.1545],[125.291,-15.143],[125.26,-15.1035],[125.225,-15.104],[125.1875,-15.1325],[125.1775,-15.129],[125.163,-15.1515],[125.145,-15.1345],[125.1385,-15.103],[125.1225,-15.092],[125.1255,-15.0435],[125.1055,-15.043],[125.0955,-15.068],[125.074,-15.066],[125.077,-15.048],[125.059,-15.0285],[125.0815,-15.0055],[125.0745,-14.976],[125.0515,-14.9925],[125.041,-14.9845],[125.0195,-15.0035],[125.021,-15.04],[125.0295,-15.066],[125.047,-15.078],[125.0325,-15.109],[125.018,-15.1],[124.986,-15.1165],[124.979,-15.1335],[124.931,-15.1135],[124.893,-15.1145],[124.8675,-15.1305],[124.8415,-15.158],[124.8365,-15.1805],[124.855,-15.1835],[124.886,-15.172],[124.8675,-15.204],[124.866,-15.236],[124.8825,-15.2595],[124.907,-15.2465],[124.926,-15.225],[124.963,-15.1975],[124.994,-15.198],[125.0145,-15.176],[125.045,-15.159],[125.0595,-15.1775],[125.025,-15.2155],[124.995,-15.2375],[124.965,-15.2125],[124.939,-15.224],[124.9195,-15.2535],[124.8875,-15.2795],[124.876,-15.3055],[124.898,-15.34],[124.92,-15.3565],[125.001,-15.312],[125.0265,-15.3005],[125.051,-15.302],[125.075,-15.316],[125.1035,-15.303],[125.0885,-15.336],[125.091,-15.355],[125.0835,-15.404],[125.0695,-15.435],[125.101,-15.4625],[125.0615,-15.4615],[125.0255,-15.4835],[125.0165,-15.471],[124.997,-15.481],[124.984,-15.4695],[125.003,-15.4485],[124.9905,-15.426],[124.967,-15.417],[124.9525,-15.3865],[124.935,-15.3835],[124.908,-15.361],[124.854,-15.351],[124.8315,-15.326],[124.795,-15.2965],[124.7685,-15.311],[124.763,-15.294],[124.702,-15.257],[124.7,-15.2785],[124.673,-15.268],[124.683,-15.2985],[124.707,-15.321],[124.692,-15.333],[124.66,-15.337],[124.664,-15.3595],[124.695,-15.355],[124.7265,-15.3605],[124.7205,-15.377],[124.683,-15.392],[124.669,-15.4285],[124.6715,-15.453],[124.685,-15.47],[124.6585,-15.478],[124.6325,-15.4385],[124.6205,-15.485],[124.623,-15.502],[124.602,-15.505],[124.554,-15.502],[124.517,-15.4685],[124.4765,-15.478],[124.452,-15.4945],[124.464,-15.509],[124.4635,-15.528],[124.446,-15.529],[124.429,-15.561],[124.43,-15.5745],[124.414,-15.592],[124.4325,-15.599],[124.4455,-15.668],[124.412,-15.6665],[124.4025,-15.685],[124.3925,-15.7295],[124.402,-15.7585],[124.4,-15.7795],[124.4105,-15.806],[124.4095,-15.864],[124.439,-15.8705],[124.445,-15.8525],[124.477,-15.8635],[124.4795,-15.925],[124.4965,-15.946],[124.4915,-15.981],[124.51,-15.9885],[124.5315,-15.9575],[124.552,-15.9045],[124.573,-15.862],[124.602,-15.818],[124.634,-15.7905],[124.6675,-15.777],[124.6875,-15.7865],[124.6995,-15.7805],[124.715,-15.812],[124.712,-15.837],[124.6915,-15.8425],[124.676,-15.863],[124.656,-15.8545],[124.6295,-15.8815],[124.6055,-15.898],[124.621,-15.9175],[124.597,-15.943],[124.5985,-15.9675],[124.642,-15.985],[124.638,-15.9985],[124.9025,-15.9985],[124.9025,-15.9015],[125.1075,-15.9015],[125.1075,-15.9395],[125.0695,-15.953],[125.2105,-15.953],[125.227,-15.9985],[126.0015,-15.9985],[126.001,-16.081],[125.9895,-16.0805],[125.9895,-16.448],[125.9625,-16.448],[125.9625,-16.722],[126.03,-16.722],[126.03,-16.629],[126.326,-16.629],[126.3085,-16.636],[126.3075,-16.657],[126.2865,-16.6865],[126.491,-16.6865],[126.491,-16.7],[126.639,-16.7],[126.639,-16.847],[126.9535,-16.847],[126.9535,-17.108],[127.2195,-17.108],[127.2195,-17.072],[127.3385,-17.072],[127.3385,-16.9805],[127.414,-16.9805],[127.414,-16.8425],[127.564,-16.8425],[127.564,-16.7695],[127.7155,-16.7695],[127.7155,-17.076],[127.6215,-17.076],[127.6215,-17.1495],[127.6305,-17.1495],[127.6305,-17.232],[127.652,-17.232],[127.652,-17.3365],[127.8145,-17.3365],[127.815,-17.2845],[127.713,-17.2845],[127.713,-17.232],[127.8215,-17.232],[127.8215,-17.17],[127.859,-17.17],[127.859,-17.054],[128.1355,-17.054],[128.1355,-17.0485],[128.2025,-17.0485],[128.2025,-16.9235],[128.243,-16.9235],[128.243,-16.996],[128.479,-16.996],[128.479,-16.9235],[128.6975,-16.9235],[128.7125,-16.9795],[129.0005,-16.9795]]],[[[124.194,-15.9205],[124.187,-15.931],[124.201,-15.965],[124.232,-15.9715],[124.233,-15.9525],[124.2095,-15.952],[124.205,-15.9245],[124.194,-15.9205]]],[[[124.586,-15.951],[124.5925,-15.9155],[124.5465,-15.936],[124.5315,-15.9645],[124.549,-15.9675],[124.576,-15.9495],[124.586,-15.951]]],[[[124.634,-15.9985],[124.637,-15.984],[124.5975,-15.9765],[124.581,-15.9985],[124.634,-15.9985]]],[[[124.451,-15.9635],[124.469,-15.936],[124.4545,-15.92],[124.451,-15.9635]]],[[[124.5035,-15.3845],[124.5495,-15.3725],[124.5555,-15.394],[124.523,-15.4365],[124.5355,-15.4475],[124.572,-15.442],[124.6085,-15.421],[124.6545,-15.3995],[124.623,-15.3895],[124.626,-15.375],[124.607,-15.3435],[124.589,-15.3375],[124.587,-15.319],[124.567,-15.32],[124.559,-15.306],[124.5685,-15.267],[124.557,-15.251],[124.538,-15.27],[124.5045,-15.2815],[124.493,-15.2965],[124.5,-15.3195],[124.4815,-15.3275],[124.4735,-15.3555],[124.4855,-15.386],[124.5035,-15.3845]]],[[[124.378,-15.3225],[124.41,-15.2995],[124.423,-15.3165],[124.44,-15.32],[124.463,-15.3035],[124.4495,-15.2885],[124.4565,-15.2685],[124.4255,-15.257],[124.3995,-15.2895],[124.378,-15.286],[124.35,-15.2955],[124.343,-15.31],[124.3585,-15.325],[124.378,-15.3225]]],[[[124.2815,-15.2935],[124.2765,-15.2795],[124.2325,-15.2975],[124.278,-15.3135],[124.2815,-15.2935]]],[[[124.369,-15.3775],[124.353,-15.3605],[124.342,-15.3755],[124.3655,-15.3985],[124.369,-15.3775]]],[[[126.54,-13.8975],[126.59,-13.898],[126.5905,-13.8915],[126.545,-13.871],[126.52,-13.8665],[126.504,-13.872],[126.5035,-13.893],[126.5135,-13.907],[126.54,-13.8975]]],[[[126.009,-14.282],[125.9865,-14.29],[125.996,-14.3185],[125.9935,-14.3355],[126.0215,-14.349],[126.0285,-14.307],[126.004,-14.301],[126.009,-14.282]]],[[[125.7175,-14.477],[125.75,-14.467],[125.75,-14.447],[125.7315,-14.408],[125.718,-14.454],[125.7175,-14.477]]],[[[125.53,-14.4285],[125.511,-14.4545],[125.5235,-14.4675],[125.528,-14.4895],[125.555,-14.4915],[125.555,-14.478],[125.53,-14.4285]]],[[[125.95,-14.3365],[125.933,-14.375],[125.9565,-14.374],[125.96,-14.351],[125.95,-14.3365]]],[[[126.373,-13.9995],[126.394,-14.009],[126.404,-13.989],[126.3765,-13.9745],[126.373,-13.9995]]],[[[125.452,-14.4975],[125.4735,-14.512],[125.489,-14.5045],[125.4555,-14.482],[125.452,-14.4975]]],[[[126.1625,-13.9645],[126.1945,-13.936],[126.174,-13.9325],[126.1625,-13.9645]]],[[[125.1345,-14.6465],[125.1685,-14.6195],[125.177,-14.631],[125.203,-14.589],[125.195,-14.561],[125.215,-14.4975],[125.1915,-14.478],[125.1785,-14.4525],[125.1535,-14.4535],[125.124,-14.487],[125.1195,-14.5055],[125.1405,-14.5495],[125.0955,-14.552],[125.0955,-14.5855],[125.101,-14.633],[125.121,-14.631],[125.1345,-14.6465]]],[[[125.1775,-15.0505],[125.154,-15.0385],[125.1515,-15.0635],[125.17,-15.0805],[125.171,-15.1195],[125.1875,-15.1235],[125.2165,-15.105],[125.23,-15.0845],[125.2275,-15.065],[125.1755,-15.065],[125.1775,-15.0505]]],[[[124.911,-15.0215],[124.9475,-15.044],[124.9585,-15.032],[124.9315,-15.0025],[124.9425,-14.989],[124.9385,-14.955],[124.92,-14.97],[124.898,-14.975],[124.8975,-15.0055],[124.911,-15.0215]]],[[[124.8085,-15.238],[124.791,-15.2875],[124.815,-15.2935],[124.849,-15.2745],[124.8575,-15.256],[124.8365,-15.2375],[124.8085,-15.238]]],[[[125.023,-15.3235],[124.9905,-15.3635],[125.016,-15.374],[125.0365,-15.3285],[125.023,-15.3235]]],[[[125.249,-14.6225],[125.232,-14.623],[125.2045,-14.6525],[125.223,-14.6605],[125.249,-14.6225]]],[[[124.9645,-15.0825],[124.985,-15.0555],[124.969,-15.042],[124.9605,-15.068],[124.9645,-15.0825]]],[[[128.1275,-15.157],[128.172,-15.176],[128.196,-15.194],[128.1945,-15.163],[128.2005,-15.1315],[128.1635,-15.0975],[128.1555,-15.0575],[128.1295,-15.041],[128.115,-15.1125],[128.1275,-15.157]]],[[[128.3035,-14.751],[128.311,-14.763],[128.331,-14.7525],[128.3095,-14.7355],[128.3035,-14.751]]],[[[127.84,-14.464],[127.852,-14.4795],[127.875,-14.459],[127.873,-14.4385],[127.853,-14.4365],[127.851,-14.4525],[127.84,-14.464]]]]},"properties":{"code":"59340","name":"Wyndham-East Kimberley"}},
{"type":"Feature","geometry":{"type":"Polygon","coordinates":[[[117.101,-29.7735],[117.101,-29.8015],[117.502,-29.8015],[117.5155,-29.7735],[117.5425,-29.768],[117.5675,-29.74],[117.5515,-29.7145],[117.553,-29.6825],[117.576,-29.618],[117.6035,-29.644],[117.6125,-29.641],[117.669,-29.6725],[117.703,-29.6755],[117.7105,-29.664],[117.7105,-29.6305],[117.695,-29.6125],[117.932,-29.6125],[117.932,-29.382],[117.9275,-29.3285],[117.91,-29.3275],[117.91,-29.3065],[117.8775,-29.3065],[117.8775,-29.278],[117.7735,-29.2775],[117.774,-29.1105],[117.8725,-29.1105],[117.8725,-29.101],[117.946,-29.101],[117.946,-29.121],[118.0915,-29.121],[118.0915,-29.1475],[118.1545,-29.1475],[118.1545,-29.086],[118.284,-29.086],[118.284,-29.0065],[118.284,-28.9515],[118.1995,-28.9515],[118.1995,-28.961],[118.0765,-28.961],[118.0765,-28.895],[118.042,-28.895],[118.042,-28.806],[118.0455,-28.748],[118.0865,-28.748],[118.0865,-28.657],[118.004,-28.657],[118.004,-28.6925],[117.959,-28.6925],[117.959,-28.7565],[117.791,-28.7565],[117.791,-28.7855],[117.7605,-28.7855],[117.76,-28.693],[117.556,-28.693],[117.556,-28.4645],[117.47,-28.4645],[117.47,-28.407],[117.424,-28.407],[117.424,-28.316],[117.342,-28.316],[117.342,-28.248],[117.266,-28.248],[117.266,-28.15],[117.241,-28.15],[117.241,-27.925],[117.2505,-27.925],[117.25,-27.8345],[117.2215,-27.8345],[117.2215,-27.8105],[117.369,-27.8105],[117.369,-27.7595],[117.2835,-27.7595],[117.284,-27.687],[117.341,-27.687],[117.341,-27.6085],[117.1665,-27.6085],[117.1665,-27.4645],[117.177,-27.4645],[117.177,-27.294],[117.256,-27.294],[117.256,-27.265],[117.256,-27.1745],[117.0325,-27.1745],[117.0325,-27.305],[116.869,-27.305],[116.869,-27.4045],[116.8295,-27.4045],[116.8295,-27.268],[116.717,-27.268],[116.717,-27.385],[116.74,-27.385],[116.74,-27.6705],[116.586,-27.67],[116.586,-27.629],[116.569,-27.629],[116.569,-27.604],[116.4535,-27.604],[116.4535,-27.647],[116.405,-27.647],[116.405,-27.751],[116.3405,-27.751],[116.3405,-27.7745],[116.1685,-27.7745],[116.1685,-28.0485],[116.1185,-28.0485],[116.1185,-28.013],[116.0535,-28.013],[116.0535,-28.12],[116.2405,-28.12],[116.2405,-28.184],[116.169,-28.184],[116.169,-28.199],[116.0325,-28.199],[116.0325,-28.253],[116.047,-28.253],[116.1695,-28.253],[116.1695,-28.332],[116.227,-28.332],[116.227,-28.4915],[116.2595,-28.4915],[116.2595,-28.596],[116.2305,-28.6035],[116.1685,-28.6035],[116.1685,-28.7155],[116.2305,-28.7155],[116.2305,-28.797],[116.084,-28.7975],[116.0875,-28.847],[116.157,-28.847],[116.157,-28.8765],[116.18,-28.8755],[116.18,-28.891],[116.2115,-28.891],[116.212,-28.922],[116.235,-28.922],[116.235,-28.9525],[116.346,-28.9525],[116.346,-29.016],[116.382,-29.016],[116.382,-29.094],[116.4805,-29.094],[116.4805,-29.082],[116.5465,-29.082],[116.5465,-28.908],[116.627,-28.908],[116.626,-28.8665],[116.8385,-28.866],[116.839,-28.961],[116.9335,-28.9605],[116.9335,-29.071],[116.959,-29.062],[117.0515,-29.062],[117.0515,-29.1],[117.065,-29.122],[117.0515,-29.143],[117.032,-29.143],[117.032,-29.1865],[117.153,-29.1865],[117.153,-29.262],[117.029,-29.262],[117.029,-29.442],[117.1015,-29.442],[117.1005,-29.46],[117.101,-29.7735]]]},"properties":{"code":"59350","name":"Yalgoo"}},
{"type":"Feature","geometry":{"type":"Polygon","coordinates":[[[118.741,-31.5555],[118.755,-31.5555],[118.755,-31.6185],[118.8045,-31.6185],[118.8045,-31.6955],[118.739,-31.6955],[118.79,-31.7575],[118.9205,-31.9155],[118.958,-31.9445],[118.9795,-31.968],[119.0415,-31.968],[119.0915,-31.963],[119.103,-31.9715],[119.1345,-31.9715],[119.1345,-32.0135],[119.176,-32.0135],[119.176,-32.082],[119.185,-32.1005],[119.0875,-32.1005],[119.179,-32.2035],[119.498,-32.204],[120.0095,-32.2035],[120.0095,-31.8665],[120.0095,-31.7595],[120.0095,-31.2825],[120.014,-30.161],[119.878,-30.113],[119.539,-29.9885],[119.3,-29.901],[119.081,-29.8205],[118.794,-29.7175],[118.503,-29.6125],[118.508,-29.637],[118.508,-29.8985],[118.508,-30.2035],[118.6565,-30.466],[118.7515,-30.633],[118.7515,-30.691],[118.755,-30.721],[118.773,-30.721],[118.773,-30.758],[118.785,-30.7705],[118.785,-30.8115],[118.825,-30.8115],[118.8595,-30.8175],[118.9175,-30.847],[118.9285,-30.8625],[118.9295,-30.8855],[118.944,-30.895],[118.9575,-30.9265],[118.92,-30.9345],[118.9185,-30.9675],[118.8635,-30.962],[118.8635,-31.0075],[118.8745,-31.0205],[118.8705,-31.075],[118.844,-31.075],[118.8485,-31.121],[118.8235,-31.121],[118.811,-31.149],[118.81,-31.218],[118.772,-31.218],[118.772,-31.2435],[118.7385,-31.2595],[118.7395,-31.3285],[118.763,-31.3285],[118.763,-31.353],[118.7405,-31.353],[118.7375,-31.4215],[118.741,-31.482],[118.741,-31.5555]]]},"properties":{"code":"59360","name":"Yilgarn"}},
{"type":"Feature","geometry":{"type":"Polygon","coordinates":[[[116.415,-31.9095],[116.409,-32.0125],[116.367,-32.0055],[116.303,-32.005],[116.3025,-32.023],[116.3235,-32.0235],[116.3235,-32.0625],[116.289,-32.062],[116.285,-32.083],[116.285,-32.113],[116.344,-32.113],[116.344,-32.0935],[116.392,-32.0935],[116.3925,-32.0825],[116.4455,-32.083],[116.445,-32.1115],[116.5095,-32.112],[116.5095,-32.14],[116.614,-32.14],[116.614,-32.112],[116.6735,-32.111],[116.683,-32.127],[116.71,-32.115],[116.701,-32.0995],[116.7285,-32.0795],[116.718,-32.062],[116.7395,-32.0525],[116.756,-32.0805],[116.82,-32.053],[116.8115,-32.04],[116.9215,-31.992],[116.9335,-31.9995],[116.987,-31.979],[117.011,-31.9775],[117.0425,-31.962],[117.0645,-31.9645],[117.0995,-31.982],[117.0875,-31.9595],[117.105,-31.945],[117.0965,-31.9305],[117.142,-31.9105],[117.126,-31.891],[117.1585,-31.8565],[117.134,-31.8175],[117.124,-31.8],[117.1065,-31.8075],[117.0755,-31.798],[117.0575,-31.77],[117.021,-31.7845],[116.9895,-31.7615],[116.953,-31.703],[116.9365,-31.694],[116.9145,-31.7],[116.923,-31.717],[116.827,-31.7565],[116.812,-31.7315],[116.7855,-31.7435],[116.776,-31.7275],[116.748,-31.7285],[116.573,-31.8055],[116.541,-31.8055],[116.5095,-31.8185],[116.53,-31.8605],[116.5565,-31.886],[116.521,-31.9135],[116.415,-31.9095]]]},"properties":{"code":"59370","name":"York"}},
{"type":"Feature","geometry":{"type":"Polygon","coordinates":[[[147.5905,-41.381],[147.6195,-41.409],[147.6275,-41.4515],[147.648,-41.4785],[147.654,-41.4955],[147.68,-41.5],[147.7135,-41.549],[147.7535,-41.554],[147.78,-41.6065],[147.7935,-41.6505],[147.765,-41.6455],[147.7645,-41.67],[147.788,-41.7],[147.773,-41.7075],[147.788,-41.728],[147.7635,-41.741],[147.7835,-41.761],[147.8065,-41.752],[147.8265,-41.7775],[147.916,-41.7925],[147.921,-41.7605],[147.9715,-41.781],[148.0025,-41.7635],[148.041,-41.7765],[148.0395,-41.751],[148.0505,-41.7375],[148.0885,-41.7535],[148.1205,-41.7495],[148.137,-41.765],[148.146,-41.825],[148.1435,-41.8575],[148.177,-41.877],[148.1885,-41.853],[148.235,-41.8435],[148.239,-41.826],[148.266,-41.817],[148.267,-41.7935],[148.2815,-41.762],[148.3035,-41.743],[148.284,-41.7185],[148.295,-41.693],[148.2935,-41.658],[148.32,-41.6225],[148.315,-41.572],[148.286,-41.5525],[148.2665,-41.4885],[148.2685,-41.453],[148.297,-41.3705],[148.314,-41.3455],[148.3275,-41.3065],[148.2625,-41.3395],[148.28,-41.281],[148.3115,-41.287],[148.333,-41.271],[148.338,-41.2545],[148.2975,-41.2505],[148.2735,-41.204],[148.2695,-41.183],[148.285,-41.1675],[148.2705,-41.145],[148.272,-41.115],[148.298,-41.0635],[148.26,-41.0455],[148.2985,-41.0345],[148.3405,-40.994],[148.318,-40.981],[148.2935,-40.9385],[148.258,-40.904],[148.2135,-40.9225],[148.21,-40.937],[148.124,-40.9255],[148.112,-40.942],[148.0905,-40.9355],[148.0755,-40.9975],[148.073,-41.0475],[148.082,-41.06],[148.0625,-41.0875],[148.063,-41.105],[148.0825,-41.132],[148.005,-41.1535],[147.935,-41.1685],[147.8895,-41.165],[147.834,-41.3725],[147.5905,-41.381]]]},"properties":{"code":"60210","name":"Break O'Day"}},
{"type":"Feature","geometry":{"type":"Polygon","coordinates":[[[147.0965,-42.7185],[147.132,-42.77],[147.15,-42.752],[147.186,-42.741],[147.192,-42.727],[147.2615,-42.752],[147.2645,-42.7785],[147.2925,-42.791],[147.326,-42.7805],[147.319,-42.763],[147.392,-42.7085],[147.3855,-42.6845],[147.3555,-42.6805],[147.3035,-42.6555],[147.2725,-42.678],[147.2505,-42.683],[147.2175,-42.677],[147.206,-42.688],[147.1545,-42.706],[147.0965,-42.7185]]]},"properties":{"code":"60410","name":"Brighton"}},
{"type":"Feature","geometry":{"type":"Polygon","coordinates":[[[145.8455,-41.356],[145.849,-41.314],[145.868,-41.306],[145.8765,-41.2845],[145.9335,-41.245],[145.928,-41.206],[145.9325,-41.1915],[145.956,-41.172],[145.959,-41.1505],[145.9445,-41.134],[145.9745,-41.088],[145.976,-41.0715],[145.9555,-41.0635],[145.932,-41.0675],[145.901,-41.045],[145.8425,-41.038],[145.836,-41.057],[145.822,-41.0725],[145.815,-41.107],[145.7745,-41.1265],[145.766,-41.1435],[145.692,-41.199],[145.646,-41.2175],[145.6475,-41.2625],[145.6375,-41.2625],[145.638,-41.356],[145.8455,-41.356]]]},"properties":{"code":"60610","name":"Burnie"}},
{"type":"Feature","geometry":{"type":"Polygon","coordinates":[[[145.8455,-41.356],[145.852,-41.356],[145.853,-41.466],[145.954,-41.452],[146.089,-41.4565],[146.093,-41.407],[146.1145,-41.371],[146.145,-41.3625],[146.1765,-41.3415],[146.1995,-41.2895],[146.2165,-41.276],[146.248,-41.278],[146.256,-41.2685],[146.2515,-41.2575],[146.2525,-41.194],[146.2475,-41.157],[146.169,-41.15],[146.1255,-41.133],[146.1195,-41.119],[146.0725,-41.113],[146.0125,-41.089],[145.99,-41.0755],[145.9745,-41.088],[145.9445,-41.134],[145.959,-41.1505],[145.956,-41.172],[145.9325,-41.1915],[145.928,-41.206],[145.9335,-41.245],[145.8765,-41.2845],[145.868,-41.306],[145.849,-41.314],[145.8455,-41.356]]]},"properties":{"code":"60810","name":"Central Coast (Tas.)"}},
{"type":"Feature","geometry":{"type":"Polygon","coordinates":[[[146.0505,-41.9745],[146.015,-42.0055],[146.0235,-42.0395],[146,-42.067],[146.0755,-42.2105],[146.0905,-42.284],[146.107,-42.3055],[146.096,-42.341],[146.118,-42.4045],[146.134,-42.4145],[146.126,-42.4365],[146.1085,-42.4455],[146.0835,-42.4815],[146.089,-42.489],[146.515,-42.6565],[146.6465,-42.6545],[146.721,-42.679],[146.764,-42.6775],[146.794,-42.6695],[146.82,-42.677],[146.898,-42.6745],[146.902,-42.692],[146.939,-42.684],[146.9535,-42.6685],[147.027,-42.66],[147.0395,-42.6345],[147.0115,-42.607],[147.0485,-42.572],[147.0425,-42.5535],[147.022,-42.541],[147.016,-42.4985],[147.07,-42.506],[147.0825,-42.475],[147.112,-42.4785],[147.1255,-42.449],[147.167,-42.4515],[147.179,-42.4165],[147.1585,-42.411],[147.175,-42.39],[147.179,-42.354],[147.228,-42.325],[147.2125,-42.307],[147.2105,-42.282],[147.183,-42.263],[147.2245,-42.238],[147.1905,-42.2275],[147.2205,-42.2055],[147.271,-42.2195],[147.2755,-42.182],[147.2595,-42.1655],[147.2565,-42.1215],[147.279,-42.1185],[147.233,-42.0765],[147.164,-41.9165],[147.14,-41.939],[147.0815,-41.9395],[147.028,-41.904],[146.9995,-41.8985],[146.9745,-41.859],[146.976,-41.8445],[146.935,-41.836],[146.915,-41.8415],[146.8805,-41.815],[146.854,-41.8125],[146.847,-41.7825],[146.8245,-41.763],[146.846,-41.7295],[146.823,-41.702],[146.8,-41.7215],[146.7695,-41.7265],[146.7205,-41.7135],[146.687,-41.7285],[146.6315,-41.7375],[146.614,-41.7505],[146.5585,-41.7395],[146.5405,-41.746],[146.5035,-41.731],[146.4335,-41.731],[146.3905,-41.7435],[146.385,-41.7605],[146.35,-41.776],[146.39,-41.827],[146.3465,-41.906],[146.314,-41.926],[146.0505,-41.9745]]]},"properties":{"code":"61010","name":"Central Highlands (Tas.)"}},
{"type":"Feature","geometry":{"type":"MultiPolygon","coordinates":[[[[145.545,-40.907],[145.5235,-40.8885],[145.502,-40.857],[145.471,-40.8705],[145.428,-40.8675],[145.383,-40.8495],[145.343,-40.851],[145.2985,-40.818],[145.269,-40.811],[145.2735,-40.7895],[145.2995,-40.7435],[145.2515,-40.7215],[145.2695,-40.759],[145.2585,-40.805],[145.227,-40.7985],[145.171,-40.804],[145.1605,-40.815],[145.1135,-40.8285],[145.064,-40.807],[145.0385,-40.7805],[145.0085,-40.778],[144.9955,-40.7555],[144.97,-40.7505],[144.9365,-40.7555],[144.8815,-40.7495],[144.842,-40.7345],[144.839,-40.7215],[144.7715,-40.709],[144.7365,-40.69],[144.7435,-40.677],[144.728,-40.656],[144.6965,-40.662],[144.697,-40.6865],[144.6845,-40.741],[144.7085,-40.755],[144.6975,-40.783],[144.6975,-40.8075],[144.713,-40.8385],[144.7115,-40.8585],[144.6885,-40.903],[144.658,-40.904],[144.6135,-40.9365],[144.634,-40.9675],[144.6305,-41.0005],[144.6155,-41.009],[144.6325,-41.039],[144.663,-41.056],[144.6765,-41.1035],[144.6675,-41.125],[144.6785,-41.141],[144.673,-41.1595],[144.691,-41.188],[144.686,-41.2405],[144.709,-41.2605],[144.7205,-41.302],[144.7745,-41.3605],[144.7815,-41.3975],[144.7475,-41.4225],[144.7855,-41.446],[144.815,-41.4925],[144.8305,-41.507],[144.88,-41.5755],[144.905,-41.625],[144.902,-41.6395],[144.92,-41.6675],[144.975,-41.6285],[145.0045,-41.6165],[145.035,-41.617],[145.056,-41.627],[145.0605,-41.6265],[145.0675,-41.636],[145.116,-41.406],[145.4435,-41.102],[145.455,-41.094],[145.4625,-41.057],[145.4805,-41.053],[145.4945,-41.022],[145.5315,-40.975],[145.545,-40.907]]],[[[144.93,-40.623],[144.9115,-40.6485],[144.873,-40.6775],[144.87,-40.721],[144.8825,-40.7355],[144.938,-40.732],[144.977,-40.7075],[145.003,-40.713],[145.028,-40.7055],[145.044,-40.6885],[145.0145,-40.682],[144.9685,-40.6565],[144.9335,-40.645],[144.93,-40.623]]],[[[144.7845,-40.3995],[144.7655,-40.453],[144.7715,-40.4665],[144.756,-40.4855],[144.711,-40.483],[144.733,-40.55],[144.7255,-40.566],[144.736,-40.593],[144.7575,-40.606],[144.776,-40.581],[144.7715,-40.5335],[144.7895,-40.5065],[144.7925,-40.479],[144.7845,-40.3995]]],[[[144.893,-40.3885],[144.8825,-40.417],[144.865,-40.432],[144.8435,-40.4355],[144.8585,-40.469],[144.893,-40.4835],[144.934,-40.4695],[144.969,-40.424],[144.941,-40.398],[144.893,-40.3885]]],[[[144.9275,-40.5775],[144.92,-40.6135],[144.9495,-40.6205],[144.9275,-40.5775]]]]},"properties":{"code":"61210","name":"Circular Head"}},
{"type":"Feature","geometry":{"type":"Polygon","coordinates":[[[147.4685,-42.772],[147.479,-42.7515],[147.4735,-42.7165],[147.5005,-42.718],[147.5235,-42.7],[147.4925,-42.686],[147.4275,-42.675],[147.3855,-42.6845],[147.392,-42.7085],[147.319,-42.763],[147.326,-42.7805],[147.2925,-42.791],[147.293,-42.809],[147.32,-42.8165],[147.3385,-42.8465],[147.355,-42.8565],[147.3635,-42.8785],[147.403,-42.8835],[147.417,-42.907],[147.4615,-42.9095],[147.4645,-42.9235],[147.451,-42.9625],[147.479,-42.985],[147.469,-42.9995],[147.473,-43.0235],[147.452,-43.0325],[147.4145,-43.017],[147.404,-43.037],[147.4255,-43.0425],[147.523,-43.018],[147.523,-42.9845],[147.509,-42.9645],[147.5365,-42.9485],[147.5305,-42.9315],[147.495,-42.906],[147.511,-42.8755],[147.512,-42.8575],[147.5665,-42.8375],[147.522,-42.828],[147.4885,-42.829],[147.459,-42.8085],[147.4375,-42.779],[147.4685,-42.772]]]},"properties":{"code":"61410","name":"Clarence"}},
{"type":"Feature","geometry":{"type":"Polygon","coordinates":[[[145.978,-43.039],[146.089,-43.054],[146.222,-43.119],[146.459,-43.0875],[146.6485,-42.9215],[146.658,-42.9035],[146.6475,-42.8535],[146.6565,-42.8475],[146.723,-42.858],[146.7395,-42.871],[146.7655,-42.874],[146.7805,-42.8985],[146.8055,-42.8945],[146.8465,-42.908],[146.8555,-42.939],[146.9375,-42.9285],[146.926,-42.8955],[146.9555,-42.882],[146.9705,-42.8885],[147.009,-42.888],[147.0105,-42.901],[147.0515,-42.9005],[147.1505,-42.9135],[147.1535,-42.8345],[147.1915,-42.813],[147.201,-42.7865],[147.227,-42.7505],[147.195,-42.741],[147.1545,-42.753],[147.132,-42.77],[147.0965,-42.7185],[147.0575,-42.688],[147.051,-42.6665],[147.027,-42.66],[146.9535,-42.6685],[146.939,-42.684],[146.902,-42.692],[146.898,-42.6745],[146.82,-42.677],[146.794,-42.6695],[146.764,-42.6775],[146.721,-42.679],[146.6465,-42.6545],[146.515,-42.6565],[146.089,-42.489],[146.0815,-42.5025],[146.0325,-42.5475],[145.993,-42.5985],[145.9545,-42.6655],[145.909,-42.682],[145.887,-42.6995],[145.867,-42.6985],[145.8425,-42.725],[145.9475,-42.902],[145.9405,-42.9305],[145.993,-42.9785],[145.9915,-43.0045],[145.978,-43.0175],[145.978,-43.039]]]},"properties":{"code":"61510","name":"Derwent Valley"}},
{"type":"Feature","geometry":{"type":"MultiPolygon","coordinates":[[[[146.2525,-41.1935],[146.2525,-41.194],[146.2515,-41.2575],[146.256,-41.2685],[146.321,-41.272],[146.3235,-41.255],[146.348,-41.243],[146.36,-41.222],[146.356,-41.2045],[146.367,-41.1925],[146.356,-41.1615],[146.3235,-41.154],[146.288,-41.1605],[146.267,-41.1545],[146.2525,-41.1935]]],[[[146.3765,-41.2115],[146.3945,-41.2055],[146.4065,-41.17],[146.365,-41.1775],[146.37,-41.1915],[146.3625,-41.2005],[146.3765,-41.2115]]]]},"properties":{"code":"61610","name":"Devonport"}},
{"type":"Feature","geometry":{"type":"Polygon","coordinates":[[[147.204,-41.008],[147.2295,-41.0265],[147.2355,-41.065],[147.248,-41.091],[147.2435,-41.11],[147.2685,-41.1125],[147.2585,-41.176],[147.262,-41.191],[147.298,-41.1995],[147.284,-41.2275],[147.2895,-41.2775],[147.342,-41.2525],[147.388,-41.2545],[147.3935,-41.2715],[147.4995,-41.298],[147.5905,-41.381],[147.834,-41.3725],[147.8895,-41.165],[147.935,-41.1685],[148.005,-41.1535],[148.0825,-41.132],[148.063,-41.105],[148.0625,-41.0875],[148.082,-41.06],[148.073,-41.0475],[148.0755,-40.9975],[148.0905,-40.9355],[148.112,-40.942],[148.124,-40.9255],[148.21,-40.937],[148.2135,-40.9225],[148.258,-40.904],[148.2205,-40.8655],[148.223,-40.846],[148.1855,-40.8315],[148.1725,-40.839],[148.1145,-40.831],[148.1175,-40.815],[148.0835,-40.7735],[148.055,-40.771],[148.011,-40.7455],[147.973,-40.7415],[147.9585,-40.7545],[147.9475,-40.7915],[147.92,-40.8325],[147.887,-40.864],[147.857,-40.8805],[147.822,-40.887],[147.7835,-40.8795],[147.744,-40.857],[147.7065,-40.8605],[147.6885,-40.839],[147.6615,-40.825],[147.627,-40.845],[147.603,-40.847],[147.5725,-40.8965],[147.525,-40.951],[147.4905,-40.9795],[147.4415,-41.003],[147.399,-41.0085],[147.391,-40.9845],[147.3595,-40.9725],[147.346,-40.94],[147.32,-40.9545],[147.25,-40.956],[147.204,-41.008]]]},"properties":{"code":"61810","name":"Dorset"}},
{"type":"Feature","geometry":{"type":"MultiPolygon","coordinates":[[[[147.768,-39.8665],[147.76,-39.8905],[147.817,-39.9095],[147.86,-39.8975],[147.8855,-39.9185],[147.902,-39.9495],[147.903,-39.992],[147.874,-40.021],[147.8945,-40.0345],[147.917,-40.03],[147.939,-40.0385],[147.9775,-40.0905],[148.0065,-40.1045],[148.017,-40.137],[148.0185,-40.1725],[148.042,-40.208],[148.0465,-40.2495],[148.1155,-40.272],[148.1585,-40.263],[148.1845,-40.25],[148.189,-40.2275],[148.2105,-40.2105],[148.2595,-40.21],[148.2835,-40.2315],[148.334,-40.2095],[148.319,-40.1835],[148.292,-40.1055],[148.2755,-40.118],[148.243,-40.1225],[148.2385,-40.1015],[148.2695,-40.09],[148.2865,-40.068],[148.279,-40.0165],[148.2885,-39.97],[148.259,-39.9665],[148.206,-39.9465],[148.176,-39.9415],[148.144,-39.918],[148.097,-39.868],[148.034,-39.81],[148.0075,-39.78],[147.9625,-39.763],[147.9575,-39.728],[147.942,-39.7195],[147.919,-39.7445],[147.8785,-39.762],[147.868,-39.79],[147.842,-39.8075],[147.8455,-39.832],[147.812,-39.834],[147.768,-39.8665]]],[[[147.84,-40.298],[147.881,-40.326],[147.9015,-40.3195],[147.907,-40.2945],[147.872,-40.305],[147.84,-40.298]]],[[[147.3185,-39.496],[147.358,-39.481],[147.356,-39.461],[147.322,-39.452],[147.3105,-39.4665],[147.3185,-39.496]]],[[[148.116,-40.5125],[148.097,-40.5345],[148.115,-40.545],[148.1135,-40.5645],[148.147,-40.566],[148.1745,-40.5905],[148.235,-40.533],[148.2145,-40.503],[148.185,-40.49],[148.1735,-40.4975],[148.131,-40.502],[148.116,-40.5125]]],[[[148.0225,-40.4165],[148.0415,-40.4315],[148.046,-40.4485],[148.0825,-40.455],[148.123,-40.4395],[148.1435,-40.453],[148.206,-40.4415],[148.227,-40.466],[148.286,-40.428],[148.3105,-40.4285],[148.337,-40.469],[148.338,-40.485],[148.37,-40.4785],[148.4015,-40.482],[148.4145,-40.4615],[148.4465,-40.437],[148.4695,-40.4305],[148.4485,-40.4055],[148.4445,-40.3795],[148.4145,-40.3735],[148.367,-40.336],[148.346,-40.3035],[148.3285,-40.3025],[148.3015,-40.3215],[148.283,-40.3195],[148.268,-40.336],[148.226,-40.3285],[148.194,-40.3535],[148.127,-40.338],[148.0695,-40.3495],[148.0325,-40.3615],[147.9855,-40.3905],[147.993,-40.423],[148.0225,-40.4165]]],[[[148.289,-40.273],[148.2865,-40.2895],[148.3215,-40.2835],[148.313,-40.267],[148.289,-40.273]]]]},"properties":{"code":"62010","name":"Flinders (Tas.)"}},
{"type":"Feature","geometry":{"type":"Polygon","coordinates":[[[147.0005,-41.2585],[147.093,-41.2135],[147.13,-41.1995],[147.146,-41.1355],[147.1935,-41.115],[147.2105,-41.086],[147.248,-41.091],[147.2355,-41.065],[147.2295,-41.0265],[147.204,-41.008],[147.148,-41.013],[147.1115,-40.995],[147.076,-40.9995],[147.053,-40.986],[147.0225,-40.981],[146.9905,-40.9935],[146.952,-41.024],[146.9155,-41.03],[146.882,-41.0195],[146.8265,-41.045],[146.8035,-41.064],[146.8175,-41.124],[146.843,-41.139],[146.887,-41.1335],[146.9465,-41.176],[146.9245,-41.1875],[146.922,-41.22],[147.0005,-41.2585]]]},"properties":{"code":"62210","name":"George Town"}},
{"type":"Feature","geometry":{"type":"MultiPolygon","coordinates":[[[[148.146,-41.825],[148.0945,-41.825],[148.0925,-41.833],[148.04,-41.844],[148.022,-41.874],[147.9675,-41.857],[147.8845,-41.8765],[147.846,-42.0105],[147.84,-42.048],[147.866,-42.0885],[147.889,-42.143],[147.882,-42.2135],[147.8665,-42.2415],[147.8305,-42.279],[147.811,-42.2815],[147.789,-42.2815],[147.8065,-42.3135],[147.847,-42.3295],[147.824,-42.3495],[147.792,-42.343],[147.7585,-42.3585],[147.7785,-42.38],[147.7495,-42.392],[147.7295,-42.45],[147.7025,-42.4565],[147.6715,-42.4785],[147.668,-42.5035],[147.632,-42.509],[147.603,-42.5215],[147.586,-42.614],[147.6205,-42.618],[147.62,-42.632],[147.5935,-42.637],[147.5915,-42.669],[147.603,-42.6735],[147.6565,-42.6825],[147.6785,-42.677],[147.6975,-42.694],[147.742,-42.694],[147.748,-42.703],[147.786,-42.7115],[147.9175,-42.719],[147.937,-42.735],[147.939,-42.7005],[147.963,-42.6695],[147.955,-42.6445],[147.933,-42.6335],[147.9455,-42.61],[147.9175,-42.59],[147.9075,-42.5695],[147.8805,-42.566],[147.8885,-42.5455],[147.932,-42.5455],[147.984,-42.5165],[148.0075,-42.462],[147.995,-42.422],[147.981,-42.407],[148.009,-42.3725],[148.0245,-42.3425],[148.001,-42.309],[148.028,-42.2605],[148.0135,-42.2395],[148.066,-42.1925],[148.0815,-42.144],[148.073,-42.1125],[148.089,-42.1005],[148.128,-42.092],[148.1655,-42.0915],[148.231,-42.0995],[148.2115,-42.085],[148.166,-42.0845],[148.151,-42.0745],[148.1275,-42.0805],[148.13,-42.061],[148.152,-42.0625],[148.1615,-42.038],[148.1445,-42.0165],[148.166,-41.9965],[148.197,-42.021],[148.216,-41.988],[148.2455,-41.9975],[148.2145,-42.0355],[148.1735,-42.043],[148.157,-42.065],[148.158,-42.076],[148.2085,-42.0775],[148.2415,-42.0915],[148.251,-42.1145],[148.2675,-42.112],[148.296,-42.125],[148.2975,-42.14],[148.2615,-42.1605],[148.2915,-42.1905],[148.2675,-42.2275],[148.2615,-42.2545],[148.2815,-42.255],[148.2985,-42.283],[148.3145,-42.276],[148.3285,-42.232],[148.3555,-42.1935],[148.349,-42.18],[148.3155,-42.169],[148.3195,-42.1365],[148.344,-42.123],[148.3255,-42.096],[148.3115,-42.0605],[148.2835,-42.034],[148.284,-42.004],[148.2935,-41.9715],[148.31,-41.9615],[148.3065,-41.9315],[148.3235,-41.917],[148.304,-41.891],[148.311,-41.8765],[148.274,-41.8515],[148.266,-41.817],[148.239,-41.826],[148.235,-41.8435],[148.1885,-41.853],[148.177,-41.877],[148.1435,-41.8575],[148.146,-41.825]]],[[[148.0665,-42.6745],[148.0395,-42.6835],[148.012,-42.7295],[148.025,-42.739],[148.048,-42.7225],[148.0935,-42.7205],[148.0945,-42.7045],[148.0685,-42.6775],[148.0835,-42.661],[148.1395,-42.666],[148.1585,-42.65],[148.136,-42.6235],[148.1365,-42.608],[148.12,-42.585],[148.0895,-42.585],[148.0675,-42.5705],[148.046,-42.61],[148.0285,-42.6245],[148.038,-42.649],[148.0665,-42.6745]]],[[[148.295,-42.333],[148.312,-42.3445],[148.331,-42.322],[148.3155,-42.303],[148.2545,-42.2935],[148.236,-42.307],[148.2525,-42.3285],[148.277,-42.3245],[148.295,-42.333]]]]},"properties":{"code":"62410","name":"Glamorgan-Spring Bay"}},
{"type":"Feature","geometry":{"type":"Polygon","coordinates":[[[147.227,-42.7505],[147.201,-42.7865],[147.1915,-42.813],[147.1535,-42.8345],[147.1505,-42.9135],[147.197,-42.906],[147.2285,-42.8795],[147.2815,-42.8545],[147.313,-42.8495],[147.3175,-42.829],[147.2975,-42.8185],[147.276,-42.8255],[147.2535,-42.807],[147.272,-42.796],[147.2535,-42.7695],[147.227,-42.7505]]]},"properties":{"code":"62610","name":"Glenorchy"}},
{"type":"Feature","geometry":{"type":"Polygon","coordinates":[[[147.197,-42.906],[147.231,-42.905],[147.2365,-42.9315],[147.2625,-42.941],[147.2725,-42.9295],[147.3605,-42.9315],[147.3575,-42.91],[147.332,-42.9],[147.337,-42.8655],[147.313,-42.8495],[147.2815,-42.8545],[147.2285,-42.8795],[147.197,-42.906]]]},"properties":{"code":"62810","name":"Hobart"}},
{"type":"Feature","geometry":{"type":"Polygon","coordinates":[[[147.1505,-42.9135],[147.0515,-42.9005],[147.0105,-42.901],[147.009,-42.888],[146.9705,-42.8885],[146.9555,-42.882],[146.926,-42.8955],[146.9375,-42.9285],[146.8555,-42.939],[146.8465,-42.908],[146.8055,-42.8945],[146.7805,-42.8985],[146.7655,-42.874],[146.7395,-42.871],[146.723,-42.858],[146.6565,-42.8475],[146.6475,-42.8535],[146.658,-42.9035],[146.6485,-42.9215],[146.459,-43.0875],[146.222,-43.119],[146.089,-43.054],[145.978,-43.039],[145.974,-43.0775],[145.9925,-43.1005],[145.9795,-43.128],[145.9405,-43.1505],[145.9335,-43.1565],[145.926,-43.158],[145.921,-43.1645],[145.922,-43.1735],[145.93,-43.1775],[145.927,-43.205],[145.9465,-43.23],[145.9755,-43.2355],[145.972,-43.2745],[145.961,-43.2945],[145.9815,-43.305],[145.9835,-43.3225],[146.01,-43.335],[146.049,-43.3375],[146.06,-43.3055],[146.0835,-43.34],[146.1365,-43.3455],[146.152,-43.3035],[146.1765,-43.303],[146.224,-43.325],[146.228,-43.356],[146.214,-43.366],[146.182,-43.36],[146.1265,-43.3735],[146.1305,-43.3555],[146.079,-43.3465],[146.003,-43.345],[145.983,-43.3315],[145.971,-43.3695],[145.953,-43.3595],[145.933,-43.37],[145.9305,-43.3895],[145.9615,-43.382],[145.9915,-43.4055],[146.012,-43.456],[146.032,-43.468],[146.028,-43.489],[146.043,-43.5085],[146.037,-43.551],[146.0695,-43.556],[146.1125,-43.5535],[146.1085,-43.527],[146.1745,-43.51],[146.1915,-43.539],[146.211,-43.5335],[146.2135,-43.4855],[146.2625,-43.4925],[146.2755,-43.5025],[146.267,-43.5265],[146.291,-43.5445],[146.3465,-43.5145],[146.3725,-43.533],[146.4235,-43.5345],[146.4595,-43.5425],[146.532,-43.531],[146.5525,-43.512],[146.5485,-43.4755],[146.578,-43.4835],[146.575,-43.5245],[146.6365,-43.5775],[146.653,-43.596],[146.686,-43.5965],[146.705,-43.628],[146.7255,-43.6275],[146.7535,-43.6085],[146.794,-43.6025],[146.8315,-43.615],[146.837,-43.633],[146.8635,-43.632],[146.9215,-43.599],[146.924,-43.581],[146.8915,-43.5755],[146.8905,-43.536],[146.9025,-43.523],[146.926,-43.536],[146.9545,-43.5315],[146.956,-43.5095],[146.9295,-43.4965],[146.9425,-43.478],[146.9965,-43.4625],[146.9625,-43.449],[146.976,-43.4325],[147.0125,-43.421],[147.0285,-43.3915],[147.0505,-43.3735],[147.0525,-43.3575],[147.017,-43.3345],[147.0115,-43.3165],[147.0675,-43.3175],[147.0975,-43.28],[147.077,-43.271],[147.0535,-43.248],[146.9725,-43.2045],[146.9675,-43.177],[146.981,-43.1585],[146.991,-43.121],[147.017,-43.114],[146.989,-43.1895],[147.0245,-43.2],[147.056,-43.2205],[147.093,-43.1815],[147.1135,-43.2145],[147.0915,-43.22],[147.1005,-43.2515],[147.123,-43.243],[147.167,-43.283],[147.174,-43.248],[147.2005,-43.2505],[147.214,-43.2235],[147.1835,-43.2145],[147.195,-43.192],[147.179,-43.1135],[147.173,-43.0625],[147.197,-43.0415],[147.124,-43.0245],[147.1225,-43.0005],[147.1415,-42.999],[147.1575,-42.9195],[147.1505,-42.9135]]]},"properties":{"code":"63010","name":"Huon Valley"}},
{"type":"Feature","geometry":{"type":"Polygon","coordinates":[[[146.256,-41.2685],[146.248,-41.278],[146.2165,-41.276],[146.1995,-41.2895],[146.1765,-41.3415],[146.145,-41.3625],[146.1145,-41.371],[146.093,-41.407],[146.089,-41.4565],[145.954,-41.452],[145.853,-41.466],[145.853,-41.583],[145.9515,-41.6845],[146.027,-41.577],[146.057,-41.58],[146.179,-41.6025],[146.1985,-41.523],[146.189,-41.513],[146.2295,-41.488],[146.2595,-41.4905],[146.321,-41.5045],[146.3825,-41.5065],[146.416,-41.513],[146.4615,-41.511],[146.494,-41.515],[146.495,-41.4895],[146.45,-41.466],[146.4685,-41.4375],[146.4685,-41.4055],[146.4965,-41.3955],[146.495,-41.378],[146.46,-41.3475],[146.4595,-41.32],[146.4445,-41.298],[146.359,-41.284],[146.37,-41.267],[146.348,-41.243],[146.3235,-41.255],[146.321,-41.272],[146.256,-41.2685]]]},"properties":{"code":"63210","name":"Kentish"}},
{"type":"Feature","geometry":{"type":"Polygon","coordinates":[[[143.853,-39.7525],[143.8655,-39.8005],[143.8675,-39.8315],[143.8365,-39.901],[143.8345,-39.922],[143.845,-39.941],[143.8795,-39.968],[143.8925,-40.007],[143.884,-40.028],[143.8895,-40.054],[143.8605,-40.0605],[143.8815,-40.1205],[143.9045,-40.1215],[143.921,-40.134],[143.9515,-40.112],[144.0365,-40.0865],[144.0695,-40.052],[144.1035,-40.0435],[144.101,-40.029],[144.1275,-39.9935],[144.138,-39.934],[144.1115,-39.914],[144.106,-39.8685],[144.128,-39.822],[144.1045,-39.7795],[144.101,-39.7365],[144.109,-39.669],[144.075,-39.6485],[144.0515,-39.6255],[143.9825,-39.6],[143.95,-39.5795],[143.925,-39.612],[143.9345,-39.638],[143.927,-39.662],[143.893,-39.6965],[143.8495,-39.711],[143.853,-39.7525]]]},"properties":{"code":"63410","name":"King Island"}},
{"type":"Feature","geometry":{"type":"MultiPolygon","coordinates":[[[[147.167,-43.283],[147.1815,-43.2765],[147.215,-43.2815],[147.24,-43.265],[147.2605,-43.216],[147.2425,-43.1825],[147.239,-43.154],[147.2495,-43.1245],[147.2685,-43.1225],[147.3005,-43.085],[147.2575,-43.072],[147.2675,-43.044],[147.29,-43.0255],[147.3155,-43.06],[147.3445,-43.0515],[147.324,-42.9835],[147.3385,-42.974],[147.3605,-42.9315],[147.2725,-42.9295],[147.2625,-42.941],[147.2365,-42.9315],[147.231,-42.905],[147.197,-42.906],[147.1505,-42.9135],[147.1575,-42.9195],[147.1415,-42.999],[147.1225,-43.0005],[147.124,-43.0245],[147.197,-43.0415],[147.173,-43.0625],[147.179,-43.1135],[147.195,-43.192],[147.1835,-43.2145],[147.214,-43.2235],[147.2005,-43.2505],[147.174,-43.248],[147.167,-43.283]]],[[[147.3005,-43.171],[147.3285,-43.17],[147.378,-43.177],[147.3865,-43.1965],[147.3455,-43.2205],[147.356,-43.233],[147.355,-43.2615],[147.3335,-43.2845],[147.3065,-43.2935],[147.298,-43.273],[147.271,-43.278],[147.271,-43.2955],[147.2425,-43.309],[147.226,-43.335],[147.2195,-43.376],[147.1875,-43.3595],[147.175,-43.395],[147.1745,-43.438],[147.1805,-43.456],[147.164,-43.465],[147.1175,-43.4135],[147.0915,-43.4195],[147.1355,-43.458],[147.133,-43.4805],[147.181,-43.49],[147.1975,-43.4555],[147.203,-43.418],[147.2275,-43.4125],[147.242,-43.4255],[147.256,-43.4575],[147.2425,-43.4675],[147.296,-43.512],[147.327,-43.497],[147.3205,-43.475],[147.338,-43.4235],[147.3645,-43.392],[147.379,-43.3905],[147.3795,-43.3615],[147.348,-43.3685],[147.3225,-43.348],[147.3205,-43.3105],[147.352,-43.268],[147.3925,-43.2455],[147.4175,-43.241],[147.4325,-43.224],[147.411,-43.2005],[147.4135,-43.1815],[147.394,-43.1645],[147.4005,-43.127],[147.383,-43.1035],[147.346,-43.075],[147.3265,-43.089],[147.311,-43.1185],[147.3455,-43.1215],[147.33,-43.1415],[147.2885,-43.1435],[147.3005,-43.171]]]]},"properties":{"code":"63610","name":"Kingborough"}},
{"type":"Feature","geometry":{"type":"Polygon","coordinates":[[[146.4065,-41.17],[146.3945,-41.2055],[146.3765,-41.2115],[146.36,-41.222],[146.348,-41.243],[146.37,-41.267],[146.359,-41.284],[146.4445,-41.298],[146.4595,-41.32],[146.46,-41.3475],[146.495,-41.378],[146.528,-41.365],[146.583,-41.353],[146.5895,-41.335],[146.62,-41.3245],[146.7035,-41.3325],[146.709,-41.303],[146.7495,-41.2975],[146.762,-41.287],[146.6955,-41.1705],[146.6955,-41.133],[146.6645,-41.111],[146.6615,-41.096],[146.6335,-41.125],[146.5785,-41.148],[146.584,-41.169],[146.569,-41.178],[146.544,-41.1575],[146.5445,-41.127],[146.4625,-41.1605],[146.4065,-41.17]]]},"properties":{"code":"63810","name":"Latrobe (Tas.)"}},
{"type":"Feature","geometry":{"type":"Polygon","coordinates":[[[147.648,-41.4785],[147.6275,-41.4515],[147.6195,-41.409],[147.5905,-41.381],[147.4995,-41.298],[147.3935,-41.2715],[147.388,-41.2545],[147.342,-41.2525],[147.2895,-41.2775],[147.284,-41.2275],[147.298,-41.1995],[147.262,-41.191],[147.2585,-41.176],[147.2685,-41.1125],[147.2435,-41.11],[147.248,-41.091],[147.2105,-41.086],[147.1935,-41.115],[147.146,-41.1355],[147.13,-41.1995],[147.093,-41.2135],[147.0005,-41.2585],[147.0155,-41.2765],[146.9785,-41.299],[146.9995,-41.3165],[147.044,-41.3205],[147.082,-41.342],[147.08,-41.367],[147.0935,-41.3855],[147.128,-41.411],[147.119,-41.426],[147.104,-41.4655],[147.14,-41.483],[147.129,-41.494],[147.154,-41.501],[147.1695,-41.493],[147.198,-41.51],[147.221,-41.4955],[147.2485,-41.528],[147.313,-41.5295],[147.347,-41.512],[147.388,-41.556],[147.4065,-41.556],[147.428,-41.5385],[147.476,-41.518],[147.5065,-41.5305],[147.54,-41.5075],[147.579,-41.5135],[147.648,-41.4785]]]},"properties":{"code":"64010","name":"Launceston"}},
{"type":"Feature","geometry":{"type":"Polygon","coordinates":[[[145.9515,-41.6845],[146.0505,-41.9745],[146.314,-41.926],[146.3465,-41.906],[146.39,-41.827],[146.35,-41.776],[146.385,-41.7605],[146.3905,-41.7435],[146.4335,-41.731],[146.5035,-41.731],[146.5405,-41.746],[146.5585,-41.7395],[146.614,-41.7505],[146.6315,-41.7375],[146.687,-41.7285],[146.7205,-41.7135],[146.7695,-41.7265],[146.779,-41.713],[146.775,-41.685],[146.826,-41.679],[146.8565,-41.6835],[146.879,-41.6675],[146.912,-41.667],[146.9215,-41.6815],[146.9565,-41.6455],[146.951,-41.6325],[146.968,-41.6055],[146.9965,-41.5795],[147.0315,-41.5725],[147.085,-41.5495],[147.068,-41.5235],[147.129,-41.494],[147.14,-41.483],[147.104,-41.4655],[147.0775,-41.446],[147.0655,-41.459],[147.032,-41.4375],[147.008,-41.445],[146.996,-41.432],[146.972,-41.429],[146.9345,-41.4085],[146.9265,-41.391],[146.873,-41.391],[146.7715,-41.3755],[146.6975,-41.355],[146.7035,-41.3325],[146.62,-41.3245],[146.5895,-41.335],[146.583,-41.353],[146.528,-41.365],[146.495,-41.378],[146.4965,-41.3955],[146.4685,-41.4055],[146.4685,-41.4375],[146.45,-41.466],[146.495,-41.4895],[146.494,-41.515],[146.4615,-41.511],[146.416,-41.513],[146.3825,-41.5065],[146.321,-41.5045],[146.2595,-41.4905],[146.2295,-41.488],[146.189,-41.513],[146.1985,-41.523],[146.179,-41.6025],[146.057,-41.58],[146.027,-41.577],[145.9515,-41.6845]]]},"properties":{"code":"64210","name":"Meander Valley"}},
{"type":"Feature","geometry":{"type":"Polygon","coordinates":[[[146.7695,-41.7265],[146.8,-41.7215],[146.823,-41.702],[146.846,-41.7295],[146.8245,-41.763],[146.847,-41.7825],[146.854,-41.8125],[146.8805,-41.815],[146.915,-41.8415],[146.935,-41.836],[146.976,-41.8445],[146.9745,-41.859],[146.9995,-41.8985],[147.028,-41.904],[147.0815,-41.9395],[147.14,-41.939],[147.164,-41.9165],[147.233,-42.0765],[147.279,-42.1185],[147.2565,-42.1215],[147.2595,-42.1655],[147.296,-42.1575],[147.3345,-42.1235],[147.354,-42.1225],[147.385,-42.139],[147.4245,-42.1385],[147.449,-42.117],[147.5095,-42.1545],[147.504,-42.1675],[147.5465,-42.181],[147.5435,-42.195],[147.568,-42.23],[147.673,-42.24],[147.709,-42.252],[147.712,-42.273],[147.7545,-42.2695],[147.809,-42.2715],[147.811,-42.2815],[147.8305,-42.279],[147.8665,-42.2415],[147.882,-42.2135],[147.889,-42.143],[147.866,-42.0885],[147.84,-42.048],[147.846,-42.0105],[147.8845,-41.8765],[147.9675,-41.857],[148.022,-41.874],[148.04,-41.844],[148.0925,-41.833],[148.0945,-41.825],[148.146,-41.825],[148.137,-41.765],[148.1205,-41.7495],[148.0885,-41.7535],[148.0505,-41.7375],[148.0395,-41.751],[148.041,-41.7765],[148.0025,-41.7635],[147.9715,-41.781],[147.921,-41.7605],[147.916,-41.7925],[147.8265,-41.7775],[147.8065,-41.752],[147.7835,-41.761],[147.7635,-41.741],[147.788,-41.728],[147.773,-41.7075],[147.788,-41.7],[147.7645,-41.67],[147.765,-41.6455],[147.7935,-41.6505],[147.78,-41.6065],[147.7535,-41.554],[147.7135,-41.549],[147.68,-41.5],[147.654,-41.4955],[147.648,-41.4785],[147.579,-41.5135],[147.54,-41.5075],[147.5065,-41.5305],[147.476,-41.518],[147.428,-41.5385],[147.4065,-41.556],[147.388,-41.556],[147.347,-41.512],[147.313,-41.5295],[147.2485,-41.528],[147.221,-41.4955],[147.198,-41.51],[147.1695,-41.493],[147.154,-41.501],[147.129,-41.494],[147.068,-41.5235],[147.085,-41.5495],[147.0315,-41.5725],[146.9965,-41.5795],[146.968,-41.6055],[146.951,-41.6325],[146.9565,-41.6455],[146.9215,-41.6815],[146.912,-41.667],[146.879,-41.6675],[146.8565,-41.6835],[146.826,-41.679],[146.775,-41.685],[146.779,-41.713],[146.7695,-41.7265]]]},"properties":{"code":"64610","name":"Northern Midlands"}},
{"type":"Feature","geometry":{"type":"Polygon","coordinates":[[[147.937,-42.735],[147.9175,-42.719],[147.786,-42.7115],[147.748,-42.703],[147.742,-42.694],[147.6975,-42.694],[147.6785,-42.677],[147.6565,-42.6825],[147.603,-42.6735],[147.575,-42.6915],[147.53,-42.683],[147.5235,-42.7],[147.5005,-42.718],[147.4735,-42.7165],[147.479,-42.7515],[147.4685,-42.772],[147.4545,-42.783],[147.486,-42.8025],[147.512,-42.783],[147.5255,-42.803],[147.549,-42.7845],[147.582,-42.7985],[147.621,-42.8425],[147.6105,-42.8655],[147.6425,-42.8775],[147.68,-42.9005],[147.722,-42.8865],[147.762,-42.902],[147.8125,-42.8895],[147.8275,-42.8805],[147.862,-42.822],[147.879,-42.77],[147.9,-42.744],[147.937,-42.735]]]},"properties":{"code":"64810","name":"Sorell"}},
{"type":"Feature","geometry":{"type":"Polygon","coordinates":[[[147.027,-42.66],[147.051,-42.6665],[147.0575,-42.688],[147.0965,-42.7185],[147.1545,-42.706],[147.206,-42.688],[147.2175,-42.677],[147.2505,-42.683],[147.2725,-42.678],[147.3035,-42.6555],[147.3555,-42.6805],[147.3855,-42.6845],[147.4275,-42.675],[147.4925,-42.686],[147.5235,-42.7],[147.53,-42.683],[147.575,-42.6915],[147.603,-42.6735],[147.5915,-42.669],[147.5935,-42.637],[147.62,-42.632],[147.6205,-42.618],[147.586,-42.614],[147.603,-42.5215],[147.632,-42.509],[147.668,-42.5035],[147.6715,-42.4785],[147.7025,-42.4565],[147.7295,-42.45],[147.7495,-42.392],[147.7785,-42.38],[147.7585,-42.3585],[147.792,-42.343],[147.824,-42.3495],[147.847,-42.3295],[147.8065,-42.3135],[147.789,-42.2815],[147.811,-42.2815],[147.809,-42.2715],[147.7545,-42.2695],[147.712,-42.273],[147.709,-42.252],[147.673,-42.24],[147.568,-42.23],[147.5435,-42.195],[147.5465,-42.181],[147.504,-42.1675],[147.5095,-42.1545],[147.449,-42.117],[147.4245,-42.1385],[147.385,-42.139],[147.354,-42.1225],[147.3345,-42.1235],[147.296,-42.1575],[147.2595,-42.1655],[147.2755,-42.182],[147.271,-42.2195],[147.2205,-42.2055],[147.1905,-42.2275],[147.2245,-42.238],[147.183,-42.263],[147.2105,-42.282],[147.2125,-42.307],[147.228,-42.325],[147.179,-42.354],[147.175,-42.39],[147.1585,-42.411],[147.179,-42.4165],[147.167,-42.4515],[147.1255,-42.449],[147.112,-42.4785],[147.0825,-42.475],[147.07,-42.506],[147.016,-42.4985],[147.022,-42.541],[147.0425,-42.5535],[147.0485,-42.572],[147.0115,-42.607],[147.0395,-42.6345],[147.027,-42.66]]]},"properties":{"code":"65010","name":"Southern Midlands"}},
{"type":"Feature","geometry":{"type":"Polygon","coordinates":[[[147.818,-42.8955],[147.8155,-42.8995],[147.837,-42.948],[147.825,-42.9765],[147.8455,-42.9825],[147.845,-43.0045],[147.871,-43.0245],[147.836,-43.041],[147.8405,-43.0605],[147.7735,-43.0545],[147.7495,-43.0435],[147.7455,-43.0235],[147.7075,-43.007],[147.7265,-42.9795],[147.726,-42.9495],[147.679,-42.9345],[147.6655,-42.939],[147.6835,-42.9745],[147.6675,-43],[147.6525,-42.993],[147.6185,-43.0085],[147.6285,-43.041],[147.6275,-43.0725],[147.65,-43.089],[147.67,-43.087],[147.6905,-43.1005],[147.719,-43.103],[147.6895,-43.138],[147.6945,-43.167],[147.72,-43.194],[147.7635,-43.2065],[147.8005,-43.238],[147.8055,-43.21],[147.8445,-43.188],[147.872,-43.1905],[147.846,-43.155],[147.8715,-43.131],[147.8955,-43.155],[147.8945,-43.188],[147.917,-43.1895],[147.949,-43.2155],[148.003,-43.2275],[147.9635,-43.191],[147.9835,-43.156],[147.9825,-43.1355],[147.966,-43.0855],[147.946,-43.0605],[147.953,-43.0405],[147.929,-43.029],[147.9275,-43.014],[147.9525,-43.002],[147.962,-42.984],[147.9945,-42.9715],[147.9835,-42.941],[147.999,-42.9145],[147.9655,-42.866],[147.9415,-42.8775],[147.925,-42.8675],[147.9215,-42.847],[147.8915,-42.8425],[147.8745,-42.874],[147.905,-42.8845],[147.902,-42.8955],[147.8535,-42.89],[147.818,-42.8955]]]},"properties":{"code":"65210","name":"Tasman"}},
{"type":"Feature","geometry":{"type":"Polygon","coordinates":[[[145.0675,-41.636],[145.083,-41.656],[145.1015,-41.646],[145.2665,-41.678],[145.3365,-41.685],[145.634,-41.7075],[145.65,-41.681],[145.674,-41.679],[145.6915,-41.6655],[145.696,-41.645],[145.7175,-41.635],[145.7725,-41.63],[145.791,-41.598],[145.816,-41.6],[145.853,-41.583],[145.853,-41.466],[145.852,-41.356],[145.8455,-41.356],[145.638,-41.356],[145.6375,-41.2625],[145.6475,-41.2625],[145.646,-41.2175],[145.692,-41.199],[145.766,-41.1435],[145.7745,-41.1265],[145.815,-41.107],[145.822,-41.0725],[145.836,-41.057],[145.839,-41.039],[145.8015,-41.0265],[145.769,-40.9985],[145.743,-40.99],[145.7245,-40.969],[145.7325,-40.9475],[145.697,-40.9405],[145.652,-40.94],[145.5795,-40.9135],[145.545,-40.907],[145.5315,-40.975],[145.4945,-41.022],[145.4805,-41.053],[145.4625,-41.057],[145.455,-41.094],[145.4435,-41.102],[145.116,-41.406],[145.0675,-41.636]]]},"properties":{"code":"65410","name":"Waratah-Wynyard"}},
{"type":"Feature","geometry":{"type":"Polygon","coordinates":[[[145.9405,-43.1505],[145.9795,-43.128],[145.9925,-43.1005],[145.974,-43.0775],[145.978,-43.039],[145.978,-43.0175],[145.9915,-43.0045],[145.993,-42.9785],[145.9405,-42.9305],[145.9475,-42.902],[145.8425,-42.725],[145.867,-42.6985],[145.887,-42.6995],[145.909,-42.682],[145.9545,-42.6655],[145.993,-42.5985],[146.0325,-42.5475],[146.0815,-42.5025],[146.089,-42.489],[146.0835,-42.4815],[146.1085,-42.4455],[146.126,-42.4365],[146.134,-42.4145],[146.118,-42.4045],[146.096,-42.341],[146.107,-42.3055],[146.0905,-42.284],[146.0755,-42.2105],[146,-42.067],[146.0235,-42.0395],[146.015,-42.0055],[146.0505,-41.9745],[145.9515,-41.6845],[145.853,-41.583],[145.816,-41.6],[145.791,-41.598],[145.7725,-41.63],[145.7175,-41.635],[145.696,-41.645],[145.6915,-41.6655],[145.674,-41.679],[145.65,-41.681],[145.634,-41.7075],[145.3365,-41.685],[145.2665,-41.678],[145.1015,-41.646],[145.0835,-41.657],[145.0665,-41.651],[145.066,-41.636],[145.06,-41.628],[145.051,-41.626],[145.0365,-41.619],[145.006,-41.6175],[144.976,-41.63],[144.925,-41.666],[144.911,-41.6865],[144.9235,-41.717],[144.9625,-41.7205],[144.991,-41.7485],[145.007,-41.7825],[145.068,-41.8365],[145.086,-41.8665],[145.1175,-41.887],[145.1235,-41.8995],[145.1875,-41.9415],[145.231,-42.0145],[145.255,-42.068],[145.265,-42.1285],[145.253,-42.186],[145.2225,-42.218],[145.268,-42.232],[145.288,-42.2125],[145.268,-42.203],[145.294,-42.179],[145.3475,-42.169],[145.371,-42.2275],[145.361,-42.235],[145.3995,-42.2775],[145.4265,-42.2935],[145.4325,-42.3145],[145.4635,-42.3235],[145.468,-42.3465],[145.5175,-42.34],[145.5325,-42.363],[145.536,-42.403],[145.513,-42.435],[145.492,-42.4225],[145.465,-42.439],[145.4465,-42.436],[145.452,-42.4055],[145.416,-42.3725],[145.3975,-42.375],[145.3505,-42.3425],[145.31,-42.3205],[145.3135,-42.295],[145.2925,-42.296],[145.2795,-42.2815],[145.237,-42.2635],[145.2245,-42.2275],[145.198,-42.1975],[145.189,-42.2425],[145.2065,-42.2555],[145.213,-42.297],[145.196,-42.327],[145.223,-42.3555],[145.225,-42.385],[145.2375,-42.395],[145.2365,-42.4175],[145.253,-42.451],[145.236,-42.471],[145.2605,-42.5035],[145.2595,-42.523],[145.302,-42.5865],[145.2905,-42.6075],[145.3,-42.62],[145.333,-42.6295],[145.3325,-42.653],[145.3665,-42.658],[145.367,-42.686],[145.3835,-42.728],[145.38,-42.7575],[145.419,-42.802],[145.4355,-42.872],[145.4585,-42.9055],[145.473,-42.9065],[145.4965,-42.951],[145.496,-42.975],[145.532,-42.9835],[145.5615,-42.971],[145.591,-42.975],[145.61,-43.009],[145.657,-43.0445],[145.6855,-43.055],[145.67,-43.0805],[145.6935,-43.117],[145.731,-43.114],[145.724,-43.138],[145.758,-43.1655],[145.7605,-43.184],[145.7905,-43.1895],[145.816,-43.279],[145.851,-43.2935],[145.8505,-43.307],[145.873,-43.32],[145.8965,-43.302],[145.921,-43.295],[145.924,-43.2675],[145.908,-43.2655],[145.8805,-43.2895],[145.865,-43.278],[145.87,-43.2605],[145.899,-43.2635],[145.9285,-43.238],[145.91,-43.1925],[145.9275,-43.1875],[145.9195,-43.1715],[145.9205,-43.161],[145.9255,-43.157],[145.933,-43.156],[145.9405,-43.1505]]]},"properties":{"code":"65610","name":"West Coast"}},
{"type":"Feature","geometry":{"type":"Polygon","coordinates":[[[146.7035,-41.3325],[146.6975,-41.355],[146.7715,-41.3755],[146.873,-41.391],[146.9265,-41.391],[146.9345,-41.4085],[146.972,-41.429],[146.996,-41.432],[147.008,-41.445],[147.032,-41.4375],[147.0655,-41.459],[147.0775,-41.446],[147.104,-41.4655],[147.119,-41.426],[147.123,-41.4095],[147.0795,-41.391],[147.0605,-41.335],[147.03,-41.3455],[147,-41.3225],[146.9735,-41.3125],[146.9785,-41.2735],[146.955,-41.2605],[146.9075,-41.2055],[146.929,-41.179],[146.904,-41.159],[146.878,-41.15],[146.86,-41.1705],[146.822,-41.1695],[146.824,-41.15],[146.8105,-41.1185],[146.775,-41.0825],[146.75,-41.085],[146.719,-41.0705],[146.674,-41.1015],[146.6615,-41.096],[146.6645,-41.111],[146.6955,-41.133],[146.6955,-41.1705],[146.762,-41.287],[146.7495,-41.2975],[146.709,-41.303],[146.7035,-41.3325]]]},"properties":{"code":"65810","name":"West Tamar"}},
{"type":"Feature","geometry":{"type":"Polygon","coordinates":[[[133.8115,-23.6955],[133.8115,-23.7245],[133.782,-23.7245],[133.726,-23.7475],[133.726,-23.776],[133.757,-23.783],[133.7565,-23.8135],[133.8455,-23.8135],[133.872,-23.792],[133.8835,-23.8315],[133.9405,-23.8315],[133.9405,-23.781],[133.9205,-23.781],[133.9215,-23.7555],[133.9405,-23.7555],[133.9405,-23.665],[133.9195,-23.665],[133.9195,-23.6305],[133.811,-23.6305],[133.8115,-23.6955]]]},"properties":{"code":"70200","name":"Alice Springs"}},
{"type":"Feature","geometry":{"type":"Polygon","coordinates":[[[137.9975,-21.929],[137.997,-21.493],[137.997,-21.1945],[137.996,-19.2395],[137.996,-19.06],[137.996,-18.8035],[137.996,-18.6155],[137.9955,-18.1785],[137.995,-17.6115],[137.592,-17.6115],[137.592,-17.5],[137.1215,-17.5],[136.8265,-17.5],[136.8265,-17.4545],[136.5185,-17.455],[136.0615,-17.4545],[136.061,-17.2655],[135.881,-17.2655],[135.881,-16.9535],[135.94,-16.919],[135.7765,-16.793],[135.7765,-16.9535],[135.5845,-16.9535],[135.5845,-17.1205],[135.401,-17.1215],[135.0755,-17.1215],[135.0755,-16.813],[135.0755,-16.502],[134.848,-16.502],[134.848,-16.6475],[134.4425,-16.648],[134.4425,-16.8665],[134.205,-16.867],[133.898,-16.867],[133.5885,-16.8665],[133.5885,-17.1225],[133.2895,-17.1225],[133.2815,-17.0935],[133.2595,-17.09],[133.2595,-17.0755],[133.2115,-17.0755],[133.2115,-16.8655],[132.963,-16.8655],[132.964,-16.7925],[132.7375,-16.7925],[132.7375,-16.583],[132.523,-16.5835],[132.402,-16.583],[132.402,-17.0335],[132.402,-17.3065],[132.0925,-17.306],[132.093,-17.5965],[132.1225,-17.5965],[132.1225,-17.818],[131.814,-17.818],[131.6465,-17.818],[131.6465,-18.187],[131.646,-18.3245],[132.022,-18.324],[132.023,-18.772],[132.0235,-19.067],[132.024,-19.3625],[132.024,-19.6575],[132.0245,-19.9525],[132.025,-20.2575],[132.184,-20.393],[132.5175,-20.6615],[132.756,-20.853],[132.7555,-21.077],[133.161,-21.077],[133.161,-21.1945],[133.3265,-21.195],[133.3265,-20.723],[133.657,-20.723],[133.657,-20.922],[133.6595,-21.2175],[133.6605,-21.4075],[133.7715,-21.4085],[133.7715,-21.5685],[133.891,-21.5685],[133.8845,-21.598],[133.8085,-21.6875],[133.7915,-21.697],[134.1075,-21.699],[134.372,-21.6995],[134.3705,-21.846],[134.4255,-21.846],[134.525,-21.945],[134.5405,-21.948],[134.609,-22.045],[134.6005,-22.1205],[134.579,-22.1255],[134.544,-22.152],[134.5485,-22.187],[134.54,-22.2225],[134.5605,-22.229],[134.541,-22.2895],[134.6165,-22.297],[134.6165,-22.3545],[134.628,-22.3545],[134.6275,-22.4815],[134.8855,-22.4815],[134.8855,-22.1655],[135.152,-22.164],[135.1515,-22.355],[135.1495,-22.5485],[135.4005,-22.548],[135.4005,-22.4805],[135.467,-22.452],[135.6075,-22.552],[135.77,-22.554],[135.8635,-22.57],[135.899,-22.581],[135.917,-22.5405],[135.98,-22.5475],[135.98,-22.1655],[136.1505,-22.1655],[136.2825,-22.0635],[136.312,-22.058],[136.3725,-22.0055],[136.403,-21.989],[136.4165,-21.9965],[136.4525,-21.9795],[136.49,-21.9785],[136.49,-21.998],[136.706,-21.998],[137.0175,-21.9985],[137.3345,-21.9985],[137.6815,-21.9985],[137.6815,-21.9295],[137.9975,-21.929]]]},"properties":{"code":"70420","name":"Barkly"}},
{"type":"Feature","geometry":{"type":"Polygon","coordinates":[[[130.694,-12.5675],[130.713,-12.5675],[130.713,-12.509],[130.6535,-12.509],[130.6535,-12.567],[130.694,-12.5675]]]},"properties":{"code":"70540","name":"Belyuen"}},
{"type":"Feature","geometry":{"type":"Polygon","coordinates":[[[129.0005,-18.6825],[129.0005,-21.232],[129.0005,-21.8665],[129.0005,-22.247],[129.0005,-23.021],[130.606,-23.021],[131.008,-23.021],[131.4745,-23.021],[131.89,-23.017],[131.89,-22.912],[132.0675,-22.912],[132.0675,-22.854],[132.305,-22.854],[132.305,-23.0185],[132.6235,-23.019],[133.0365,-23.0185],[133.5165,-23.019],[133.8355,-23.0185],[133.8355,-23.047],[133.8815,-23.0995],[134.1255,-23.099],[134.126,-23.2625],[134.1255,-23.5975],[134.442,-23.5975],[134.4425,-23.565],[134.461,-23.5545],[134.5985,-23.554],[134.599,-23.444],[134.666,-23.444],[134.666,-23.4595],[134.716,-23.4595],[134.716,-23.486],[134.9515,-23.486],[134.9515,-23.3095],[135.0495,-23.3745],[135.1945,-23.3755],[135.206,-23.4165],[135.2255,-23.4335],[135.2655,-23.507],[135.2655,-23.5525],[135.287,-23.552],[135.336,-23.583],[135.3775,-23.6165],[135.424,-23.6185],[135.421,-23.4965],[135.5495,-23.497],[135.66,-23.4945],[135.66,-23.759],[135.7045,-23.774],[135.736,-23.7915],[135.7765,-23.83],[135.798,-23.885],[135.855,-23.9355],[135.8615,-23.9655],[135.8855,-23.9865],[135.907,-24.0155],[135.9135,-24.044],[135.9345,-24.0845],[135.9605,-24.115],[135.9975,-24.199],[136.33,-24.0305],[136.611,-23.887],[136.844,-23.887],[137.0405,-23.8835],[137.361,-23.877],[137.682,-23.87],[137.999,-23.872],[137.9985,-23.521],[137.9985,-23.0625],[137.998,-22.7865],[137.998,-22.612],[137.9975,-21.929],[137.6815,-21.9295],[137.6815,-21.9985],[137.3345,-21.9985],[137.0175,-21.9985],[136.706,-21.998],[136.49,-21.998],[136.49,-21.9785],[136.4525,-21.9795],[136.4165,-21.9965],[136.403,-21.989],[136.3725,-22.0055],[136.312,-22.058],[136.2825,-22.0635],[136.1505,-22.1655],[135.98,-22.1655],[135.98,-22.5475],[135.917,-22.5405],[135.899,-22.581],[135.8635,-22.57],[135.77,-22.554],[135.6075,-22.552],[135.467,-22.452],[135.4005,-22.4805],[135.4005,-22.548],[135.1495,-22.5485],[135.1515,-22.355],[135.152,-22.164],[134.8855,-22.1655],[134.8855,-22.4815],[134.6275,-22.4815],[134.628,-22.3545],[134.6165,-22.3545],[134.6165,-22.297],[134.541,-22.2895],[134.5605,-22.229],[134.54,-22.2225],[134.5485,-22.187],[134.544,-22.152],[134.579,-22.1255],[134.6005,-22.1205],[134.609,-22.045],[134.5405,-21.948],[134.525,-21.945],[134.4255,-21.846],[134.3705,-21.846],[134.372,-21.6995],[134.1075,-21.699],[133.7915,-21.697],[133.8085,-21.6875],[133.8845,-21.598],[133.891,-21.5685],[133.7715,-21.5685],[133.7715,-21.4085],[133.6605,-21.4075],[133.6595,-21.2175],[133.657,-20.922],[133.657,-20.723],[133.3265,-20.723],[133.3265,-21.195],[133.161,-21.1945],[133.161,-21.077],[132.7555,-21.077],[132.756,-20.853],[132.5175,-20.6615],[132.184,-20.393],[132.025,-20.2575],[132.0245,-19.9525],[132.024,-19.6575],[132.024,-19.3625],[132.0235,-19.067],[132.023,-18.772],[132.022,-18.324],[131.646,-18.3245],[131.149,-18.3235],[130.788,-18.3235],[130.6355,-18.3235],[130.6355,-17.9455],[130.4305,-17.945],[130.1235,-17.9455],[130.1235,-18.6825],[129.3105,-18.6825],[129.0005,-18.6825]]]},"properties":{"code":"70620","name":"Central Desert"}},
{"type":"Feature","geometry":{"type":"Polygon","coordinates":[[[130.889,-12.8595],[130.889,-13.028],[130.9115,-13.016],[130.9255,-13.0415],[130.9205,-13.071],[130.9305,-13.083],[130.889,-13.1515],[130.8915,-13.181],[130.9035,-13.199],[130.9205,-13.2085],[130.9205,-13.2325],[130.934,-13.254],[130.951,-13.258],[130.9605,-13.221],[130.9805,-13.2085],[131.0305,-13.2085],[131.061,-13.19],[131.076,-13.2335],[131.098,-13.2375],[131.098,-13.2805],[131.0135,-13.2805],[131.0135,-13.4425],[131.0135,-13.489],[131.186,-13.489],[131.244,-13.489],[131.243,-13.349],[131.2235,-13.3475],[131.1865,-13.331],[131.1865,-13.288],[131.161,-13.276],[131.1255,-13.2455],[131.1455,-13.228],[131.1845,-13.228],[131.1845,-13.1965],[131.2055,-13.167],[131.223,-13.1335],[131.236,-13.1235],[131.234,-13.091],[131.251,-13.079],[131.2485,-13.018],[131.2615,-12.984],[131.2785,-12.973],[131.269,-12.9525],[131.2645,-12.9195],[131.223,-12.9055],[131.2015,-12.882],[131.203,-12.8615],[131.158,-12.862],[131.1425,-12.846],[131.1345,-12.8245],[131.0685,-12.823],[131.039,-12.816],[131.0385,-12.8605],[130.889,-12.8595]]]},"properties":{"code":"70700","name":"Coomalie "}},
{"type":"Feature","geometry":{"type":"Polygon","coordinates":[[[130.8415,-12.4675],[130.8505,-12.4635],[130.854,-12.4415],[130.866,-12.4405],[130.9025,-12.451],[130.9275,-12.4465],[130.931,-12.436],[130.938,-12.4095],[130.937,-12.343],[130.8945,-12.331],[130.8705,-12.3555],[130.8605,-12.3755],[130.848,-12.376],[130.828,-12.4495],[130.8415,-12.4675]]]},"properties":{"code":"71000","name":"Darwin"}},
{"type":"Feature","geometry":{"type":"Polygon","coordinates":[[[130.8415,-12.4675],[130.8445,-12.4735],[130.852,-12.4705],[130.8505,-12.4635],[130.8415,-12.4675]]]},"properties":{"code":"71150","name":"Darwin Waterfront Precinct"}},
{"type":"Feature","geometry":{"type":"MultiPolygon","coordinates":[[[[134.761,-11.9525],[134.7235,-12.009],[134.727,-12.069],[134.8065,-12.109],[134.806,-12.17],[134.7665,-12.2335],[134.7665,-12.535],[134.7725,-12.562],[134.7915,-12.5975],[134.792,-12.8835],[135,-12.8835],[135,-13.0015],[135,-14],[135.502,-14.3225],[135.501,-13.565],[135.921,-13.3825],[135.88,-13.362],[135.8815,-13.3405],[135.8935,-13.312],[135.9085,-13.3015],[135.9185,-13.27],[135.948,-13.252],[135.97,-13.2675],[135.976,-13.2325],[136.0005,-13.2135],[136.0165,-13.2175],[136.0305,-13.244],[136.041,-13.292],[136.062,-13.2635],[136.049,-13.243],[136.0615,-13.2265],[136.0815,-13.235],[136.0795,-13.206],[136.1075,-13.1725],[136.1035,-13.153],[136.143,-13.1245],[136.153,-13.1475],[136.137,-13.2125],[136.148,-13.22],[136.1525,-13.2465],[136.178,-13.234],[136.201,-13.247],[136.2135,-13.233],[136.2145,-13.209],[136.2355,-13.188],[136.243,-13.1695],[136.2205,-13.151],[136.223,-13.135],[136.283,-13.168],[136.31,-13.166],[136.307,-13.144],[136.3215,-13.12],[136.307,-13.0935],[136.3085,-13.0725],[136.336,-13.0455],[136.3645,-13.0565],[136.3715,-13.0785],[136.3705,-13.1065],[136.357,-13.1175],[136.3705,-13.1405],[136.3665,-13.1965],[136.379,-13.205],[136.387,-13.232],[136.372,-13.251],[136.3285,-13.25],[136.3385,-13.2715],[136.32,-13.295],[136.335,-13.324],[136.345,-13.3245],[136.387,-13.267],[136.4015,-13.242],[136.454,-13.2245],[136.447,-13.2485],[136.4555,-13.255],[136.476,-13.2345],[136.4725,-13.215],[136.4795,-13.169],[136.493,-13.1495],[136.511,-13.1395],[136.529,-13.1465],[136.5465,-13.0935],[136.567,-13.059],[136.5375,-13.0565],[136.5355,-13.0235],[136.5085,-13.0125],[136.508,-12.9965],[136.48,-12.998],[136.4535,-12.992],[136.4605,-12.974],[136.4925,-12.992],[136.516,-12.977],[136.5275,-12.9855],[136.5525,-12.9645],[136.565,-12.9795],[136.5665,-13.015],[136.597,-12.9795],[136.616,-12.9675],[136.6275,-12.9735],[136.6335,-13.0135],[136.6535,-13.016],[136.6355,-12.9525],[136.559,-12.9135],[136.544,-12.8915],[136.5095,-12.8675],[136.5055,-12.851],[136.478,-12.832],[136.4885,-12.8015],[136.466,-12.7825],[136.484,-12.7685],[136.5195,-12.8075],[136.5355,-12.792],[136.5255,-12.7565],[136.5375,-12.7425],[136.567,-12.763],[136.582,-12.7665],[136.585,-12.818],[136.609,-12.815],[136.625,-12.775],[136.6205,-12.7565],[136.6025,-12.7465],[136.609,-12.718],[136.629,-12.7005],[136.6945,-12.7105],[136.6785,-12.668],[136.704,-12.6095],[136.729,-12.5845],[136.7145,-12.572],[136.72,-12.554],[136.7385,-12.554],[136.745,-12.5345],[136.7395,-12.5115],[136.722,-12.492],[136.779,-12.45],[136.793,-12.451],[136.7965,-12.4905],[136.7765,-12.497],[136.761,-12.526],[136.774,-12.5335],[136.8055,-12.5025],[136.844,-12.453],[136.8705,-12.425],[136.89,-12.4135],[136.904,-12.389],[136.9455,-12.369],[136.927,-12.3415],[136.938,-12.323],[136.927,-12.2805],[136.9,-12.277],[136.9005,-12.248],[136.8885,-12.249],[136.8745,-12.221],[136.8565,-12.212],[136.8215,-12.2125],[136.7885,-12.179],[136.782,-12.1585],[136.7275,-12.172],[136.703,-12.187],[136.7225,-12.2115],[136.762,-12.233],[136.7405,-12.273],[136.719,-12.273],[136.712,-12.286],[136.6635,-12.2815],[136.6475,-12.2685],[136.6465,-12.2355],[136.625,-12.2245],[136.6,-12.203],[136.597,-12.1855],[136.5775,-12.1455],[136.5865,-12.126],[136.589,-12.093],[136.5715,-12.087],[136.5545,-12.0635],[136.5375,-12.021],[136.532,-11.9935],[136.5115,-11.989],[136.496,-12.021],[136.4815,-12.021],[136.4555,-12.006],[136.4495,-11.9855],[136.469,-11.985],[136.4735,-11.9605],[136.495,-11.959],[136.553,-11.9395],[136.582,-11.914],[136.53,-11.9195],[136.524,-11.9395],[136.486,-11.953],[136.4635,-11.9495],[136.431,-11.971],[136.415,-11.9585],[136.3845,-11.9965],[136.3695,-12.0285],[136.3595,-12.0235],[136.3315,-12.0595],[136.302,-12.049],[136.267,-12.073],[136.232,-12.117],[136.2115,-12.151],[136.1975,-12.162],[136.1725,-12.159],[136.17,-12.192],[136.1885,-12.1965],[136.2115,-12.184],[136.241,-12.2145],[136.293,-12.2055],[136.3155,-12.2115],[136.339,-12.2045],[136.3565,-12.2245],[136.3635,-12.257],[136.334,-12.3165],[136.3255,-12.344],[136.304,-12.3685],[136.3115,-12.3815],[136.304,-12.4],[136.2685,-12.4335],[136.223,-12.462],[136.1965,-12.468],[136.1605,-12.4625],[136.1565,-12.4405],[136.1405,-12.439],[136.0925,-12.458],[136.0805,-12.4565],[136.065,-12.4305],[136.031,-12.4745],[136.0045,-12.4555],[135.996,-12.4395],[136.0075,-12.4215],[136.0025,-12.4005],[135.975,-12.3975],[135.973,-12.377],[135.9945,-12.361],[136.0215,-12.315],[136.007,-12.2955],[136.028,-12.291],[136.0335,-12.2715],[136.0495,-12.2725],[136.061,-12.241],[136.0445,-12.2325],[136.01,-12.243],[136.0015,-12.268],[135.9655,-12.2725],[135.956,-12.249],[135.931,-12.235],[135.9285,-12.221],[135.977,-12.166],[136.002,-12.1295],[136.0115,-12.1245],[136.028,-12.0875],[136.0105,-12.08],[135.997,-12.093],[136.001,-12.118],[135.93,-12.162],[135.9105,-12.152],[135.896,-12.1865],[135.8685,-12.156],[135.854,-12.1825],[135.8235,-12.186],[135.8105,-12.2025],[135.779,-12.2245],[135.7765,-12.261],[135.76,-12.255],[135.746,-12.2635],[135.7285,-12.2955],[135.7095,-12.262],[135.6765,-12.241],[135.652,-12.2015],[135.652,-12.168],[135.686,-12.133],[135.7005,-12.1265],[135.7155,-12.1035],[135.744,-12.0915],[135.775,-12.0445],[135.7945,-12.0345],[135.833,-12.001],[135.8435,-11.9835],[135.8145,-11.98],[135.7515,-12.0095],[135.727,-12.0095],[135.686,-12.034],[135.6545,-12.0395],[135.636,-12.0615],[135.615,-12.07],[135.5695,-12.1005],[135.545,-12.088],[135.538,-12.0655],[135.5195,-12.062],[135.5075,-12.0865],[135.4695,-12.11],[135.4175,-12.115],[135.3975,-12.0825],[135.3885,-12.093],[135.3695,-12.084],[135.3515,-12.1075],[135.3055,-12.125],[135.3175,-12.147],[135.302,-12.164],[135.284,-12.1645],[135.269,-12.18],[135.2355,-12.1825],[135.2495,-12.2055],[135.2725,-12.2075],[135.286,-12.227],[135.3095,-12.241],[135.312,-12.258],[135.2835,-12.254],[135.2665,-12.225],[135.2135,-12.2345],[135.174,-12.2255],[135.2185,-12.289],[135.213,-12.296],[135.166,-12.266],[135.1445,-12.238],[135.127,-12.238],[135.056,-12.2625],[135.0465,-12.249],[135.0055,-12.215],[134.9865,-12.1755],[134.9705,-12.1585],[134.9295,-12.1435],[134.9095,-12.1525],[134.8845,-12.1355],[134.8555,-12.132],[134.842,-12.114],[134.8435,-12.0615],[134.7985,-12.0495],[134.7695,-11.9865],[134.761,-11.9525]]],[[[136.516,-11.7975],[136.5685,-11.7925],[136.589,-11.7835],[136.5955,-11.745],[136.5725,-11.7655],[136.5675,-11.7785],[136.5345,-11.777],[136.516,-11.7975]]],[[[136.3725,-11.564],[136.452,-11.5305],[136.4665,-11.5075],[136.472,-11.4665],[136.4315,-11.4985],[136.4155,-11.519],[136.387,-11.5315],[136.367,-11.5515],[136.3725,-11.564]]],[[[136.3135,-11.598],[136.288,-11.606],[136.2695,-11.585],[136.239,-11.601],[136.231,-11.646],[136.1785,-11.6475],[136.1685,-11.657],[136.1915,-11.6765],[136.2275,-11.6525],[136.241,-11.663],[136.266,-11.6585],[136.2735,-11.618],[136.3065,-11.6315],[136.3695,-11.58],[136.3685,-11.5575],[136.347,-11.563],[136.341,-11.578],[136.3135,-11.598]]],[[[135.9925,-11.7155],[136.055,-11.6505],[136.025,-11.6385],[135.953,-11.6795],[135.9505,-11.697],[135.979,-11.715],[135.9925,-11.7155]]],[[[135.939,-11.749],[135.942,-11.7665],[135.9675,-11.7545],[135.955,-11.7325],[135.939,-11.749]]],[[[136.4085,-13.8465],[136.419,-13.858],[136.436,-13.8935],[136.421,-13.9505],[136.408,-13.9765],[136.4165,-13.9915],[136.4155,-14.0155],[136.4295,-14.0765],[136.429,-14.0915],[136.443,-14.1155],[136.419,-14.1455],[136.417,-14.163],[136.398,-14.178],[136.3245,-14.2135],[136.327,-14.2435],[136.3565,-14.22],[136.3955,-14.2025],[136.4375,-14.1965],[136.4555,-14.218],[136.4915,-14.238],[136.523,-14.2345],[136.5395,-14.255],[136.625,-14.265],[136.635,-14.2855],[136.653,-14.2955],[136.6815,-14.286],[136.7405,-14.2595],[136.7825,-14.261],[136.829,-14.278],[136.8545,-14.279],[136.877,-14.303],[136.8935,-14.3065],[136.9065,-14.287],[136.9345,-14.2985],[136.9475,-14.277],[136.941,-14.2565],[136.952,-14.2435],[136.9335,-14.205],[136.9525,-14.195],[136.9625,-14.166],[136.9435,-14.1575],[136.917,-14.163],[136.896,-14.2015],[136.8805,-14.21],[136.854,-14.2085],[136.845,-14.1875],[136.803,-14.151],[136.7875,-14.1525],[136.763,-14.1965],[136.753,-14.187],[136.7225,-14.1875],[136.7045,-14.165],[136.7,-14.1115],[136.732,-14.0665],[136.747,-14.069],[136.764,-14.0445],[136.8065,-14.0375],[136.805,-14.0205],[136.778,-14.025],[136.7625,-14.0025],[136.769,-13.9575],[136.791,-13.9165],[136.8125,-13.904],[136.8575,-13.911],[136.8585,-13.893],[136.884,-13.843],[136.912,-13.8075],[136.914,-13.7895],[136.905,-13.764],[136.8885,-13.754],[136.871,-13.7565],[136.8445,-13.749],[136.8325,-13.8025],[136.8455,-13.8135],[136.839,-13.8395],[136.808,-13.8565],[136.7655,-13.8415],[136.7535,-13.8325],[136.7235,-13.841],[136.729,-13.819],[136.7125,-13.7955],[136.7215,-13.7785],[136.697,-13.775],[136.683,-13.7305],[136.7185,-13.713],[136.731,-13.6865],[136.7235,-13.657],[136.6905,-13.663],[136.6765,-13.6975],[136.64,-13.7035],[136.611,-13.683],[136.59,-13.684],[136.5895,-13.725],[136.6115,-13.7325],[136.6135,-13.7605],[136.632,-13.767],[136.6315,-13.7895],[136.594,-13.787],[136.601,-13.806],[136.574,-13.809],[136.5545,-13.82],[136.539,-13.814],[136.494,-13.8385],[136.44,-13.8305],[136.4225,-13.8155],[136.4085,-13.8465]]],[[[136.192,-13.789],[136.211,-13.8245],[136.1985,-13.848],[136.205,-13.857],[136.241,-13.8475],[136.2545,-13.832],[136.2595,-13.785],[136.2795,-13.7925],[136.271,-13.737],[136.297,-13.73],[136.293,-13.708],[136.2765,-13.706],[136.251,-13.6755],[136.2255,-13.663],[136.191,-13.6705],[136.1905,-13.695],[136.179,-13.703],[136.1745,-13.7285],[136.1795,-13.7425],[136.161,-13.7505],[136.113,-13.7315],[136.11,-13.7635],[136.1205,-13.7875],[136.1055,-13.8145],[136.129,-13.836],[136.168,-13.8345],[136.168,-13.8205],[136.152,-13.789],[136.1755,-13.7675],[136.1905,-13.771],[136.192,-13.789]]],[[[136.4985,-13.7175],[136.472,-13.7205],[136.4695,-13.7475],[136.487,-13.7565],[136.4945,-13.7755],[136.519,-13.792],[136.541,-13.774],[136.5385,-13.739],[136.5255,-13.7015],[136.5155,-13.7175],[136.4985,-13.7175]]],[[[136.367,-13.8425],[136.373,-13.8255],[136.353,-13.8115],[136.334,-13.839],[136.367,-13.8425]]],[[[136.47,-11.849],[136.4605,-11.866],[136.4645,-11.897],[136.486,-11.886],[136.4805,-11.8425],[136.495,-11.827],[136.4975,-11.8105],[136.482,-11.799],[136.47,-11.849]]],[[[136.4105,-11.861],[136.3985,-11.89],[136.4055,-11.901],[136.4315,-11.894],[136.433,-11.8805],[136.4105,-11.861]]],[[[136.1415,-13.524],[136.168,-13.51],[136.149,-13.495],[136.1705,-13.4685],[136.1995,-13.47],[136.206,-13.4555],[136.177,-13.438],[136.1625,-13.4185],[136.1495,-13.385],[136.134,-13.4075],[136.1415,-13.4195],[136.128,-13.4395],[136.136,-13.4525],[136.1235,-13.4725],[136.1505,-13.513],[136.1415,-13.524]]],[[[136.4975,-11.413],[136.4945,-11.438],[136.5215,-11.4315],[136.5345,-11.4435],[136.5865,-11.384],[136.604,-11.346],[136.624,-11.3295],[136.6335,-11.296],[136.6775,-11.2455],[136.6725,-11.223],[136.7095,-11.2075],[136.72,-11.1945],[136.715,-11.177],[136.7225,-11.1495],[136.736,-11.1305],[136.7475,-11.0735],[136.758,-11.0445],[136.759,-11.0235],[136.7215,-11.044],[136.7375,-11.078],[136.718,-11.1225],[136.703,-11.1335],[136.707,-11.168],[136.687,-11.1935],[136.6525,-11.19],[136.644,-11.21],[136.6225,-11.216],[136.625,-11.229],[136.588,-11.2795],[136.5685,-11.343],[136.5375,-11.368],[136.4975,-11.413]]],[[[135.5605,-12.0365],[135.554,-12.049],[135.5715,-12.069],[135.606,-12.033],[135.6365,-12.0185],[135.7025,-12.0035],[135.7345,-12.0025],[135.7495,-11.972],[135.779,-11.9755],[135.798,-11.964],[135.828,-11.9295],[135.8395,-11.903],[135.8655,-11.8715],[135.8995,-11.8535],[135.907,-11.826],[135.938,-11.803],[135.9255,-11.772],[135.8755,-11.7565],[135.864,-11.773],[135.886,-11.7925],[135.871,-11.834],[135.832,-11.861],[135.782,-11.9095],[135.7335,-11.9395],[135.715,-11.9325],[135.6945,-11.9395],[135.6775,-11.933],[135.654,-11.9675],[135.631,-11.975],[135.594,-11.9525],[135.585,-11.981],[135.5645,-12.004],[135.5605,-12.0365]]],[[[136.141,-12.0445],[136.117,-12.0585],[136.128,-12.0745],[136.164,-12.067],[136.1785,-12.0775],[136.196,-12.064],[136.2775,-12.031],[136.3135,-12.0065],[136.306,-11.9755],[136.2825,-11.9745],[136.2705,-12.0035],[136.2215,-12.034],[136.173,-12.0225],[136.171,-12.033],[136.141,-12.0445]]],[[[134.9285,-12.0975],[134.9075,-12.0675],[134.883,-12.064],[134.866,-12.071],[134.863,-12.0865],[134.8685,-12.126],[134.9,-12.14],[134.913,-12.132],[134.9285,-12.0975]]],[[[134.9095,-12.0335],[134.9365,-12.0495],[134.963,-12.0525],[134.982,-12.0355],[134.955,-12.0155],[134.9115,-12.023],[134.9095,-12.0335]]],[[[135.0555,-11.954],[135.106,-11.942],[135.1205,-11.9255],[135.0825,-11.915],[135.0525,-11.9205],[135.046,-11.9395],[135.0555,-11.954]]],[[[136.798,-12.1185],[136.8215,-12.1205],[136.8235,-12.0725],[136.797,-12.0895],[136.798,-12.1185]]],[[[136.1495,-12.1745],[136.1185,-12.1695],[136.1045,-12.19],[136.109,-12.1995],[136.1505,-12.1955],[136.1495,-12.1745]]],[[[134.85,-12.0125],[134.8295,-12.0145],[134.829,-12.029],[134.8535,-12.038],[134.8655,-12.0265],[134.85,-12.0125]]]]},"properties":{"code":"71300","name":"East Arnhem"}},
{"type":"Feature","geometry":{"type":"Polygon","coordinates":[[[132.092,-15.1145],[132.301,-15.1145],[132.605,-15.1145],[132.605,-14.6965],[132.6365,-14.6465],[132.669,-14.6615],[132.6885,-14.681],[132.6885,-14.503],[132.585,-14.503],[132.5845,-14.415],[132.494,-14.4155],[132.481,-14.433],[132.46,-14.4385],[132.4325,-14.4085],[132.4455,-14.3615],[132.4165,-14.3475],[132.4105,-14.3725],[132.385,-14.3745],[132.385,-14.361],[132.337,-14.3815],[132.2795,-14.371],[132.2195,-14.3965],[132.187,-14.373],[132.1685,-14.3525],[132.1355,-14.348],[132.0955,-14.3045],[132.079,-14.2935],[132.0685,-14.2665],[132.0405,-14.2275],[132.038,-14.1985],[132.0265,-14.186],[132.001,-14.198],[131.9775,-14.1905],[131.9335,-14.2155],[131.919,-14.2395],[131.903,-14.2425],[131.876,-14.269],[131.876,-14.2865],[131.8475,-14.3115],[131.8105,-14.3225],[131.789,-14.355],[131.7765,-14.35],[131.752,-14.3615],[131.731,-14.3585],[131.696,-14.3795],[131.6745,-14.3995],[131.6605,-14.402],[131.6765,-14.462],[131.674,-14.504],[131.7075,-14.561],[131.695,-14.5695],[131.7125,-14.5905],[131.701,-14.6205],[131.706,-14.6535],[131.7285,-14.664],[131.8915,-14.6635],[131.8915,-15.0675],[132.0925,-15.0675],[132.092,-15.1145]]]},"properties":{"code":"72200","name":"Katherine"}},
{"type":"Feature","geometry":{"type":"Polygon","coordinates":[[[130.956,-12.534],[130.9285,-12.534],[130.9225,-12.5095],[130.885,-12.521],[130.8715,-12.515],[130.8855,-12.5755],[130.912,-12.575],[130.929,-12.584],[130.933,-12.611],[130.8825,-12.606],[130.8895,-12.648],[130.889,-12.8595],[131.0385,-12.8605],[131.039,-12.816],[131.0685,-12.823],[131.1345,-12.8245],[131.1425,-12.846],[131.158,-12.862],[131.203,-12.8615],[131.217,-12.809],[131.2415,-12.779],[131.2585,-12.7805],[131.282,-12.7545],[131.2695,-12.724],[131.28,-12.698],[131.3325,-12.6755],[131.339,-12.6535],[131.3785,-12.6105],[131.386,-12.59],[131.38,-12.5715],[131.3965,-12.532],[131.38,-12.512],[131.3785,-12.491],[131.34,-12.4455],[131.319,-12.4295],[131.313,-12.415],[131.324,-12.3935],[131.294,-12.372],[131.2725,-12.3285],[131.293,-12.3045],[131.283,-12.2865],[131.2755,-12.243],[131.248,-12.2225],[131.221,-12.226],[131.181,-12.197],[131.1575,-12.169],[131.1485,-12.1805],[131.1255,-12.1825],[131.113,-12.155],[131.0875,-12.154],[131.0655,-12.167],[131.0455,-12.1425],[131.0035,-12.1605],[130.9945,-12.186],[131.0045,-12.209],[131.0215,-12.2165],[131.031,-12.2385],[131.0125,-12.3215],[131.04,-12.358],[131.021,-12.36],[130.983,-12.342],[130.954,-12.347],[130.937,-12.343],[130.938,-12.4095],[130.931,-12.436],[130.9385,-12.4385],[130.9785,-12.468],[130.9905,-12.468],[131.013,-12.487],[131.012,-12.5315],[130.987,-12.547],[130.956,-12.534]]]},"properties":{"code":"72300","name":"Litchfield"}},
{"type":"Feature","geometry":{"type":"Polygon","coordinates":[[[129.002,-25.9985],[133.112,-25.9985],[133.5095,-25.9985],[136.0015,-25.9985],[137.999,-25.997],[137.999,-25.5465],[137.999,-25.14],[137.999,-23.976],[137.999,-23.872],[137.682,-23.87],[137.361,-23.877],[137.0405,-23.8835],[136.844,-23.887],[136.611,-23.887],[136.33,-24.0305],[135.9975,-24.199],[135.9605,-24.115],[135.9345,-24.0845],[135.9135,-24.044],[135.907,-24.0155],[135.8855,-23.9865],[135.8615,-23.9655],[135.855,-23.9355],[135.798,-23.885],[135.7765,-23.83],[135.736,-23.7915],[135.7045,-23.774],[135.66,-23.759],[135.66,-23.4945],[135.5495,-23.497],[135.421,-23.4965],[135.424,-23.6185],[135.3775,-23.6165],[135.336,-23.583],[135.287,-23.552],[135.2655,-23.5525],[135.2655,-23.507],[135.2255,-23.4335],[135.206,-23.4165],[135.1945,-23.3755],[135.0495,-23.3745],[134.9515,-23.3095],[134.9515,-23.486],[134.716,-23.486],[134.716,-23.4595],[134.666,-23.4595],[134.666,-23.444],[134.599,-23.444],[134.5985,-23.554],[134.461,-23.5545],[134.4425,-23.565],[134.442,-23.5975],[134.1255,-23.5975],[134.126,-23.2625],[134.1255,-23.099],[133.8815,-23.0995],[133.8355,-23.047],[133.8355,-23.0185],[133.5165,-23.019],[133.0365,-23.0185],[132.6235,-23.019],[132.305,-23.0185],[132.305,-22.854],[132.0675,-22.854],[132.0675,-22.912],[131.89,-22.912],[131.89,-23.017],[131.4745,-23.021],[131.008,-23.021],[130.606,-23.021],[129.0005,-23.021],[129.0005,-23.4405],[129.0005,-25.9985],[129.002,-25.9985]],[[130.9305,-25.265],[130.9305,-25.1485],[131.0095,-25.1485],[131.0095,-25.265],[130.9305,-25.265]],[[133.8115,-23.6955],[133.811,-23.6305],[133.9195,-23.6305],[133.9195,-23.665],[133.9405,-23.665],[133.9405,-23.7555],[133.9215,-23.7555],[133.9205,-23.781],[133.9405,-23.781],[133.9405,-23.8315],[133.8835,-23.8315],[133.872,-23.792],[133.8455,-23.8135],[133.7565,-23.8135],[133.757,-23.783],[133.726,-23.776],[133.726,-23.7475],[133.782,-23.7245],[133.8115,-23.7245],[133.8115,-23.6955]]]},"properties":{"code":"72330","name":"MacDonnell"}},
{"type":"Feature","geometry":{"type":"Polygon","coordinates":[[[130.9385,-12.4385],[130.9365,-12.4715],[130.932,-12.492],[130.942,-12.522],[130.956,-12.534],[130.987,-12.547],[131.012,-12.5315],[131.013,-12.487],[130.9905,-12.468],[130.9785,-12.468],[130.9385,-12.4385]]]},"properties":{"code":"72800","name":"Palmerston"}},
{"type":"Feature","geometry":{"type":"MultiPolygon","coordinates":[[[[132.092,-15.1145],[132.092,-15.3855],[132.092,-15.633],[132.092,-15.8575],[132.0895,-16.066],[132.304,-16.0685],[132.5205,-16.0755],[132.523,-16.221],[132.523,-16.5835],[132.7375,-16.583],[132.7375,-16.7925],[132.964,-16.7925],[132.963,-16.8655],[133.2115,-16.8655],[133.2115,-17.0755],[133.2595,-17.0755],[133.2595,-17.09],[133.2815,-17.0935],[133.2895,-17.1225],[133.5885,-17.1225],[133.5885,-16.8665],[133.898,-16.867],[134.205,-16.867],[134.4425,-16.8665],[134.4425,-16.648],[134.848,-16.6475],[134.848,-16.502],[135.0755,-16.502],[135.0755,-16.813],[135.0755,-17.1215],[135.401,-17.1215],[135.5845,-17.1205],[135.5845,-16.9535],[135.7765,-16.9535],[135.7765,-16.793],[135.94,-16.919],[135.881,-16.9535],[135.881,-17.2655],[136.061,-17.2655],[136.0615,-17.4545],[136.5185,-17.455],[136.8265,-17.4545],[136.8265,-17.5],[137.1215,-17.5],[137.592,-17.5],[137.592,-17.6115],[137.995,-17.6115],[137.995,-17.155],[137.9945,-16.5385],[137.9515,-16.503],[137.9395,-16.4845],[137.8855,-16.445],[137.862,-16.4225],[137.83,-16.372],[137.79,-16.326],[137.769,-16.2855],[137.7495,-16.265],[137.7295,-16.2325],[137.6805,-16.2225],[137.6015,-16.185],[137.5515,-16.169],[137.5455,-16.175],[137.4855,-16.1635],[137.454,-16.1465],[137.4255,-16.1395],[137.409,-16.1445],[137.3885,-16.1265],[137.3675,-16.122],[137.3085,-16.09],[137.2505,-16.01],[137.2075,-16.0005],[137.158,-15.9695],[137.1195,-15.9535],[137.0835,-15.944],[137.048,-15.9225],[137.004,-15.8745],[136.9895,-15.8765],[136.978,-15.851],[136.9545,-15.874],[136.914,-15.898],[136.9065,-15.927],[136.8705,-15.923],[136.855,-15.9065],[136.824,-15.8995],[136.773,-15.9065],[136.7695,-15.8895],[136.7295,-15.9325],[136.7065,-15.931],[136.6915,-15.897],[136.7145,-15.8775],[136.713,-15.855],[136.677,-15.815],[136.6705,-15.794],[136.653,-15.792],[136.648,-15.7725],[136.6835,-15.777],[136.6865,-15.764],[136.714,-15.7265],[136.7225,-15.696],[136.697,-15.6835],[136.682,-15.6845],[136.644,-15.6725],[136.6305,-15.6975],[136.585,-15.725],[136.5385,-15.731],[136.5045,-15.7055],[136.469,-15.6665],[136.4345,-15.6465],[136.412,-15.626],[136.3915,-15.627],[136.376,-15.616],[136.357,-15.616],[136.321,-15.6015],[136.3175,-15.5895],[136.29,-15.572],[136.2705,-15.536],[136.2635,-15.498],[136.2415,-15.4485],[136.2395,-15.416],[136.203,-15.3915],[136.1645,-15.3925],[136.1375,-15.3695],[136.0715,-15.339],[136.0435,-15.3145],[135.9815,-15.287],[135.9665,-15.2725],[135.925,-15.249],[135.8995,-15.216],[135.863,-15.1825],[135.8045,-15.1535],[135.743,-15.1135],[135.724,-15.1165],[135.69,-15.078],[135.6395,-15.0445],[135.6125,-15.052],[135.5765,-15.039],[135.5245,-15.0085],[135.503,-14.9885],[135.4705,-14.97],[135.4095,-14.8645],[135.4125,-14.8485],[135.394,-14.8095],[135.394,-14.772],[135.382,-14.7255],[135.418,-14.734],[135.465,-14.676],[135.4945,-14.675],[135.519,-14.6535],[135.525,-14.6385],[135.5235,-14.6035],[135.5445,-14.5485],[135.589,-14.4885],[135.5985,-14.457],[135.6185,-14.4285],[135.6725,-14.4145],[135.6675,-14.399],[135.707,-14.3405],[135.73,-14.2965],[135.789,-14.232],[135.816,-14.229],[135.8355,-14.211],[135.8815,-14.1815],[135.891,-14.0945],[135.905,-14.0745],[135.913,-14.0425],[135.915,-14.0085],[135.9085,-13.9955],[135.9175,-13.978],[135.957,-13.9465],[135.97,-13.9135],[135.989,-13.896],[135.991,-13.86],[136.015,-13.831],[136.0065,-13.7915],[136.02,-13.753],[136.035,-13.747],[136.0345,-13.7165],[136.0535,-13.697],[136.055,-13.6805],[136.0765,-13.67],[136.0735,-13.6565],[136.052,-13.645],[136.032,-13.663],[136.0335,-13.6825],[136.0115,-13.6895],[136.0065,-13.71],[135.956,-13.7435],[135.913,-13.7445],[135.8895,-13.7285],[135.878,-13.7005],[135.901,-13.68],[135.872,-13.6585],[135.865,-13.6225],[135.846,-13.615],[135.8355,-13.591],[135.8395,-13.5665],[135.866,-13.5555],[135.8665,-13.537],[135.855,-13.52],[135.864,-13.469],[135.858,-13.447],[135.883,-13.4245],[135.9125,-13.444],[135.942,-13.435],[135.961,-13.4455],[135.969,-13.4105],[135.9265,-13.4175],[135.921,-13.3825],[135.501,-13.565],[135.502,-14.3225],[135,-14],[135,-13.0015],[134.986,-13.0255],[134.9585,-13.0185],[134.9345,-13],[134.9125,-13.025],[134.9095,-13.0465],[134.8855,-13.081],[134.859,-13.097],[134.8415,-13.1355],[134.205,-13.1315],[133.9485,-13.1315],[132.999,-13.128],[132.999,-13.404],[132.7205,-13.4025],[132.421,-13.402],[132.421,-13.531],[132.481,-13.531],[132.481,-13.8085],[132.365,-13.8085],[132.0215,-13.8085],[132.0215,-14.034],[131.946,-14.034],[131.9885,-14.0835],[131.989,-14.1135],[131.999,-14.1395],[132.038,-14.1985],[132.0405,-14.2275],[132.0685,-14.2665],[132.079,-14.2935],[132.0955,-14.3045],[132.1355,-14.348],[132.1685,-14.3525],[132.187,-14.373],[132.2195,-14.3965],[132.2795,-14.371],[132.337,-14.3815],[132.385,-14.361],[132.385,-14.3745],[132.4105,-14.3725],[132.4165,-14.3475],[132.4455,-14.3615],[132.4325,-14.4085],[132.46,-14.4385],[132.481,-14.433],[132.494,-14.4155],[132.5845,-14.415],[132.585,-14.503],[132.6885,-14.503],[132.6885,-14.681],[132.669,-14.6615],[132.6365,-14.6465],[132.605,-14.6965],[132.605,-15.1145],[132.301,-15.1145],[132.092,-15.1145]]],[[[135.6895,-14.906],[135.708,-14.913],[135.739,-14.899],[135.7675,-14.895],[135.768,-14.875],[135.7595,-14.8475],[135.7475,-14.8365],[135.726,-14.835],[135.716,-14.851],[135.717,-14.882],[135.6895,-14.906]]],[[[136.9485,-15.7365],[136.9485,-15.717],[136.9775,-15.7335],[136.99,-15.78],[137.0165,-15.8055],[137.036,-15.799],[137.0435,-15.8135],[137.0395,-15.8345],[137.055,-15.841],[137.0835,-15.8265],[137.097,-15.81],[137.106,-15.7725],[137.091,-15.7675],[137.0785,-15.7355],[137.085,-15.7135],[137.0775,-15.6825],[137.081,-15.6645],[137.06,-15.6405],[137.032,-15.634],[137.02,-15.595],[136.9925,-15.584],[137.0005,-15.621],[136.97,-15.643],[136.96,-15.6405],[136.936,-15.6835],[136.9485,-15.7365]]],[[[136.6175,-15.5555],[136.6095,-15.523],[136.583,-15.514],[136.57,-15.529],[136.512,-15.5435],[136.522,-15.563],[136.5045,-15.592],[136.511,-15.6265],[136.495,-15.6395],[136.514,-15.653],[136.5355,-15.6525],[136.551,-15.64],[136.5895,-15.6455],[136.601,-15.6135],[136.5965,-15.5815],[136.6175,-15.5555]]],[[[136.7505,-15.6465],[136.735,-15.661],[136.736,-15.705],[136.743,-15.7175],[136.728,-15.7355],[136.7285,-15.7515],[136.7715,-15.746],[136.8045,-15.724],[136.7935,-15.7025],[136.814,-15.7005],[136.833,-15.679],[136.828,-15.662],[136.7935,-15.645],[136.759,-15.6405],[136.7505,-15.6465]]],[[[136.872,-15.6105],[136.8945,-15.5985],[136.877,-15.5365],[136.8435,-15.5395],[136.8415,-15.5575],[136.856,-15.5805],[136.839,-15.5915],[136.847,-15.6305],[136.8675,-15.64],[136.879,-15.629],[136.872,-15.6105]]],[[[136.837,-15.567],[136.8075,-15.558],[136.7885,-15.562],[136.8005,-15.5815],[136.8355,-15.585],[136.837,-15.567]]],[[[136.7905,-15.614],[136.8145,-15.607],[136.7915,-15.5905],[136.7905,-15.614]]],[[[135.6015,-14.504],[135.612,-14.5185],[135.63,-14.4935],[135.603,-14.4905],[135.6015,-14.504]]]]},"properties":{"code":"73600","name":"Roper Gulf"}},
{"type":"Feature","geometry":{"type":"MultiPolygon","coordinates":[[[[130.6605,-11.4035],[130.6555,-11.3765],[130.661,-11.3595],[130.6415,-11.3555],[130.64,-11.373],[130.617,-11.388],[130.602,-11.386],[130.5855,-11.401],[130.5575,-11.385],[130.555,-11.362],[130.5675,-11.34],[130.585,-11.342],[130.603,-11.3215],[130.5935,-11.288],[130.5545,-11.266],[130.5475,-11.281],[130.525,-11.283],[130.498,-11.269],[130.473,-11.244],[130.4485,-11.21],[130.402,-11.1655],[130.374,-11.169],[130.3655,-11.258],[130.3895,-11.2745],[130.41,-11.306],[130.3985,-11.3175],[130.386,-11.347],[130.415,-11.397],[130.4115,-11.4085],[130.4265,-11.4275],[130.4185,-11.456],[130.4345,-11.4795],[130.4315,-11.4995],[130.454,-11.5195],[130.46,-11.535],[130.4875,-11.549],[130.4935,-11.5665],[130.4785,-11.594],[130.4765,-11.6205],[130.4925,-11.655],[130.532,-11.6805],[130.5575,-11.6745],[130.5935,-11.705],[130.6,-11.719],[130.623,-11.7245],[130.641,-11.7475],[130.672,-11.763],[130.686,-11.796],[130.7355,-11.8095],[130.758,-11.8245],[130.803,-11.845],[130.853,-11.8505],[130.871,-11.861],[130.923,-11.903],[130.944,-11.9375],[130.962,-11.94],[130.9825,-11.928],[131.01,-11.8945],[131.0475,-11.882],[131.0825,-11.836],[131.107,-11.83],[131.1465,-11.8055],[131.183,-11.791],[131.192,-11.781],[131.2445,-11.741],[131.2655,-11.7325],[131.2815,-11.74],[131.2975,-11.718],[131.3325,-11.6825],[131.386,-11.5885],[131.409,-11.593],[131.419,-11.608],[131.444,-11.611],[131.472,-11.6065],[131.4585,-11.5855],[131.465,-11.5665],[131.4555,-11.5475],[131.468,-11.5015],[131.5,-11.4675],[131.5275,-11.4765],[131.5415,-11.459],[131.5355,-11.438],[131.538,-11.4155],[131.5285,-11.399],[131.504,-11.3855],[131.4825,-11.3985],[131.464,-11.383],[131.471,-11.3695],[131.4545,-11.3415],[131.451,-11.3175],[131.433,-11.3105],[131.4405,-11.273],[131.4105,-11.256],[131.396,-11.269],[131.396,-11.295],[131.3725,-11.2885],[131.3725,-11.2625],[131.3435,-11.249],[131.3295,-11.2555],[131.3245,-11.274],[131.2985,-11.2705],[131.3,-11.251],[131.3165,-11.232],[131.2995,-11.204],[131.252,-11.1925],[131.247,-11.219],[131.219,-11.225],[131.2045,-11.237],[131.198,-11.2695],[131.207,-11.3025],[131.189,-11.333],[131.167,-11.3105],[131.172,-11.291],[131.165,-11.264],[131.15,-11.2535],[131.1245,-11.2545],[131.101,-11.291],[131.064,-11.312],[131.0405,-11.3185],[131.0505,-11.347],[131.0325,-11.367],[130.991,-11.355],[130.9775,-11.3375],[130.91,-11.311],[130.896,-11.31],[130.8835,-11.327],[130.849,-11.355],[130.819,-11.362],[130.7715,-11.3645],[130.7635,-11.375],[130.7045,-11.3855],[130.698,-11.42],[130.7335,-11.427],[130.7555,-11.459],[130.7725,-11.467],[130.7665,-11.484],[130.794,-11.495],[130.785,-11.5095],[130.756,-11.491],[130.7565,-11.4805],[130.7225,-11.47],[130.716,-11.4895],[130.695,-11.4665],[130.696,-11.4465],[130.683,-11.44],[130.6755,-11.419],[130.6605,-11.4035]]],[[[130.615,-11.7355],[130.594,-11.7315],[130.5895,-11.7155],[130.564,-11.706],[130.55,-11.6905],[130.534,-11.6945],[130.485,-11.6695],[130.469,-11.6665],[130.4605,-11.6165],[130.465,-11.577],[130.4245,-11.5465],[130.4005,-11.54],[130.376,-11.5075],[130.3775,-11.485],[130.4035,-11.449],[130.4005,-11.424],[130.372,-11.396],[130.354,-11.339],[130.337,-11.3185],[130.3035,-11.34],[130.264,-11.342],[130.248,-11.354],[130.2525,-11.3725],[130.2305,-11.4065],[130.1785,-11.434],[130.17,-11.4625],[130.149,-11.477],[130.1565,-11.491],[130.186,-11.4845],[130.1995,-11.509],[130.1915,-11.539],[130.175,-11.5585],[130.1945,-11.5715],[130.201,-11.5865],[130.191,-11.6405],[130.23,-11.6425],[130.2505,-11.667],[130.25,-11.6985],[130.2085,-11.653],[130.1965,-11.6545],[130.1565,-11.705],[130.126,-11.7035],[130.0905,-11.671],[130.069,-11.6865],[130.071,-11.729],[130.0585,-11.766],[130.0335,-11.756],[130.021,-11.774],[130.0265,-11.7985],[130.0495,-11.824],[130.0695,-11.8185],[130.0875,-11.8255],[130.1335,-11.8235],[130.175,-11.81],[130.203,-11.8055],[130.311,-11.771],[130.3525,-11.779],[130.3925,-11.801],[130.424,-11.8055],[130.511,-11.8305],[130.548,-11.8195],[130.5705,-11.818],[130.606,-11.827],[130.619,-11.8095],[130.641,-11.755],[130.615,-11.7355]]]]},"properties":{"code":"74050","name":"Tiwi Islands"}},
{"type":"Feature","geometry":{"type":"Polygon","coordinates":[[[130.4115,-13.5005],[130.4115,-13.9745],[130.4115,-14.3695],[130.6435,-14.3695],[130.6435,-14.664],[130.643,-14.821],[130.6275,-14.83],[130.6045,-14.826],[130.572,-14.8295],[130.546,-14.8395],[130.5335,-14.8275],[130.52,-14.851],[130.482,-14.8525],[130.448,-14.877],[130.429,-14.85],[130.4065,-14.853],[130.3905,-14.8735],[130.373,-14.8595],[130.348,-14.88],[130.3225,-14.878],[130.2815,-14.8915],[130.2465,-14.8865],[130.23,-14.8665],[130.2185,-14.869],[130.192,-14.839],[130.1875,-14.805],[130.1645,-14.814],[130.139,-14.7875],[130.129,-14.796],[130.104,-14.795],[130.088,-14.784],[130.0675,-14.8],[130.0505,-14.7965],[130.005,-14.805],[129.968,-14.8045],[129.951,-14.7815],[129.903,-14.7775],[129.877,-14.8075],[129.8465,-14.829],[129.8435,-14.843],[129.8005,-14.858],[129.7605,-14.8445],[129.7435,-14.8505],[129.6845,-14.8485],[129.6585,-14.8365],[129.632,-14.844],[129.622,-14.8295],[129.58,-14.7985],[129.574,-14.807],[129.5875,-14.842],[129.617,-14.8695],[129.618,-14.8815],[129.592,-14.891],[129.5755,-14.8565],[129.534,-14.807],[129.506,-14.789],[129.5005,-14.803],[129.5305,-14.844],[129.547,-14.88],[129.584,-14.942],[129.59,-14.962],[129.6085,-14.9475],[129.624,-14.956],[129.621,-14.9985],[129.641,-15.0415],[129.6415,-15.079],[129.6525,-15.0995],[129.6855,-15.131],[129.671,-15.1485],[129.6565,-15.1395],[129.626,-15.138],[129.6115,-15.1535],[129.56,-15.155],[129.5985,-15.133],[129.604,-15.108],[129.571,-15.064],[129.5375,-15.034],[129.525,-15.028],[129.5225,-15.0055],[129.475,-14.9365],[129.442,-14.924],[129.409,-14.9185],[129.3675,-14.903],[129.3535,-14.8765],[129.304,-14.8565],[129.2575,-14.865],[129.263,-14.85],[129.2375,-14.839],[129.2215,-14.8555],[129.229,-14.8695],[129.235,-14.914],[129.2325,-14.951],[129.241,-14.9805],[129.2365,-15.0135],[129.2665,-15.033],[129.2365,-15.068],[129.2475,-15.0955],[129.235,-15.1085],[129.238,-15.1285],[129.2155,-15.153],[129.194,-15.156],[129.171,-15.1955],[129.1565,-15.186],[129.175,-15.166],[129.174,-15.149],[129.2005,-15.121],[129.1695,-15.0515],[129.1885,-14.9865],[129.1525,-14.967],[129.1125,-14.9345],[129.092,-14.9065],[129.066,-14.891],[129.044,-14.902],[129.0315,-14.8865],[129.0015,-14.8795],[129.001,-15.2635],[129.0005,-15.3655],[129.0005,-16.9795],[129.0005,-18.6825],[129.3105,-18.6825],[130.1235,-18.6825],[130.1235,-17.9455],[130.4305,-17.945],[130.6355,-17.9455],[130.6355,-18.3235],[130.788,-18.3235],[131.149,-18.3235],[131.646,-18.3245],[131.6465,-18.187],[131.6465,-17.818],[131.814,-17.818],[132.1225,-17.818],[132.1225,-17.5965],[132.093,-17.5965],[132.0925,-17.306],[132.402,-17.3065],[132.402,-17.0335],[132.402,-16.583],[132.523,-16.5835],[132.523,-16.221],[132.5205,-16.0755],[132.304,-16.0685],[132.0895,-16.066],[132.092,-15.8575],[132.092,-15.633],[132.092,-15.3855],[132.092,-15.1145],[132.0925,-15.0675],[131.8915,-15.0675],[131.8915,-14.6635],[131.7285,-14.664],[131.706,-14.6535],[131.701,-14.6205],[131.7125,-14.5905],[131.695,-14.5695],[131.7075,-14.561],[131.674,-14.504],[131.6765,-14.462],[131.6605,-14.402],[131.6745,-14.3995],[131.696,-14.3795],[131.731,-14.3585],[131.752,-14.3615],[131.7765,-14.35],[131.789,-14.355],[131.8105,-14.3225],[131.8475,-14.3115],[131.876,-14.2865],[131.876,-14.269],[131.903,-14.2425],[131.919,-14.2395],[131.9335,-14.2155],[131.9775,-14.1905],[132.001,-14.198],[132.0265,-14.186],[132.038,-14.1985],[131.999,-14.1395],[131.989,-14.1135],[131.9885,-14.0835],[131.946,-14.034],[132.0215,-14.034],[132.0215,-13.8085],[132.365,-13.8085],[132.3695,-13.7665],[132.356,-13.751],[132.3495,-13.729],[132.3265,-13.7205],[132.3265,-13.6735],[132.31,-13.665],[132.3065,-13.6405],[132.282,-13.642],[132.2265,-13.605],[132.1895,-13.5935],[132.1335,-13.6005],[132.1145,-13.5775],[132.064,-13.5335],[132.0475,-13.526],[132.0225,-13.4955],[132.0165,-13.4595],[131.9925,-13.4305],[131.964,-13.411],[131.9685,-13.3965],[131.956,-13.3635],[131.9575,-13.352],[131.938,-13.324],[131.9365,-13.292],[131.9095,-13.2745],[131.908,-13.2325],[131.8885,-13.204],[131.879,-13.1755],[131.8545,-13.1755],[131.8545,-13.248],[131.688,-13.248],[131.3525,-13.248],[131.3525,-13.4105],[131.456,-13.4105],[131.4565,-13.4375],[131.4895,-13.4375],[131.4895,-13.4725],[131.5925,-13.486],[131.652,-13.5055],[131.6835,-13.523],[131.7125,-13.5495],[131.563,-13.5505],[131.563,-13.74],[131.5865,-13.77],[131.5625,-13.7685],[131.5625,-13.947],[131.5965,-13.947],[131.5975,-13.976],[131.4795,-13.976],[131.4795,-14.243],[131.417,-14.243],[131.4235,-14.2055],[131.4015,-14.1865],[131.375,-14.1865],[131.3435,-14.153],[131.3095,-14.1695],[131.3015,-14.1415],[131.2825,-14.108],[131.246,-14.091],[131.25,-14.0705],[131.2285,-14.0715],[131.2105,-14.051],[131.2185,-14.023],[131.236,-14.0195],[131.2405,-14.005],[131.196,-13.968],[131.194,-13.9445],[131.2,-13.9225],[131.221,-13.8925],[131.218,-13.872],[131.1875,-13.862],[131.1675,-13.877],[131.146,-13.8435],[131.1855,-13.827],[131.186,-13.489],[131.0135,-13.489],[131.0135,-13.4425],[130.9935,-13.443],[130.933,-13.4115],[130.921,-13.425],[130.908,-13.4725],[130.9045,-13.5015],[130.863,-13.5375],[130.8405,-13.54],[130.8315,-13.5265],[130.808,-13.526],[130.758,-13.583],[130.6945,-13.583],[130.6945,-13.601],[130.661,-13.6095],[130.661,-13.5145],[130.473,-13.515],[130.4645,-13.4835],[130.4385,-13.4715],[130.4145,-13.485],[130.4115,-13.5005]]]},"properties":{"code":"74550","name":"Victoria Daly"}},
{"type":"Feature","geometry":{"type":"Polygon","coordinates":[[[130.767,-12.4475],[130.7675,-12.443],[130.7505,-12.429],[130.748,-12.4405],[130.767,-12.4475]]]},"properties":{"code":"74560","name":"Wagait"}},
{"type":"Feature","geometry":{"type":"MultiPolygon","coordinates":[[[[132.065,-12.303],[132.085,-12.3095],[132.08,-12.3315],[132.09,-12.354],[132.1115,-12.361],[132.02,-12.4765],[131.888,-12.5235],[131.888,-12.6145],[131.927,-12.6145],[131.927,-12.763],[131.9715,-12.763],[131.972,-12.921],[132.0735,-12.921],[132.0735,-13.1755],[131.879,-13.1755],[131.8885,-13.204],[131.908,-13.2325],[131.9095,-13.2745],[131.9365,-13.292],[131.938,-13.324],[131.9575,-13.352],[131.956,-13.3635],[131.9685,-13.3965],[131.964,-13.411],[131.9925,-13.4305],[132.0165,-13.4595],[132.0225,-13.4955],[132.0475,-13.526],[132.064,-13.5335],[132.1145,-13.5775],[132.1335,-13.6005],[132.1895,-13.5935],[132.2265,-13.605],[132.282,-13.642],[132.3065,-13.6405],[132.31,-13.665],[132.3265,-13.6735],[132.3265,-13.7205],[132.3495,-13.729],[132.356,-13.751],[132.3695,-13.7665],[132.365,-13.8085],[132.481,-13.8085],[132.481,-13.531],[132.421,-13.531],[132.421,-13.402],[132.7205,-13.4025],[132.999,-13.404],[132.999,-13.128],[133.9485,-13.1315],[134.205,-13.1315],[134.8415,-13.1355],[134.859,-13.097],[134.8855,-13.081],[134.9095,-13.0465],[134.9125,-13.025],[134.9345,-13],[134.9585,-13.0185],[134.986,-13.0255],[135,-13.0015],[135,-12.8835],[134.792,-12.8835],[134.7915,-12.5975],[134.7725,-12.562],[134.7665,-12.535],[134.7665,-12.2335],[134.806,-12.17],[134.8065,-12.109],[134.727,-12.069],[134.7235,-12.009],[134.761,-11.9525],[134.688,-11.9665],[134.657,-12.0155],[134.6045,-12.0505],[134.5695,-12.056],[134.5275,-12.068],[134.471,-12.0725],[134.4665,-12.065],[134.4195,-12.066],[134.3955,-12.0525],[134.3475,-12.0395],[134.308,-12.01],[134.2855,-11.983],[134.26,-11.989],[134.249,-12.003],[134.251,-12.037],[134.2275,-12.0415],[134.1935,-12.075],[134.189,-12.1045],[134.1755,-12.128],[134.163,-12.099],[134.179,-12.071],[134.1915,-12.032],[134.1735,-12.0025],[134.1555,-11.9925],[134.153,-11.9685],[134.1735,-11.961],[134.135,-11.9195],[134.133,-11.9025],[134.1035,-11.915],[134.096,-11.9285],[134.072,-11.934],[134.0775,-11.9085],[134.062,-11.887],[134.0645,-11.87],[134.039,-11.8555],[134.0055,-11.864],[133.98,-11.898],[133.916,-11.921],[133.914,-11.908],[133.8785,-11.911],[133.859,-11.8785],[133.843,-11.8805],[133.823,-11.8415],[133.8475,-11.8135],[133.863,-11.806],[133.8905,-11.813],[133.906,-11.7855],[133.9245,-11.7685],[133.919,-11.745],[133.901,-11.7545],[133.8565,-11.752],[133.837,-11.7235],[133.822,-11.73],[133.7945,-11.7255],[133.778,-11.741],[133.7735,-11.7625],[133.7395,-11.783],[133.6915,-11.7835],[133.6635,-11.8065],[133.664,-11.8195],[133.6395,-11.826],[133.6305,-11.837],[133.604,-11.8395],[133.605,-11.811],[133.5635,-11.8085],[133.538,-11.838],[133.5265,-11.871],[133.513,-11.863],[133.5285,-11.844],[133.5245,-11.822],[133.532,-11.812],[133.5345,-11.761],[133.5015,-11.782],[133.4795,-11.782],[133.4605,-11.8025],[133.437,-11.7745],[133.4065,-11.7785],[133.4135,-11.7595],[133.401,-11.733],[133.3705,-11.76],[133.3215,-11.771],[133.3075,-11.7395],[133.3165,-11.725],[133.341,-11.727],[133.3535,-11.7195],[133.35,-11.7015],[133.3355,-11.694],[133.298,-11.705],[133.262,-11.7295],[133.229,-11.733],[133.179,-11.7215],[133.157,-11.71],[133.1315,-11.6745],[133.1305,-11.6635],[133.1045,-11.6315],[133.1015,-11.6115],[133.069,-11.5495],[133.077,-11.525],[133.046,-11.5045],[133.0215,-11.465],[133.009,-11.4355],[132.9965,-11.425],[132.972,-11.4205],[132.934,-11.3645],[132.917,-11.332],[132.898,-11.3405],[132.8715,-11.3305],[132.865,-11.34],[132.8905,-11.3585],[132.909,-11.3855],[132.903,-11.4195],[132.883,-11.4295],[132.8585,-11.414],[132.8495,-11.3925],[132.827,-11.413],[132.808,-11.442],[132.788,-11.447],[132.7785,-11.47],[132.734,-11.518],[132.7115,-11.5235],[132.6595,-11.51],[132.6355,-11.471],[132.636,-11.4405],[132.6185,-11.408],[132.5855,-11.3955],[132.557,-11.366],[132.5475,-11.3425],[132.519,-11.345],[132.503,-11.2945],[132.5065,-11.272],[132.475,-11.251],[132.451,-11.218],[132.436,-11.212],[132.4145,-11.236],[132.422,-11.2495],[132.4065,-11.265],[132.399,-11.298],[132.373,-11.2905],[132.38,-11.2705],[132.383,-11.208],[132.3655,-11.194],[132.3575,-11.15],[132.336,-11.147],[132.3085,-11.1745],[132.294,-11.1665],[132.2655,-11.176],[132.275,-11.1995],[132.2655,-11.2145],[132.2825,-11.2325],[132.2825,-11.268],[132.2685,-11.266],[132.228,-11.1945],[132.195,-11.164],[132.194,-11.1435],[132.1835,-11.1285],[132.1445,-11.1345],[132.1425,-11.1535],[132.1625,-11.1615],[132.171,-11.1865],[132.2005,-11.2245],[132.1905,-11.241],[132.1985,-11.268],[132.1925,-11.2995],[132.228,-11.322],[132.2375,-11.34],[132.223,-11.3705],[132.191,-11.352],[132.1835,-11.365],[132.2015,-11.384],[132.207,-11.4145],[132.18,-11.4035],[132.167,-11.414],[132.146,-11.358],[132.1565,-11.3225],[132.1265,-11.3125],[132.1215,-11.3445],[132.0995,-11.3065],[132.1145,-11.288],[132.0965,-11.2625],[132.115,-11.2345],[132.0865,-11.2325],[132.067,-11.192],[132.049,-11.2005],[132.036,-11.191],[132.0185,-11.146],[132.0035,-11.128],[131.9815,-11.131],[131.9885,-11.1575],[131.983,-11.181],[131.962,-11.1795],[131.9875,-11.22],[131.965,-11.246],[131.932,-11.244],[131.9045,-11.216],[131.9025,-11.196],[131.879,-11.1855],[131.8685,-11.22],[131.8525,-11.214],[131.8295,-11.2335],[131.857,-11.2735],[131.8505,-11.2825],[131.8255,-11.2795],[131.81,-11.266],[131.7995,-11.298],[131.759,-11.302],[131.77,-11.324],[131.791,-11.324],[131.8395,-11.3145],[131.854,-11.296],[131.8715,-11.2965],[131.9,-11.313],[131.927,-11.337],[131.917,-11.357],[131.966,-11.343],[131.96,-11.3815],[131.9405,-11.397],[131.962,-11.411],[131.986,-11.402],[131.9865,-11.4225],[132.0115,-11.431],[132.043,-11.4215],[132.0605,-11.436],[132.049,-11.4595],[132.031,-11.4615],[132.042,-11.4915],[132.0565,-11.4975],[132.066,-11.524],[132.1065,-11.5315],[132.146,-11.517],[132.1495,-11.5035],[132.1725,-11.49],[132.195,-11.491],[132.211,-11.47],[132.238,-11.456],[132.304,-11.4655],[132.355,-11.4415],[132.4015,-11.455],[132.427,-11.4525],[132.461,-11.459],[132.474,-11.4775],[132.4985,-11.4895],[132.499,-11.5085],[132.5305,-11.5215],[132.5245,-11.544],[132.5545,-11.5555],[132.5355,-11.5815],[132.548,-11.6095],[132.596,-11.641],[132.5725,-11.6535],[132.5585,-11.6375],[132.5055,-11.6365],[132.503,-11.683],[132.5205,-11.689],[132.5385,-11.7175],[132.593,-11.73],[132.6255,-11.724],[132.617,-11.7605],[132.5965,-11.768],[132.5805,-11.7875],[132.5915,-11.803],[132.619,-11.8085],[132.636,-11.821],[132.649,-11.859],[132.6385,-11.945],[132.6185,-12.0185],[132.629,-12.087],[132.577,-12.106],[132.564,-12.093],[132.529,-12.1155],[132.483,-12.1375],[132.444,-12.1455],[132.416,-12.2015],[132.417,-12.2225],[132.3895,-12.2365],[132.353,-12.199],[132.334,-12.2015],[132.2785,-12.224],[132.2645,-12.203],[132.2625,-12.175],[132.2325,-12.176],[132.227,-12.1925],[132.1875,-12.2115],[132.173,-12.2115],[132.1555,-12.2385],[132.131,-12.259],[132.072,-12.291],[132.065,-12.303]]],[[[132.9905,-11.0785],[133.015,-11.0695],[132.9895,-11.0545],[132.9905,-11.0785]]],[[[132.9035,-11.1435],[132.88,-11.147],[132.8805,-11.1705],[132.9015,-11.16],[132.9035,-11.1435]]],[[[133.3595,-11.637],[133.358,-11.6655],[133.369,-11.682],[133.4015,-11.6615],[133.3855,-11.6395],[133.411,-11.626],[133.4175,-11.6355],[133.4455,-11.619],[133.481,-11.618],[133.473,-11.598],[133.408,-11.5855],[133.395,-11.6025],[133.3525,-11.623],[133.3595,-11.637]]],[[[133.391,-11.4955],[133.3985,-11.523],[133.4165,-11.5275],[133.439,-11.506],[133.453,-11.5165],[133.4925,-11.515],[133.4655,-11.4645],[133.4205,-11.4915],[133.391,-11.4955]]],[[[132.3365,-12.0935],[132.3665,-12.124],[132.3875,-12.139],[132.4115,-12.1385],[132.422,-12.1205],[132.415,-12.092],[132.4015,-12.076],[132.3775,-12.073],[132.3365,-12.0935]]],[[[132.5855,-11.1445],[132.601,-11.144],[132.603,-11.12],[132.598,-11.077],[132.585,-11.049],[132.5795,-11.0055],[132.598,-10.9755],[132.5695,-10.974],[132.557,-10.9935],[132.562,-11.027],[132.5425,-11.0445],[132.5035,-11.0585],[132.466,-11.032],[132.463,-11.04],[132.4825,-11.0705],[132.5135,-11.091],[132.508,-11.142],[132.477,-11.159],[132.5015,-11.1995],[132.5445,-11.255],[132.555,-11.3095],[132.569,-11.3305],[132.592,-11.331],[132.6,-11.3005],[132.6195,-11.287],[132.613,-11.2235],[132.6035,-11.2025],[132.6215,-11.1735],[132.593,-11.1795],[132.58,-11.162],[132.5855,-11.1445]]],[[[132.111,-11.6115],[132.1325,-11.628],[132.1495,-11.6045],[132.1355,-11.569],[132.1175,-11.574],[132.121,-11.597],[132.111,-11.6115]]],[[[132.3,-11.5935],[132.319,-11.5985],[132.3225,-11.576],[132.3045,-11.5635],[132.3,-11.5935]]]]},"properties":{"code":"74660","name":"West Arnhem"}},
{"type":"Feature","geometry":{"type":"Polygon","coordinates":[[[129.903,-14.7775],[129.951,-14.7815],[129.968,-14.8045],[130.005,-14.805],[130.0505,-14.7965],[130.0675,-14.8],[130.088,-14.784],[130.104,-14.795],[130.129,-14.796],[130.139,-14.7875],[130.1645,-14.814],[130.1875,-14.805],[130.192,-14.839],[130.2185,-14.869],[130.23,-14.8665],[130.2465,-14.8865],[130.2815,-14.8915],[130.3225,-14.878],[130.348,-14.88],[130.373,-14.8595],[130.3905,-14.8735],[130.4065,-14.853],[130.429,-14.85],[130.448,-14.877],[130.482,-14.8525],[130.52,-14.851],[130.5335,-14.8275],[130.546,-14.8395],[130.572,-14.8295],[130.6045,-14.826],[130.6275,-14.83],[130.643,-14.821],[130.6435,-14.664],[130.6435,-14.3695],[130.4115,-14.3695],[130.4115,-13.9745],[130.4115,-13.5005],[130.394,-13.4915],[130.3765,-13.4955],[130.3705,-13.46],[130.339,-13.4645],[130.285,-13.423],[130.323,-13.3695],[130.311,-13.3235],[130.2905,-13.308],[130.246,-13.2895],[130.2395,-13.282],[130.191,-13.394],[130.1625,-13.436],[130.1415,-13.457],[130.1175,-13.466],[130.1065,-13.4565],[130.067,-13.497],[130.0195,-13.529],[129.995,-13.5355],[129.9615,-13.536],[129.9285,-13.528],[129.901,-13.501],[129.9005,-13.46],[129.887,-13.449],[129.8695,-13.48],[129.8755,-13.4975],[129.827,-13.5155],[129.8325,-13.5565],[129.8185,-13.6055],[129.79,-13.667],[129.784,-13.72],[129.7915,-13.7285],[129.7855,-13.7635],[129.794,-13.7785],[129.7625,-13.8115],[129.74,-13.827],[129.7225,-13.848],[129.715,-13.8935],[129.7355,-13.8975],[129.7475,-13.919],[129.746,-13.975],[129.719,-14.015],[129.6555,-14.043],[129.6115,-14.0535],[129.595,-14.091],[129.571,-14.0815],[129.559,-14.0955],[129.5565,-14.142],[129.53,-14.1345],[129.5305,-14.114],[129.542,-14.09],[129.534,-14.057],[129.514,-14.0705],[129.498,-14.0605],[129.5025,-14.102],[129.4935,-14.131],[129.4725,-14.176],[129.422,-14.2325],[129.4095,-14.236],[129.4145,-14.2825],[129.3935,-14.317],[129.3665,-14.3395],[129.374,-14.3545],[129.3605,-14.3825],[129.3555,-14.419],[129.384,-14.42],[129.407,-14.4325],[129.418,-14.4585],[129.4335,-14.477],[129.45,-14.482],[129.451,-14.5035],[129.4735,-14.494],[129.4885,-14.502],[129.5145,-14.53],[129.5215,-14.547],[129.556,-14.5515],[129.567,-14.5625],[129.61,-14.568],[129.6695,-14.5805],[129.701,-14.5635],[129.7655,-14.543],[129.7725,-14.55],[129.741,-14.579],[129.7175,-14.584],[129.6925,-14.613],[129.632,-14.611],[129.585,-14.614],[129.581,-14.641],[129.598,-14.6745],[129.6175,-14.6785],[129.645,-14.7155],[129.6645,-14.726],[129.666,-14.7555],[129.6795,-14.767],[129.7345,-14.794],[129.7925,-14.777],[129.773,-14.798],[129.754,-14.803],[129.758,-14.8245],[129.7845,-14.827],[129.821,-14.818],[129.856,-14.786],[129.8835,-14.771],[129.903,-14.7775]]]},"properties":{"code":"74680","name":"West Daly"}},
{"type":"Feature","geometry":{"type":"MultiPolygon","coordinates":[[[[131.248,-12.2225],[131.2755,-12.243],[131.283,-12.2865],[131.293,-12.3045],[131.2725,-12.3285],[131.294,-12.372],[131.324,-12.3935],[131.313,-12.415],[131.319,-12.4295],[131.34,-12.4455],[131.3785,-12.491],[131.38,-12.512],[131.3965,-12.532],[131.38,-12.5715],[131.386,-12.59],[131.3785,-12.6105],[131.339,-12.6535],[131.3325,-12.6755],[131.28,-12.698],[131.2695,-12.724],[131.282,-12.7545],[131.2585,-12.7805],[131.2415,-12.779],[131.217,-12.809],[131.203,-12.8615],[131.2015,-12.882],[131.223,-12.9055],[131.2645,-12.9195],[131.269,-12.9525],[131.2785,-12.973],[131.2615,-12.984],[131.2485,-13.018],[131.251,-13.079],[131.234,-13.091],[131.236,-13.1235],[131.223,-13.1335],[131.2055,-13.167],[131.1845,-13.1965],[131.1845,-13.228],[131.1455,-13.228],[131.1255,-13.2455],[131.161,-13.276],[131.1865,-13.288],[131.1865,-13.331],[131.2235,-13.3475],[131.243,-13.349],[131.244,-13.489],[131.186,-13.489],[131.1855,-13.827],[131.146,-13.8435],[131.1675,-13.877],[131.1875,-13.862],[131.218,-13.872],[131.221,-13.8925],[131.2,-13.9225],[131.194,-13.9445],[131.196,-13.968],[131.2405,-14.005],[131.236,-14.0195],[131.2185,-14.023],[131.2105,-14.051],[131.2285,-14.0715],[131.25,-14.0705],[131.246,-14.091],[131.2825,-14.108],[131.3015,-14.1415],[131.3095,-14.1695],[131.3435,-14.153],[131.375,-14.1865],[131.4015,-14.1865],[131.4235,-14.2055],[131.417,-14.243],[131.4795,-14.243],[131.4795,-13.976],[131.5975,-13.976],[131.5965,-13.947],[131.5625,-13.947],[131.5625,-13.7685],[131.5865,-13.77],[131.563,-13.74],[131.563,-13.5505],[131.7125,-13.5495],[131.6835,-13.523],[131.652,-13.5055],[131.5925,-13.486],[131.4895,-13.4725],[131.4895,-13.4375],[131.4565,-13.4375],[131.456,-13.4105],[131.3525,-13.4105],[131.3525,-13.248],[131.688,-13.248],[131.8545,-13.248],[131.8545,-13.1755],[131.879,-13.1755],[132.0735,-13.1755],[132.0735,-12.921],[131.972,-12.921],[131.9715,-12.763],[131.927,-12.763],[131.927,-12.6145],[131.888,-12.6145],[131.888,-12.5235],[132.02,-12.4765],[132.1115,-12.361],[132.09,-12.354],[132.08,-12.3315],[132.085,-12.3095],[132.065,-12.303],[132.021,-12.2965],[131.9395,-12.273],[131.9175,-12.256],[131.916,-12.2445],[131.892,-12.2155],[131.871,-12.2165],[131.8305,-12.245],[131.7545,-12.274],[131.6815,-12.2845],[131.6015,-12.2835],[131.5405,-12.279],[131.4725,-12.2835],[131.445,-12.2805],[131.396,-12.264],[131.367,-12.245],[131.328,-12.2025],[131.314,-12.1675],[131.323,-12.147],[131.314,-12.138],[131.32,-12.089],[131.2995,-12.069],[131.297,-12.0425],[131.266,-12.079],[131.2705,-12.1075],[131.251,-12.136],[131.254,-12.163],[131.2325,-12.195],[131.231,-12.2145],[131.248,-12.2225]]],[[[130.2395,-13.282],[130.246,-13.2895],[130.2905,-13.308],[130.311,-13.3235],[130.323,-13.3695],[130.285,-13.423],[130.339,-13.4645],[130.3705,-13.46],[130.3765,-13.4955],[130.394,-13.4915],[130.4115,-13.5005],[130.4145,-13.485],[130.4385,-13.4715],[130.4645,-13.4835],[130.473,-13.515],[130.661,-13.5145],[130.661,-13.6095],[130.6945,-13.601],[130.6945,-13.583],[130.758,-13.583],[130.808,-13.526],[130.8315,-13.5265],[130.8405,-13.54],[130.863,-13.5375],[130.9045,-13.5015],[130.908,-13.4725],[130.921,-13.425],[130.933,-13.4115],[130.9935,-13.443],[131.0135,-13.4425],[131.0135,-13.2805],[131.098,-13.2805],[131.098,-13.2375],[131.076,-13.2335],[131.061,-13.19],[131.0305,-13.2085],[130.9805,-13.2085],[130.9605,-13.221],[130.951,-13.258],[130.934,-13.254],[130.9205,-13.2325],[130.9205,-13.2085],[130.9035,-13.199],[130.8915,-13.181],[130.889,-13.1515],[130.9305,-13.083],[130.9205,-13.071],[130.9255,-13.0415],[130.9115,-13.016],[130.889,-13.028],[130.889,-12.8595],[130.8895,-12.648],[130.8705,-12.621],[130.868,-12.6015],[130.843,-12.5675],[130.816,-12.558],[130.8,-12.5395],[130.781,-12.562],[130.7695,-12.527],[130.7785,-12.5095],[130.7575,-12.482],[130.767,-12.4475],[130.748,-12.4405],[130.7505,-12.429],[130.7675,-12.443],[130.753,-12.429],[130.726,-12.428],[130.7055,-12.414],[130.684,-12.416],[130.6545,-12.3945],[130.6175,-12.387],[130.5915,-12.404],[130.5875,-12.4255],[130.6085,-12.4295],[130.6175,-12.4435],[130.5805,-12.4655],[130.604,-12.488],[130.5885,-12.5015],[130.566,-12.5665],[130.585,-12.59],[130.606,-12.605],[130.5805,-12.6225],[130.546,-12.6295],[130.5735,-12.652],[130.5845,-12.6805],[130.597,-12.671],[130.6225,-12.6725],[130.6335,-12.6865],[130.654,-12.692],[130.683,-12.717],[130.641,-12.7125],[130.609,-12.723],[130.5835,-12.719],[130.5545,-12.7025],[130.536,-12.7135],[130.52,-12.7035],[130.509,-12.6645],[130.492,-12.6675],[130.4595,-12.6385],[130.434,-12.636],[130.396,-12.661],[130.3965,-12.68],[130.3645,-12.6775],[130.352,-12.6705],[130.3465,-12.715],[130.356,-12.735],[130.353,-12.7955],[130.3585,-12.807],[130.3325,-12.895],[130.261,-12.942],[130.2225,-12.949],[130.176,-12.9105],[130.159,-12.929],[130.141,-12.9335],[130.129,-12.9665],[130.1395,-13.0065],[130.1295,-13.0335],[130.12,-13.089],[130.134,-13.1045],[130.119,-13.1335],[130.116,-13.164],[130.1305,-13.1765],[130.1605,-13.175],[130.2155,-13.236],[130.2395,-13.282]],[[130.694,-12.5675],[130.6535,-12.567],[130.6535,-12.509],[130.713,-12.509],[130.713,-12.5675],[130.694,-12.5675]]],[[[130.9305,-25.265],[131.0095,-25.265],[131.0095,-25.1485],[130.9305,-25.1485],[130.9305,-25.265]]],[[[130.0195,-13.1755],[130.054,-13.1775],[130.075,-13.171],[130.0575,-13.152],[130.03,-13.153],[130.0195,-13.1755]]],[[[130.866,-12.4405],[130.8565,-12.451],[130.892,-12.475],[130.926,-12.483],[130.9365,-12.4715],[130.9385,-12.4385],[130.931,-12.436],[130.9275,-12.4465],[130.9025,-12.451],[130.866,-12.4405]]],[[[131.0325,-12.0585],[131.058,-12.05],[131.051,-12.0305],[131.0235,-12.036],[131.002,-12.0515],[131.0325,-12.0585]]],[[[131.046,-12.094],[131.0235,-12.0995],[131.011,-12.1235],[131.0305,-12.13],[131.059,-12.1265],[131.065,-12.105],[131.046,-12.094]]],[[[130.518,-12.569],[130.485,-12.584],[130.495,-12.5965],[130.4875,-12.625],[130.499,-12.6455],[130.524,-12.662],[130.5235,-12.6965],[130.542,-12.681],[130.52,-12.6535],[130.503,-12.6065],[130.519,-12.588],[130.518,-12.569]]],[[[131.0685,-12.072],[131.106,-12.0755],[131.125,-12.0555],[131.0985,-12.0525],[131.0685,-12.072]]],[[[131.0805,-12.0165],[131.1045,-12.0235],[131.133,-12.017],[131.127,-12.001],[131.0805,-12.0165]]]]},"properties":{"code":"79399","name":"Unincorporated NT"}},
{"type":"Feature","geometry":{"type":"Polygon","coordinates":[[[148.8035,-35.317],[148.7935,-35.339],[148.8085,-35.3825],[148.786,-35.409],[148.789,-35.4265],[148.775,-35.442],[148.763,-35.4955],[148.773,-35.568],[148.789,-35.5885],[148.769,-35.6045],[148.7835,-35.6285],[148.7735,-35.6555],[148.7985,-35.667],[148.7885,-35.698],[148.804,-35.714],[148.828,-35.726],[148.8345,-35.7405],[148.8605,-35.753],[148.864,-35.734],[148.8865,-35.719],[148.894,-35.7515],[148.8965,-35.818],[148.908,-35.851],[148.9585,-35.8915],[149.0125,-35.8995],[149.049,-35.92],[149.0615,-35.88],[149.0865,-35.848],[149.1005,-35.8145],[149.0905,-35.7655],[149.1095,-35.6965],[149.095,-35.677],[149.0975,-35.6475],[149.0875,-35.6395],[149.078,-35.5865],[149.1255,-35.5875],[149.138,-35.5795],[149.1325,-35.549],[149.15,-35.511],[149.151,-35.491],[149.135,-35.4535],[149.147,-35.414],[149.1835,-35.3795],[149.2045,-35.348],[149.247,-35.331],[149.2845,-35.3375],[149.3,-35.333],[149.3365,-35.3395],[149.35,-35.351],[149.397,-35.3245],[149.3835,-35.3065],[149.3505,-35.2995],[149.3155,-35.276],[149.2715,-35.271],[149.2345,-35.2405],[149.2385,-35.222],[149.214,-35.2195],[149.2005,-35.2055],[149.1835,-35.1755],[149.1625,-35.154],[149.1645,-35.142],[149.121,-35.1245],[148.81,-35.3075],[148.8035,-35.317]]]},"properties":{"code":"89399","name":"Unincorporated ACT"}},
{"type":"Feature","geometry":{"type":"MultiPolygon","coordinates":[[[[150.5945,-35.184],[150.6205,-35.1695],[150.646,-35.164],[150.6825,-35.1655],[150.6965,-35.183],[150.739,-35.18],[150.7605,-35.163],[150.765,-35.1395],[150.7395,-35.137],[150.702,-35.123],[150.6615,-35.118],[150.638,-35.146],[150.6075,-35.1435],[150.5945,-35.184]]],[[[167.933,-29.054],[167.985,-29.056],[167.9945,-29.03],[167.943,-29.0025],[167.9195,-29.0015],[167.919,-29.0345],[167.933,-29.054]]]]},"properties":{"code":"99399","name":"Unincorp. Other Territories"}}
]}